txn_id,date,property,trade,account,account_source,amount_cents,payee,description,paid_from,paid_from_source,source,docId,doc_url,link_kind,match,old_tab,old_block,old_sheet_row,flags,correction,skip,business_purpose,attendee
migration-20260107-33a4981f1b8f,2026-01-07,OVERHEAD,,6510,block map (read said a property account),4111,Home Depot,Respirator,PAUL,read,migration,gm-19bae80800798f37,https://drive.google.com/file/d/1ZVDEqXlk7twrRuzyK-JsTl3VhzsqLH7I/view?usp=drivesdk,drive,strong,RECAST BIZ,Tools,,,,,,
migration-20260107-a71bfa98aaa0,2026-01-07,OVERHEAD,,6510,read,8552,Home Depot,Rigid Drill,PAUL,read,migration,gm-19bae80800798f37,https://drive.google.com/file/d/1ZVDEqXlk7twrRuzyK-JsTl3VhzsqLH7I/view?usp=drivesdk,drive,strong,RECAST BIZ,Tools,,,,,,
migration-20260107-596d697e5967,2026-01-07,OVERHEAD,,6510,read,530,Home Depot,Adjustable Wrenches,PAUL,read,migration,gm-19bae80800798f37,https://drive.google.com/file/d/1ZVDEqXlk7twrRuzyK-JsTl3VhzsqLH7I/view?usp=drivesdk,drive,strong,RECAST BIZ,Tools,,,,,,
migration-20260107-4ea267a6e379,2026-01-07,OVERHEAD,,6510,read,1837,Home Depot,Pliers,PAUL,read,migration,gm-19bae80800798f37,https://drive.google.com/file/d/1ZVDEqXlk7twrRuzyK-JsTl3VhzsqLH7I/view?usp=drivesdk,drive,strong,RECAST BIZ,Tools,,,,,,
migration-20260107-9e4b687cc914,2026-01-07,OVERHEAD,,6510,read,3244,Home Depot,Tape Measure,PAUL,read,migration,gm-19bae80800798f37,https://drive.google.com/file/d/1ZVDEqXlk7twrRuzyK-JsTl3VhzsqLH7I/view?usp=drivesdk,drive,strong,RECAST BIZ,Tools,,,,,,
migration-20260107-81ce627b324a,2026-01-07,OVERHEAD,,6510,read,2703,Home Depot,Dewalt Drill Bits,PAUL,read,migration,gm-19bae80800798f37,https://drive.google.com/file/d/1ZVDEqXlk7twrRuzyK-JsTl3VhzsqLH7I/view?usp=drivesdk,drive,strong,RECAST BIZ,Tools,,,,,,
migration-20260107-a5a43dc97bb3,2026-01-07,OVERHEAD,,6510,read,1611,Home Depot,Utility Knives,PAUL,read,migration,gm-19bae80800798f37,https://drive.google.com/file/d/1ZVDEqXlk7twrRuzyK-JsTl3VhzsqLH7I/view?usp=drivesdk,drive,strong,RECAST BIZ,Tools,,,,,,
migration-20260107-151a616ca778,2026-01-07,OVERHEAD,,6510,read,1945,Home Depot,Flatbar,PAUL,read,migration,gm-19bae80800798f37,https://drive.google.com/file/d/1ZVDEqXlk7twrRuzyK-JsTl3VhzsqLH7I/view?usp=drivesdk,drive,strong,RECAST BIZ,Tools,,,,,,
migration-20260107-1d95c1bba55a,2026-01-07,OVERHEAD,,6510,read,1621,Home Depot,Pliers,PAUL,read,migration,gm-19bae80800798f37,https://drive.google.com/file/d/1ZVDEqXlk7twrRuzyK-JsTl3VhzsqLH7I/view?usp=drivesdk,drive,strong,RECAST BIZ,Tools,,,,,,
migration-20260107-c2916a76e72a,2026-01-07,OVERHEAD,,6510,read,2162,Home Depot,Screwdrivers,PAUL,read,migration,gm-19bae80800798f37,https://drive.google.com/file/d/1ZVDEqXlk7twrRuzyK-JsTl3VhzsqLH7I/view?usp=drivesdk,drive,strong,RECAST BIZ,Tools,,,,,,
migration-20260107-430f02d9c032,2026-01-07,OVERHEAD,,6510,read,2163,Home Depot,Bin/Tote,PAUL,read,migration,gm-19bae80800798f37,https://drive.google.com/file/d/1ZVDEqXlk7twrRuzyK-JsTl3VhzsqLH7I/view?usp=drivesdk,drive,strong,RECAST BIZ,Tools,,,,,,
migration-20260108-c50f3fce42a4,2026-01-08,OVERHEAD,,6510,block map (read said a property account),2377,Home Depot,J Hook Straps,PAUL,read,migration,gm-19b9ef373c8332d3,https://mail.google.com/mail/u/0/#all/19b9ef373c8332d3,gmail,strong,RECAST BIZ,Tools,,,,,,
migration-20260111-aa1c70ae12ce,2026-01-11,OVERHEAD,,6510,block map (read said a property account),1404,Home Depot,Drill Bit,PAUL,read,migration,gm-19badcf888c0b1cb,https://drive.google.com/file/d/18kwSM9i62HT2pKEvr0gnuCMlvVbSj008/view?usp=drivesdk,drive,strong,RECAST BIZ,Tools,,,,,,
migration-20260111-926c0047e2c8,2026-01-11,OVERHEAD,,6510,block map (read said a property account),2378,Home Depot,Flush Saw,PAUL,read,migration,gm-19badcf888c0b1cb,https://drive.google.com/file/d/18kwSM9i62HT2pKEvr0gnuCMlvVbSj008/view?usp=drivesdk,drive,strong,RECAST BIZ,Tools,,,,,,
migration-20260111-ff205b3e7609,2026-01-11,OVERHEAD,,6510,block map (read said a property account),1404,Home Depot,Drill Bit,PAUL,read,migration,gm-19badcf888c0b1cb,https://drive.google.com/file/d/18kwSM9i62HT2pKEvr0gnuCMlvVbSj008/view?usp=drivesdk,drive,strong,RECAST BIZ,Tools,,,,,,
migration-20260111-1599818ce2a3,2026-01-11,OVERHEAD,,6510,block map (read said a property account),3137,Home Depot,Bin/Tote,PAUL,read,migration,gm-19badcf888c0b1cb,https://drive.google.com/file/d/18kwSM9i62HT2pKEvr0gnuCMlvVbSj008/view?usp=drivesdk,drive,strong,RECAST BIZ,Tools,,,,,,
migration-20260111-f5678317a89c,2026-01-11,OVERHEAD,,6510,block map (read said a property account),515,Amazon,GRK bits,PAUL,read,migration,gm-19c01b7410af7c7f,https://mail.google.com/mail/u/0/#all/19c01b7410af7c7f,gmail,strong,RECAST BIZ,Tools,,,,,,
migration-20260114-ba70c18d6fa6,2026-01-14,OVERHEAD,,6510,block map (read said a property account),1079,Home Depot,Allen Wrenches,PAUL,read,migration,gm-19bbd41a87b2b698,https://mail.google.com/mail/u/0/#all/19bbd41a87b2b698,gmail,strong,RECAST BIZ,Tools,,,,,,
migration-20260114-3c16a6601509,2026-01-14,OVERHEAD,,6510,read,1296,Home Depot,Drywall Saw,PAUL,read,migration,gm-19bbe38eb7de0851,https://drive.google.com/file/d/1DKVgGuAINmJq1a8PIO6g8kf9HDgink_z/view?usp=drivesdk,drive,strong,RECAST BIZ,Tools,,,,,,
migration-20260115-3dee7a4be097,2026-01-15,OVERHEAD,,6510,block map (read said a property account),21542,Home Depot,Milwaulkie Drill,PAUL,read,migration,gm-19bc2ac9659bedac,https://drive.google.com/file/d/1nphP8iGvvw2ts4HMcQe1-QtT1B9z3VKk/view?usp=drivesdk,drive,strong,RECAST BIZ,Tools,,,,,,
migration-20260115-06121796f8d7,2026-01-15,OVERHEAD,,6510,block map (read said a property account),863,Home Depot,Forsner Bit,PAUL,read,migration,gm-19bc2ac9659bedac,https://drive.google.com/file/d/1nphP8iGvvw2ts4HMcQe1-QtT1B9z3VKk/view?usp=drivesdk,drive,strong,RECAST BIZ,Tools,,,,,,
migration-20260115-342132e7c830,2026-01-15,OVERHEAD,,6510,block map (read said a property account),734,Home Depot,Mag Bit,PAUL,read,migration,gm-19bc2775a6872115,https://drive.google.com/file/d/1acVtswFO50RlOSwOYQKl42vmBcozM4os/view?usp=drivesdk,drive,strong,RECAST BIZ,Tools,,,,,,
migration-20260120-39794d938814,2026-01-20,OVERHEAD,,6510,block map (read said a property account),16998,Amazon,Space Heaters,PAUL,D-026.2 (before August),migration,gm-19c01f6e481c14ce,https://mail.google.com/mail/u/0/#all/19c01f6e481c14ce,gmail,strong,RECAST BIZ,Tools,,,,,,
migration-20260210-59716f28100f,2026-02-10,OVERHEAD,,6510,block map (read said a property account),484,Home Depot,1/2 wire pipe brush,PAUL,read,migration,gm-19c488e7c2b56593,https://drive.google.com/file/d/1DKM42Kn2v0aYUyOxH7gYQM0cCdCY4j_C/view?usp=drivesdk,drive,strong,RECAST BIZ,Tools,,,,,,
migration-20260210-06c3779b3bb6,2026-02-10,OVERHEAD,,6510,block map (read said a property account),1729,Home Depot,1/2 pipe cutter,PAUL,read,migration,gm-19c488e7c2b56593,https://drive.google.com/file/d/1DKM42Kn2v0aYUyOxH7gYQM0cCdCY4j_C/view?usp=drivesdk,drive,strong,RECAST BIZ,Tools,,,,,,
migration-20260210-ae3aa111defe,2026-02-10,OVERHEAD,,6510,block map (read said a property account),3137,Home Depot,Bin/tote,PAUL,read,migration,gm-19c488e7c2b56593,https://drive.google.com/file/d/1DKM42Kn2v0aYUyOxH7gYQM0cCdCY4j_C/view?usp=drivesdk,drive,strong,RECAST BIZ,Tools,,,,,,
migration-20260210-1c585429dfc0,2026-02-10,OVERHEAD,,6510,block map (read said a property account),2596,Lowes,Tape Measure,PAUL,read,migration,gm-19cf79150281a75a,https://drive.google.com/file/d/1a0DTuwV1XP-1DnlEIGKsY6gJ2GtCfNFI/view?usp=drivesdk,drive,strong,RECAST BIZ,Tools,,,,,,
migration-20260212-35aff6e03952,2026-02-12,OVERHEAD,,6510,read,2488,Home Depot,Shovel,PAUL,read,migration,gm-19c529f443b9a66e,https://mail.google.com/mail/u/0/#all/19c529f443b9a66e,gmail,strong,RECAST BIZ,Tools,,,,,,
migration-20260213-5859bba71694,2026-02-13,OVERHEAD,,6510,block map (read said a property account),13964,Home Depot,Miter Saw Stand,PAUL,read,migration,gm-19c576d1036e4a39,https://drive.google.com/file/d/1deGUzi8y68f1aSrD8FP3YYWyuViEaNoI/view?usp=drivesdk,drive,strong,RECAST BIZ,Tools,,,,,,
migration-20260214-c3f1697bae4b,2026-02-14,OVERHEAD,,6510,read,24789,Home Depot,Saw,PAUL,read,migration,gm-19c5d297b5829e55,https://drive.google.com/file/d/1d7L_wzfiuV5TXD1bFSEh-si0uuSZ46y2/view?usp=drivesdk,drive,strong,RECAST BIZ,Tools,,,,,,
migration-20260214-999dc1239433,2026-02-14,OVERHEAD,,6510,read,4110,Home Depot,Ram Set Driver,PAUL,read,migration,gm-19c5d297b5829e55,https://drive.google.com/file/d/1d7L_wzfiuV5TXD1bFSEh-si0uuSZ46y2/view?usp=drivesdk,drive,strong,RECAST BIZ,Tools,,,,,,
migration-20260215-68f8abc52834,2026-02-15,OVERHEAD,,6510,read,1188,Home Depot,Saw Blade,PAUL,read,migration,gm-19c66a1cdb487a56,https://drive.google.com/file/d/1LWOHxyo0yarxeZRyUfHTkNcRJF-6NklW/view?usp=drivesdk,drive,strong,RECAST BIZ,Tools,,,,,,
migration-20260216-678771dda3c4,2026-02-16,OVERHEAD,,6510,read,5951,Home Depot,Saw Horses,PAUL,read,migration,gm-19c66a1cdb487a56,https://drive.google.com/file/d/1LWOHxyo0yarxeZRyUfHTkNcRJF-6NklW/view?usp=drivesdk,drive,strong,RECAST BIZ,Tools,,,,,,
migration-20260216-9d5f6b42fca4,2026-02-16,OVERHEAD,,6510,block map (read said a property account),2375,Home Depot,Scrapers,PAUL,read,migration,gm-19caba0d41d86d9b,https://mail.google.com/mail/u/0/#all/19caba0d41d86d9b,gmail,strong,RECAST BIZ,Tools,,,,,,
migration-20260216-72564202c851,2026-02-16,OVERHEAD,,6510,block map (read said a property account),1081,Harbor Freight,Masonary Drill Bits,PAUL,read,migration,gm-19c678226649aa40,https://mail.google.com/mail/u/0/#all/19c678226649aa40,gmail,strong,RECAST BIZ,Tools,,,,,,
migration-20260216-e152bcf72cfa,2026-02-16,OVERHEAD,,6510,block map (read said a property account),2164,Harbor Freight,Wire Strippers,PAUL,read,migration,gm-19c678226649aa40,https://mail.google.com/mail/u/0/#all/19c678226649aa40,gmail,strong,RECAST BIZ,Tools,,,,,,
migration-20260216-03e00eba70f7,2026-02-16,OVERHEAD,,6510,block map (read said a property account),3462,Harbor Freight,Roto Hammer Bits,PAUL,read,migration,gm-19c678226649aa40,https://mail.google.com/mail/u/0/#all/19c678226649aa40,gmail,strong,RECAST BIZ,Tools,,,,,,
migration-20260216-4af9f8e28f91,2026-02-16,OVERHEAD,,6510,block map,12448,Harbor Freight,Roto Hammer Drill,PAUL,D-026.2 (before August),migration,,,,weak,RECAST BIZ,Tools,,WEAK_MATCH_UNCONFIRMED,,,,
migration-20260216-5004ecf7791c,2026-02-16,OVERHEAD,,6510,block map (read said a property account),4329,Harbor Freight,Stapler,PAUL,read,migration,gm-19c678226649aa40,https://mail.google.com/mail/u/0/#all/19c678226649aa40,gmail,strong,RECAST BIZ,Tools,,,,,,
migration-20260216-f421999922d3,2026-02-16,OVERHEAD,,6510,block map (read said a property account),2705,Harbor Freight,Extension Cord,PAUL,read,migration,gm-19c678226649aa40,https://mail.google.com/mail/u/0/#all/19c678226649aa40,gmail,strong,RECAST BIZ,Tools,,,,,,
migration-20260217-bc6dc529a566,2026-02-17,OVERHEAD,,6510,block map (read said a property account),265,Home Depot,Shark Bite Tool,PAUL,read,migration,gm-19caba0d41d86d9b,https://mail.google.com/mail/u/0/#all/19caba0d41d86d9b,gmail,strong,RECAST BIZ,Tools,,,,,,
migration-20260217-92f64508f50f,2026-02-17,OVERHEAD,,6510,block map (read said a property account),1296,Home Depot,Tub Drain Wrench,PAUL,read,migration,gm-19c6be8d0bd458c9,https://drive.google.com/file/d/1ABT-SXtJzBn3B68By2GfyyIEM0lf-6IY/view?usp=drivesdk,drive,strong,RECAST BIZ,Tools,,,,,,
migration-20260218-39295bde44f6,2026-02-18,OVERHEAD,,6510,block map (read said a property account),1946,Home Depot,Speed Square,PAUL,read,migration,gm-19c7092d542413e0,https://drive.google.com/file/d/1ZaeV34-njGwfksiujmaF7ZrC-ABFg6bA/view?usp=drivesdk,drive,strong,RECAST BIZ,Tools,,,,,,
migration-20260218-86d0b224f1f7,2026-02-18,OVERHEAD,,6510,block map (read said a property account),1296,Home Depot,Adjustable Square,PAUL,read,migration,gm-19c6be8d0bd458c9,https://drive.google.com/file/d/1ABT-SXtJzBn3B68By2GfyyIEM0lf-6IY/view?usp=drivesdk,drive,strong,RECAST BIZ,Tools,,,,,,
migration-20260219-5efb3d9f0c84,2026-02-19,OVERHEAD,,6510,block map (read said a property account),3137,Home Depot,Bin/Tote,PAUL,read,migration,gm-19c768d3b6197026,https://drive.google.com/file/d/1981pmNyhpzmog5-cgUGTTb3rjMxSE14Q/view?usp=drivesdk,drive,strong,RECAST BIZ,Tools,,,,,,
migration-20260219-52e1e2560cf4,2026-02-19,OVERHEAD,,6510,block map (read said a property account),2378,Home Depot,Utiliy Knives,PAUL,read,migration,gm-19c768d3b6197026,https://drive.google.com/file/d/1981pmNyhpzmog5-cgUGTTb3rjMxSE14Q/view?usp=drivesdk,drive,strong,RECAST BIZ,Tools,,,,,,
migration-20260220-ef343b614d66,2026-02-20,OVERHEAD,,6510,block map (read said a property account),1729,Home Depot,Pipe cutter,PAUL,read,migration,gm-19c7bb272d77da5a,https://drive.google.com/file/d/10cINuDYio3iwttUc8IRW1OR-px6sXc6V/view?usp=drivesdk,drive,strong,RECAST BIZ,Tools,,,,,,
migration-20260302-af80a6a046d9,2026-03-02,OVERHEAD,,6510,read,2270,Home Depot,Hole Punches,PAUL,read,migration,gm-19caf33c58069d0d,https://mail.google.com/mail/u/0/#all/19caf33c58069d0d,gmail,strong,RECAST BIZ,Tools,,,,,,
migration-20260302-b7cb167c289e,2026-03-02,OVERHEAD,,6510,read,19699,Home Depot,Sunp Pump & Hose,PAUL,read,migration,gm-19caf33c58069d0d,https://mail.google.com/mail/u/0/#all/19caf33c58069d0d,gmail,strong,RECAST BIZ,Tools,,,,,,
migration-20260311-bd62583452ed,2026-03-11,OVERHEAD,,6510,read,2921,Home Depot,Tool Bag,PAUL,read,migration,gm-19cde962bea0354f,https://drive.google.com/file/d/1gZA5gdGfSyjnCAn3lTYWXoJzuRYOiYSk/view?usp=drivesdk,drive,strong,RECAST BIZ,Tools,,,,,,
migration-20260312-6b0ba62776b2,2026-03-12,OVERHEAD,,6510,block map (read said a property account),62569,Home Depot,Finish Nailer & Charger,PAUL,read,migration,gm-19ce39f32dd9c9c0,https://mail.google.com/mail/u/0/#all/19ce39f32dd9c9c0,gmail,strong,RECAST BIZ,Tools,,,,,,
migration-20260315-c221afa155c0,2026-03-15,OVERHEAD,,6510,block map (read said a property account),10496,Home Depot,Tool Bags,PAUL,read,migration,gm-19cf2444d6efb00f,https://drive.google.com/file/d/1-edI43EIwShtWAM_tngrOn0saxuC1osZ/view?usp=drivesdk,drive,strong,RECAST BIZ,Tools,,,,,,
migration-20260315-199724b3892a,2026-03-15,OVERHEAD,,6510,block map (read said a property account),7033,Home Depot,Sander,PAUL,read,migration,gm-19cf2444d6efb00f,https://drive.google.com/file/d/1-edI43EIwShtWAM_tngrOn0saxuC1osZ/view?usp=drivesdk,drive,strong,RECAST BIZ,Tools,,,,,,
migration-20260315-2370fc13957a,2026-03-15,OVERHEAD,,6510,read,1405,Lowes,Level,PAUL,read,migration,gm-19cf25c0bd386e41,https://drive.google.com/file/d/1EOC-K7bCn9ly0b-UN91I1rAM00bWOM8F/view?usp=drivesdk,drive,strong,RECAST BIZ,Tools,,,,,,
migration-20260319-6f2cfec4b22d,2026-03-19,OVERHEAD,,6510,read,40267,Harbor Frieght,Pressure Washer ,PAUL,read,migration,gm-19d0639545d977c3,https://drive.google.com/file/d/1iqjFaIDnQkB7N4l6EgQX2iQ7f6r03qAc/view?usp=drivesdk,drive,strong,RECAST BIZ,Tools,,,,,,
migration-20260401-3f2aaa8ce508,2026-04-01,OVERHEAD,,6510,block map (read said a property account),9634,Home Depot,Angle Grinder,PAUL,read,migration,gm-19d4918fa3edc702,https://drive.google.com/file/d/1DQUzfVhHrQ-KzJy5jqxXXLbJpVT687ld/view?usp=drivesdk,drive,strong,RECAST BIZ,Tools,,,,,,
migration-20260401-5adc9fe512de,2026-04-01,OVERHEAD,,6510,block map,2108,Home Depot,Drill bits,PAUL,D-026.2 (before August),migration,,,,weak,RECAST BIZ,Tools,,WEAK_MATCH_UNCONFIRMED,,,,
migration-20260403-e62fa68f250b,2026-04-03,OVERHEAD,,6510,read,8225,Harbor Frieght,Circ Saw,PAUL,read,migration,gm-19d5372eebc4fd19,https://drive.google.com/file/d/1Vt1g-ESBEqheSw31JlR1t3btoUiHeeps/view?usp=drivesdk,drive,strong,RECAST BIZ,Tools,,,,,,
migration-20260405-ad83542064da,2026-04-05,OVERHEAD,,6510,block map,5409,Home Depot,Drill Bit,PAUL,D-026.2 (before August),migration,,,,weak,RECAST BIZ,Tools,,WEAK_MATCH_UNCONFIRMED,,,,
migration-20260409-261bd5aa2681,2026-04-09,OVERHEAD,,6510,block map (read said a property account),1729,Home Depot,Wire Strippers,PAUL,read,migration,gm-19d7301fafc82a83,https://drive.google.com/file/d/1oVwucDJ4e1Y9iN6uDeSYUKUG_4c3gHI9/view?usp=drivesdk,drive,strong,RECAST BIZ,Tools,,,,,,
migration-20260413-a09efe9e1ca5,2026-04-13,OVERHEAD,,6510,read,12698,Home Depot,Jig Saw,PAUL,read,migration,gm-19d89042467353f7,https://drive.google.com/file/d/1IYKKZJiS-O81vaHOwwtZ0vL9LJLtotrV/view?usp=drivesdk,drive,strong,RECAST BIZ,Tools,,,,,,
migration-20260616-ef8fb1d7e3d1,2026-06-16,OVERHEAD,,6510,block map (read said a property account),15047,The Home Depot,Router,PAUL,read,migration,gm-19ed8190a6945042,https://mail.google.com/mail/u/0/#all/19ed8190a6945042,gmail,strong,RECAST BIZ,Tools,,,,,,
migration-20260616-2e0a3b5b94a5,2026-06-16,OVERHEAD,,6510,block map (read said a property account),3028,The Home Depot,Router Bit Set,PAUL,read,migration,gm-19ed8190a6945042,https://mail.google.com/mail/u/0/#all/19ed8190a6945042,gmail,strong,RECAST BIZ,Tools,,,,,,
migration-20260616-ec221bbc1127,2026-06-16,OVERHEAD,,6510,block map (read said a property account),4760,The Home Depot,Hole Saw,PAUL,read,migration,gm-19ed8190a6945042,https://mail.google.com/mail/u/0/#all/19ed8190a6945042,gmail,strong,RECAST BIZ,Tools,,,,,,
migration-20260617-3be54888ea29,2026-06-17,OVERHEAD,,6510,read,2920,The Home Depot,Hole Saw Bit,PAUL,read,migration,gm-19ed8195997d06ad,https://drive.google.com/file/d/1RJK6W8exngKBTL9dhJVHUWLaJtJdP2ft/view?usp=drivesdk,drive,strong,RECAST BIZ,Tools,,,,,,
migration-20260617-4f1944a7ff6e,2026-06-17,OVERHEAD,,6510,read,2921,The Home Depot,Tool Bag,PAUL,read,migration,gm-19ed8195997d06ad,https://drive.google.com/file/d/1RJK6W8exngKBTL9dhJVHUWLaJtJdP2ft/view?usp=drivesdk,drive,strong,RECAST BIZ,Tools,,,,,,
migration-20260617-fd8e2760a753,2026-06-17,OVERHEAD,,6510,block map (read said a property account),1837,The Home Depot,Screwdrivers,PAUL,read,migration,gm-19edc17308bcd897,https://mail.google.com/mail/u/0/#all/19edc17308bcd897,gmail,strong,RECAST BIZ,Tools,,,,,,
migration-20260629-66ef2be7fb66,2026-06-29,OVERHEAD,,6510,block map,2703,The Home Depot,"CHANNELLOCK 12"" TONGUE & GROOVE PLIER",PAUL,D-026.2 (before August),migration,,,,weak,RECAST BIZ,Tools,,WEAK_MATCH_UNCONFIRMED,,,,
migration-20260807-58b7e6d5d150,2026-08-07,OVERHEAD,,6510,read,16129,The Home Depot,Milwaukee M12 FUEL Wet/Dry Vacuum (SKU 045242568116),PAUL,read,migration,gm-19fdce59eb5592c7,https://drive.google.com/file/d/11_r8UguQ_2I-0CPP2xYdlMNjdA_2TF8f/view?usp=drivesdk,drive,id,RECAST BIZ,Tools,,,,,,
migration-20260810-5523e076500c,2026-08-10,OVERHEAD,,6510,read,21542,The Home Depot,MKE M18 FUEL PACKOUT WET/DRY VAC (Milwaukee M18 Fuel Packout wet/dry vacuum),PAUL,read,migration,gm-19fece1687a92b8b,https://drive.google.com/file/d/1vSuJAmWFfYkTXXrvyrlqQCG0pdS2Ow2v/view?usp=drivesdk,drive,id,RECAST BIZ,Tools,,,,,,
migration-20260810-0dce5d3b95ab,2026-08-10,OVERHEAD,,6510,read,1623,Harbor Freight,HERCULES 4-1/2 in. 24T General-Purpose Circular Saw Blade (item 72739),PAUL,read,migration,gm-19fecb581cba0200,https://mail.google.com/mail/u/0/#all/19fecb581cba0200,gmail,id,RECAST BIZ,Tools,,,,,,
migration-20260814-7066a485f653,2026-08-14,OVERHEAD,,6510,read,24789,The Home Depot,"Milwaukee M18 FUEL 6-1/2 in. Circular Saw (tool only, 045242852208)",PAUL,read,migration,gm-1a00080f119b0d42,https://drive.google.com/file/d/1kLbC8h2_6rnyFgWrQCALNkmpnAm7xhQi/view?usp=drivesdk,drive,id,RECAST BIZ,Tools,,,,,,
migration-20260902-72434830e215,2026-09-02,OVERHEAD,,6510,read,15805,The Home Depot,Husky 2-Tier Plastic 4-Wheeled Service Cart in Black (SKU 1000005206) incl. $7.0,PAUL,Paul: 2026-09-18: the other 33 August-onward rows with no payer - 'all personal card ending in 9166',migration,gm-1a0637f9de324f8d,https://mail.google.com/mail/u/0/#all/1a0637f9de324f8d,gmail,id,RECAST BIZ,Tools,,,,,,
migration-20260905-dd7f869113fe,2026-09-05,OVERHEAD,,6510,read,6493,"Lowe's Home Centers, LLC","KB 55-PC 3/8-INDR MECH SE (Kobalt 55-piece 3/8-in drive mechanic's tool set, ite",PAUL,read,migration,gm-1a07217d8a060601,https://drive.google.com/file/d/1FjVZ5D6i_SUK6LNfqMc2x1LdNofl2sQb/view?usp=drivesdk,drive,id,RECAST BIZ,Tools,,,,,,
migration-20260530-b6b2af9944c6,2026-05-30,OVERHEAD,,6500,block map,92,Lowe's Home Improvement,"1/2IN X 6IN Cut-Off Riser, Poly (irrigation/sprinkler riser, item #5225374)",PAUL,read,migration,gm-19e79a903622d62d,https://mail.google.com/mail/u/0/#all/19e79a903622d62d,gmail,id,RECAST BIZ,Materials,,,,,,
migration-20260530-1531c27e5719,2026-05-30,OVERHEAD,,6500,block map,961,Lowe's Home Improvement,"1/2-IN K1 Rotor (K-Rain K1 sprinkler rotor head, item #280217)",PAUL,read,migration,gm-19e79a903622d62d,https://mail.google.com/mail/u/0/#all/19e79a903622d62d,gmail,id,RECAST BIZ,Materials,,,,,,
migration-20260819-4061a9ae9b42,2026-08-19,OVERHEAD,,6510,read,20874,Advanced Repair Technology,ART SK101 Starter Kit (Flex-Tec HV epoxy wood repair system w/ 300LV dispensing ,PAUL,Paul: 2026-09-18: the other 33 August-onward rows with no payer - 'all personal card ending in 9166',migration,gm-1a01aa2812b9cc89,https://mail.google.com/mail/u/0/#all/1a01aa2812b9cc89,gmail,id,RECAST BIZ,Materials,,,,,,
migration-20260607-5f82fdfbfc2f,2026-06-07,OVERHEAD,,6400,read,500,"Telnyx, LLC",Telnyx account payment / prepaid communications credit (transaction ID 297735660,PAUL,read,migration,gm-19ea45f454339838,https://mail.google.com/mail/u/0/#all/19ea45f454339838,gmail,id,RECAST BIZ,Marketing,,,,,,
migration-20260621-14d10207702e,2026-06-21,OVERHEAD,,6000,block map,17099,VistaPrint,Real Estate Sign Riders,PAUL,D-026.2 (before August),migration,,,,weak,RECAST BIZ,Marketing,,WEAK_MATCH_UNCONFIRMED,,,,
migration-20260621-48d2e792d58c,2026-06-21,OVERHEAD,,6000,read,14769,VistaPrint,Real Estate Yard Signs,PAUL,read,migration,gm-19e2257005de0d6e,https://mail.google.com/mail/u/0/#all/19e2257005de0d6e,gmail,strong,RECAST BIZ,Marketing,,,,,,
migration-20260624-220b6b8cffac,2026-06-24,OVERHEAD,,6000,block map,673,The Home Depot,Zip ties for signs,PAUL,D-026.2 (before August),migration,,,,none,RECAST BIZ,Marketing,,NO_DOC,,,,
migration-20260628-a19debbefd02,2026-06-28,OVERHEAD,,6720,read,10000,Uber,Gift card for 280 sparkling neighbors,PAUL,read,migration,gm-19f105b8c0ff655c,https://mail.google.com/mail/u/0/#all/19f105b8c0ff655c,gmail,id,RECAST BIZ,Marketing,,,,,Migrated from the old books (Marketing): Gift card for 280 sparkling neighbors,per the old books
migration-20260902-ff698764a637,2026-09-02,OVERHEAD,,6400,read,500,Telnyx LLC,Telnyx account payment - VoIP/telephony service credit (transaction #30404046459,PAUL,read,migration,gm-1a0645b04525b4ed,https://mail.google.com/mail/u/0/#all/1a0645b04525b4ed,gmail,id,RECAST BIZ,Marketing,,,,,,
migration-20260608-76b01e5ed478,2026-06-08,OVERHEAD,,6400,read,500,"Telnyx, LLC",Telnyx account payment,PAUL,read,migration,gm-19ea92753a8a0957,https://drive.google.com/file/d/1s1nPTYbRuATCF2PyNgzOzq3p6Jgc0nsi/view?usp=drivesdk,drive,strong,RECAST BIZ,Marketing,,,,,,
migration-20260609-361574eb0b65,2026-06-09,OVERHEAD,,6400,read,5000,"Telnyx, LLC",Telnyx account payment,PAUL,read,migration,gm-19ead1df86fb971c,https://drive.google.com/file/d/1P-5Fb4i7p4zIhGSkh4r3wbstfkggQSSO/view?usp=drivesdk,drive,strong,RECAST BIZ,Marketing,,,,,,
migration-20260902-c83153c60423,2026-09-02,OVERHEAD,,6510,read,12661,Amazon.com,Camera Gimbal - Amazon order #111-1699514-3146617 - 1 Camera item (product not s,1401,Paul: 2026-09-18: camera gimbal - 'that one is recast joint account - citizens',migration,gm-1a0622070be6c806,https://mail.google.com/mail/u/0/#all/1a0622070be6c806,gmail,id,RECAST BIZ,Marketing,,,,,,
migration-20260903-6a3a3b516b9e,2026-09-03,OVERHEAD,,6400,read,500,Telnyx LLC,Telnyx account payment - VoIP/telephony account credit (transaction ID 304078679,PAUL,read,migration,gm-1a06712197566970,https://mail.google.com/mail/u/0/#all/1a06712197566970,gmail,id,RECAST BIZ,Marketing,,,,,,
migration-20260114-806fe3a6306c,2026-01-14,OVERHEAD,,6710,block map,5882,Uber Eats,Crew meal,PAUL,read,migration,gm-19bbf1890ac56e0f,https://mail.google.com/mail/u/0/#all/19bbf1890ac56e0f,gmail,strong,RECAST BIZ,Meals,,,,,Migrated from the old books (Meals): Crew meal,per the old books
migration-20260116-bf4a735e432c,2026-01-16,OVERHEAD,,6710,read,3113,Taco Casa,Crew meal,PAUL,read,migration,gm-19bc7ada89276079,https://mail.google.com/mail/u/0/#all/19bc7ada89276079,gmail,strong,RECAST BIZ,Meals,,,,,Migrated from the old books (Meals): Crew meal,per the old books
migration-20260211-e18d534988e3,2026-02-11,OVERHEAD,,6710,read,3113,Taco Casa,Crew meal,PAUL,read,migration,gm-19c524b0019a1464,https://mail.google.com/mail/u/0/#all/19c524b0019a1464,gmail,strong,RECAST BIZ,Meals,,,,,Migrated from the old books (Meals): Crew meal,per the old books
migration-20260218-8e8b3d93dda9,2026-02-18,OVERHEAD,,6710,block map,3758,Uber Eats,Crew meal,PAUL,read,migration,gm-19c727e9cb2bf076,https://mail.google.com/mail/u/0/#all/19c727e9cb2bf076,gmail,strong,RECAST BIZ,Meals,,,,,Migrated from the old books (Meals): Crew meal,per the old books
migration-20260218-43149245b843,2026-02-18,OVERHEAD,,6710,block map,13126,Uber Eats,Crew meal,PAUL,read,migration,gm-19c727ecbd076934,https://mail.google.com/mail/u/0/#all/19c727ecbd076934,gmail,strong,RECAST BIZ,Meals,,,,,Migrated from the old books (Meals): Crew meal,per the old books
migration-20260411-d3d37f3c150a,2026-04-11,OVERHEAD,,6710,read,2172,Shell,Crew meal,PAUL,read,migration,gm-19d7e6d319ca7b28,https://mail.google.com/mail/u/0/#all/19d7e6d319ca7b28,gmail,strong,RECAST BIZ,Meals,,,,,Migrated from the old books (Meals): Crew meal,per the old books
migration-20260707-6b8a4536f3d5,2026-07-07,OVERHEAD,,6710,read,3865,Butter and Grace - The Mini,Meal at Butter and Grace - The Mini,PAUL,read,migration,gm-19f3d8464aa86145,https://mail.google.com/mail/u/0/#all/19f3d8464aa86145,gmail,id,RECAST BIZ,Meals,,,,,Migrated from the old books (Meals): Meal at Butter and Grace - The Mini,per the old books
migration-20260901-116bb4109276,2026-09-01,OVERHEAD,,6710,read,2624,Butter & Grace,"Meal at Butter & Grace (breakfast, auction prep with Dennis, 2 guests)",PAUL,read,migration,gm-1a05d57329a431d5,https://mail.google.com/mail/u/0/#all/1a05d57329a431d5,gmail,id,RECAST BIZ,Meals,,,,,"Migrated from the old books (Meals): Meal at Butter & Grace (breakfast, auction prep with Dennis, 2 guests)",per the old books
migration-20260907-d04b8c92a566,2026-09-07,OVERHEAD,,6710,read,7219,Rosa's Cafe Tortilla Factory,"Meal at Rosa's Cafe Tortilla Factory (dine in, 09/07/26 5:50 PM, crew meal - 5 p",PAUL,Paul: 2026-09-18: the other 33 August-onward rows with no payer - 'all personal card ending in 9166',migration,gm-1a07e315889c322c,https://mail.google.com/mail/u/0/#all/1a07e315889c322c,gmail,id,RECAST BIZ,Meals,,,,,"Migrated from the old books (Meals): Meal at Rosa's Cafe Tortilla Factory (dine in, 09/07/26 5:50 PM, crew meal - 5 p",per the old books
migration-20260102-822e09408ca0,2026-01-02,OVERHEAD,,6700,read,6668,American Airlines,"Main Cabin Extra seat purchase PDX-DFW (conf GPMGCC, doc #0010640735856)",PAUL,read,migration,gm-19b7f78e16ffe521,https://mail.google.com/mail/u/0/#all/19b7f78e16ffe521,gmail,id,RECAST BIZ,Travel,,,,,"Migrated from the old books (Travel): Main Cabin Extra seat purchase PDX-DFW (conf GPMGCC, doc #0010640735856)",
migration-20260103-60ca4d466fb2,2026-01-03,OVERHEAD,,6700,read,2500,American Airlines,"In-flight Wi-Fi flight pass (AA 2216, Viasat), order CHKWAPRTY6LJ0",PAUL,read,migration,gm-19b8471a1e2e4b6c,https://mail.google.com/mail/u/0/#all/19b8471a1e2e4b6c,gmail,id,RECAST BIZ,Travel,,,,,"Migrated from the old books (Travel): In-flight Wi-Fi flight pass (AA 2216, Viasat), order CHKWAPRTY6LJ0",
migration-20260122-6e869abdf339,2026-01-22,OVERHEAD,,6700,read,4028,American Airlines,"Preferred seat purchase (PDX-DFW), confirmation KAIZZQ, doc #0010641907322",PAUL,read,migration,gm-19be69823c636c61,https://mail.google.com/mail/u/0/#all/19be69823c636c61,gmail,id,RECAST BIZ,Travel,,,,,"Migrated from the old books (Travel): Preferred seat purchase (PDX-DFW), confirmation KAIZZQ, doc #0010641907322",
migration-20260123-18dd0d0fd1ef,2026-01-23,OVERHEAD,,6700,read,10143,Uber,"UberXL ride, 104 Ashburne Glen Ln Red Oak TX to DFW Airport Terminal B (37.17 mi",PAUL,read,migration,gm-19bed40e1c196d6f,https://mail.google.com/mail/u/0/#all/19bed40e1c196d6f,gmail,id,RECAST BIZ,Travel,,,,,"Migrated from the old books (Travel): UberXL ride, 104 Ashburne Glen Ln Red Oak TX to DFW Airport Terminal B (37.17 mi",
migration-20260123-843b37b870cc,2026-01-23,OVERHEAD,,6700,read,4598,Uber,"UberXL ride, 2225 NE 45th Ave Portland OR to Portland International Airport (PDX",PAUL,read,migration,gm-19beb19737439448,https://mail.google.com/mail/u/0/#all/19beb19737439448,gmail,id,RECAST BIZ,Travel,,,,,"Migrated from the old books (Travel): UberXL ride, 2225 NE 45th Ave Portland OR to Portland International Airport (PDX",
migration-20260201-db2d9feded6c,2026-02-01,OVERHEAD,,6700,read,4899,Uber,"UberXL ride, 2225 NE 45th Ave Portland OR to Portland International Airport (700",PAUL,read,migration,gm-19c19857065d6852,https://mail.google.com/mail/u/0/#all/19c19857065d6852,gmail,id,RECAST BIZ,Travel,,,,,"Migrated from the old books (Travel): UberXL ride, 2225 NE 45th Ave Portland OR to Portland International Airport (700",
migration-20260209-55eccfe44f89,2026-02-09,OVERHEAD,,6700,read,4998,Uber,"UberXL ride, 2225 NE 45th Ave Portland OR to PDX airport (7000 NE Airport Way) —",PAUL,read,migration,gm-19c42eec79085e99,https://mail.google.com/mail/u/0/#all/19c42eec79085e99,gmail,id,RECAST BIZ,Travel,,,,,"Migrated from the old books (Travel): UberXL ride, 2225 NE 45th Ave Portland OR to PDX airport (7000 NE Airport Way) —",
migration-20260222-faedcdfca706,2026-02-22,OVERHEAD,,6700,read,38039,American Airlines,"Airfare PDX-DFW, AA 2104, Mar 1 2026 (conf OTEQJC, ticket #0012319024984) — base",PAUL,read,migration,gm-19c879c07b21a2cb,https://mail.google.com/mail/u/0/#all/19c879c07b21a2cb,gmail,id,RECAST BIZ,Travel,,,,,"Migrated from the old books (Travel): Airfare PDX-DFW, AA 2104, Mar 1 2026 (conf OTEQJC, ticket #0012319024984) — base",
migration-20260228-69244babd051,2026-02-28,OVERHEAD,,6700,read,5198,Uber,"UberXL ride, 2225 NE 45th Ave Portland OR to Portland International Airport (far",PAUL,read,migration,gm-19ca95a3b7d80ed7,https://mail.google.com/mail/u/0/#all/19ca95a3b7d80ed7,gmail,id,RECAST BIZ,Travel,,,,,"Migrated from the old books (Travel): UberXL ride, 2225 NE 45th Ave Portland OR to Portland International Airport (far",
migration-20260309-f9c1f670037d,2026-03-09,OVERHEAD,,6700,read,2064,Uber,Uber ride 03/09/26 8:20 AM (trip fare $18.54 + booking fee $4.10 + TX Regulatory,PAUL,read,migration,gm-19cd2e224f6f1a62,https://mail.google.com/mail/u/0/#all/19cd2e224f6f1a62,gmail,id,RECAST BIZ,Travel,,,,,Migrated from the old books (Travel): Uber ride 03/09/26 8:20 AM (trip fare $18.54 + booking fee $4.10 + TX Regulatory,
migration-20260317-4242e12173ee,2026-03-17,OVERHEAD,,6700,read,1899,Uber,"Uber ride, 1530 US-287 Byp Waxahachie TX to 145 Denali Way Midlothian TX (fare $",PAUL,read,migration,gm-19cfc84803ba58b2,https://mail.google.com/mail/u/0/#all/19cfc84803ba58b2,gmail,id,RECAST BIZ,Travel,,,,,"Migrated from the old books (Travel): Uber ride, 1530 US-287 Byp Waxahachie TX to 145 Denali Way Midlothian TX (fare $",
migration-20260318-3a38ebe9a47c,2026-03-18,OVERHEAD,,6700,read,1413,Uber,"Uber ride, Mar 18 2026 10:06 AM (trip fare $10.48, booking fee $2.29, fare adjus",PAUL,read,migration,gm-19d018c094ba828a,https://mail.google.com/mail/u/0/#all/19d018c094ba828a,gmail,id,RECAST BIZ,Travel,,,,,"Migrated from the old books (Travel): Uber ride, Mar 18 2026 10:06 AM (trip fare $10.48, booking fee $2.29, fare adjus",
migration-20260412-428a891b8de8,2026-04-12,OVERHEAD,,6700,read,35778,American Airlines,"Airfare DFW-PDX, AA 685, Apr 16 2026 (conf YQHDXS, ticket #0012333554569)",PAUL,read,migration,gm-19d7fc50ea88346b,https://mail.google.com/mail/u/0/#all/19d7fc50ea88346b,gmail,id,RECAST BIZ,Travel,,,,,"Migrated from the old books (Travel): Airfare DFW-PDX, AA 685, Apr 16 2026 (conf YQHDXS, ticket #0012333554569)",
migration-20260422-41e3574769ad,2026-04-22,OVERHEAD,,6700,read,58436,American Airlines,"Airfare PDX-DFW / DFW-PDX, AA 3328 May 2 2026 & AA 2519 May 8 2026 (conf OLNTKU,",PAUL,read,migration,gm-19db58b5f04785a3,https://mail.google.com/mail/u/0/#all/19db58b5f04785a3,gmail,id,RECAST BIZ,Travel,,,,,"Migrated from the old books (Travel): Airfare PDX-DFW / DFW-PDX, AA 3328 May 2 2026 & AA 2519 May 8 2026 (conf OLNTKU,",
migration-20260429-e486b644a1fb,2026-04-29,OVERHEAD,,6700,read,800,Wi-Fi Onboard (Intelsat/Alaska Airlines),"Full Flight Pass - in-flight Wi-Fi, order #425641629SSAS",PAUL,read,migration,gm-19dd93e31070b594,https://mail.google.com/mail/u/0/#all/19dd93e31070b594,gmail,id,RECAST BIZ,Travel,,,,,"Migrated from the old books (Travel): Full Flight Pass - in-flight Wi-Fi, order #425641629SSAS",
migration-20260429-4f74673839d5,2026-04-29,OVERHEAD,,6700,read,10318,Uber,"UberXL ride, 6326 Tremont St Dallas TX to DFW Airport (25.46 mi) incl. booking f",PAUL,read,migration,gm-19dd8b6fdc1e6675,https://mail.google.com/mail/u/0/#all/19dd8b6fdc1e6675,gmail,id,RECAST BIZ,Travel,,,,,"Migrated from the old books (Travel): UberXL ride, 6326 Tremont St Dallas TX to DFW Airport (25.46 mi) incl. booking f",
migration-20260502-17cc48268aa5,2026-05-02,OVERHEAD,,6700,read,3700,American Airlines,"Preferred aisle seat 16C, PDX-DFW (conf OLNTKU, doc #0010647923153) — incl. $2.5",PAUL,read,migration,gm-19dea69d38d734dd,https://mail.google.com/mail/u/0/#all/19dea69d38d734dd,gmail,id,RECAST BIZ,Travel,,,,,"Migrated from the old books (Travel): Preferred aisle seat 16C, PDX-DFW (conf OLNTKU, doc #0010647923153) — incl. $2.5",
migration-20260503-52c5ef6aa073,2026-05-03,OVERHEAD,,6700,read,6324,Uber,"UberXL ride, 2225 NE 45th Ave Portland OR to PDX Airport (fare, surcharges, book",PAUL,read,migration,gm-19dedd5146ee87ad,https://mail.google.com/mail/u/0/#all/19dedd5146ee87ad,gmail,id,RECAST BIZ,Travel,,,,,"Migrated from the old books (Travel): UberXL ride, 2225 NE 45th Ave Portland OR to PDX Airport (fare, surcharges, book",
migration-20260519-cbf9c9547ec1,2026-05-19,OVERHEAD,,6700,read,27520,American Airlines,"Airfare DFW-LAX-PDX, AA 500/AA 6189, Jun 3 2026 (conf YVJBCJ, ticket #0012344001",PAUL,read,migration,gm-19e405b93f31acd0,https://mail.google.com/mail/u/0/#all/19e405b93f31acd0,gmail,id,RECAST BIZ,Travel,,,,,"Migrated from the old books (Travel): Airfare DFW-LAX-PDX, AA 500/AA 6189, Jun 3 2026 (conf YVJBCJ, ticket #0012344001",
migration-20260519-f5b4569aca51,2026-05-19,OVERHEAD,,6700,read,560,American Airlines,"Award ticket PDX-DFW, AA 982, May 26 2026 (conf NCSQUQ, ticket 0012344000129) — ",PAUL,read,migration,gm-19e405194f5a413e,https://mail.google.com/mail/u/0/#all/19e405194f5a413e,gmail,id,RECAST BIZ,Travel,,,,,"Migrated from the old books (Travel): Award ticket PDX-DFW, AA 982, May 26 2026 (conf NCSQUQ, ticket 0012344000129) —",
migration-20260519-2e5cdd09248b,2026-05-19,OVERHEAD,,6700,read,4600,American Airlines,"Preferred seat assignment PDX-DFW (doc 0010648986695), incl. taxes/carrier fees",PAUL,read,migration,gm-19e405194f5a413e,https://mail.google.com/mail/u/0/#all/19e405194f5a413e,gmail,id,RECAST BIZ,Travel,,,,,"Migrated from the old books (Travel): Preferred seat assignment PDX-DFW (doc 0010648986695), incl. taxes/carrier fees",
migration-20260523-61139a84b3da,2026-05-23,OVERHEAD,,6700,read,3398,Uber,"Uber trip 05/23/26 5:04 PM, Portland OR (trip fare $28.35 + booking fee $3.52 + ",PAUL,read,migration,gm-19e575bcb9c67408,https://mail.google.com/mail/u/0/#all/19e575bcb9c67408,gmail,id,RECAST BIZ,Travel,,,,,"Migrated from the old books (Travel): Uber trip 05/23/26 5:04 PM, Portland OR (trip fare $28.35 + booking fee $3.52 +",
migration-20260525-9857ec48d1bb,2026-05-25,OVERHEAD,,6700,read,5498,Uber,"UberXL ride, 2225 NE 45th Ave Portland OR to Portland International Airport (5.4",PAUL,read,migration,gm-19e63f46ec94b47a,https://mail.google.com/mail/u/0/#all/19e63f46ec94b47a,gmail,id,RECAST BIZ,Travel,,,,,"Migrated from the old books (Travel): UberXL ride, 2225 NE 45th Ave Portland OR to Portland International Airport (5.4",
migration-20260526-c6c3d951588a,2026-05-26,OVERHEAD,,6700,read,5000,American Airlines,"Checked baggage fee (up to 50 lb/23 kg, 62 linear in), PDX-DFW, AA flight 982",PAUL,read,migration,gm-19e63fb070533aa3,https://drive.google.com/file/d/1XQbFV1hYMPUIpwc-YrBMy26138uPa5Mc/view?usp=drivesdk,drive,id,RECAST BIZ,Travel,,,,,"Migrated from the old books (Travel): Checked baggage fee (up to 50 lb/23 kg, 62 linear in), PDX-DFW, AA flight 982",
migration-20260526-386709dda174,2026-05-26,OVERHEAD,,6700,read,4498,Uber,"UberXL ride, 2225 NE 45th Ave Portland OR to PDX Airport (5.47 mi) — fare $36.32",PAUL,read,migration,gm-19e63ebf700adc21,https://mail.google.com/mail/u/0/#all/19e63ebf700adc21,gmail,id,RECAST BIZ,Travel,,,,,"Migrated from the old books (Travel): UberXL ride, 2225 NE 45th Ave Portland OR to PDX Airport (5.47 mi) — fare $36.32",
migration-20260526-ccd7bd7531fb,2026-05-26,OVERHEAD,,6700,read,10079,Uber,"UberXL ride, DFW Airport Terminal C to 145 Denali Way, Midlothian TX (48.90 mi) ",PAUL,read,migration,gm-19e65c38cfb62bff,https://mail.google.com/mail/u/0/#all/19e65c38cfb62bff,gmail,id,RECAST BIZ,Travel,,,,,"Migrated from the old books (Travel): UberXL ride, DFW Airport Terminal C to 145 Denali Way, Midlothian TX (48.90 mi)",
migration-20260526-9e7747ae3e74,2026-05-26,OVERHEAD,,6700,read,8399,Uber,"Uber trip 05/26/26 1:09 PM (trip fare $68.21, booking fee $7.56, DFW Airport sur",PAUL,read,migration,gm-19e65b63793cbc49,https://mail.google.com/mail/u/0/#all/19e65b63793cbc49,gmail,id,RECAST BIZ,Travel,,,,,"Migrated from the old books (Travel): Uber trip 05/26/26 1:09 PM (trip fare $68.21, booking fee $7.56, DFW Airport sur",
migration-20260602-e62f263c8681,2026-06-02,OVERHEAD,,6700,read,20300,American Airlines,"Instant Upgrade (LAX-PDX), conf YVJBCJ, doc #0014498569372 — incl. taxes & carri",PAUL,read,migration,gm-19e8da60ee339b4c,https://mail.google.com/mail/u/0/#all/19e8da60ee339b4c,gmail,id,RECAST BIZ,Travel,,,,,"Migrated from the old books (Travel): Instant Upgrade (LAX-PDX), conf YVJBCJ, doc #0014498569372 — incl. taxes & carri",
migration-20260602-520990d60f83,2026-06-02,OVERHEAD,,6700,read,4600,American Airlines,"Seat purchase - 19D Main Cabin Extra, Economy aisle (DFW-LAX), conf YVJBCJ, doc ",PAUL,read,migration,gm-19e8da6655b4fd78,https://mail.google.com/mail/u/0/#all/19e8da6655b4fd78,gmail,id,RECAST BIZ,Travel,,,,,"Migrated from the old books (Travel): Seat purchase - 19D Main Cabin Extra, Economy aisle (DFW-LAX), conf YVJBCJ, doc",
migration-20260602-42b063f37758,2026-06-02,OVERHEAD,,6700,read,34227,Travelocity (Southwest Airlines),"Airfare DAL-DEN-PDX, Southwest 1511/4017, Jun 3 2026 (conf CWWX8B, itinerary 734",PAUL,read,migration,gm-19e8d223d827423f,https://mail.google.com/mail/u/0/#all/19e8d223d827423f,gmail,id,RECAST BIZ,Travel,,,,,"Migrated from the old books (Travel): Airfare DAL-DEN-PDX, Southwest 1511/4017, Jun 3 2026 (conf CWWX8B, itinerary 734",
migration-20260602-0af33c289a7f,2026-06-02,OVERHEAD,,6700,read,10800,Southwest Airlines,"Extra Legroom seat x2, DAL-DEN-PDX, WN 1511/4017, conf CWWX8B (seats 15E, 14D)",PAUL,D-026.2 (before August),migration,gm-19e8bb78a4e55e51,https://mail.google.com/mail/u/0/#all/19e8bb78a4e55e51,gmail,id,RECAST BIZ,Travel,,,,,"Migrated from the old books (Travel): Extra Legroom seat x2, DAL-DEN-PDX, WN 1511/4017, conf CWWX8B (seats 15E, 14D)",
migration-20260603-ba8cb65ab28a,2026-06-03,OVERHEAD,,6700,block map,11398,Uber,"UberXL ride, 145 Denali Way Midlothian TX to Dallas Love Field Airport (DAL) — 3",PAUL,read,migration,gm-19e8d21354ffd672,https://mail.google.com/mail/u/0/#all/19e8d21354ffd672,gmail,id,RECAST BIZ,Travel,,,,,"Migrated from the old books (Travel): UberXL ride, 145 Denali Way Midlothian TX to Dallas Love Field Airport (DAL) — 3",
migration-20260603-35129f02b8c2,2026-06-03,OVERHEAD,,6700,read,3148,Uber,"UberXL ride, Portland International Airport (PDX) to 2225 NE 45th Ave, Portland ",PAUL,read,migration,gm-19e910e8e29e4963,https://mail.google.com/mail/u/0/#all/19e910e8e29e4963,gmail,id,RECAST BIZ,Travel,,,,,"Migrated from the old books (Travel): UberXL ride, Portland International Airport (PDX) to 2225 NE 45th Ave, Portland",
migration-20260603-3c28ceb92f79,2026-06-03,OVERHEAD,,6700,read,800,Southwest Airlines,"In-flight WiFi purchase, flight WN1511 DAL-DEN",PAUL,read,migration,gm-19e8da5544f8de83,https://mail.google.com/mail/u/0/#all/19e8da5544f8de83,gmail,id,RECAST BIZ,Travel,,,,,"Migrated from the old books (Travel): In-flight WiFi purchase, flight WN1511 DAL-DEN",
migration-20260611-615fc76343cd,2026-06-11,OVERHEAD,,6700,read,47640,American Airlines,"Airfare PDX-DFW, AA 982, Jun 14 2026 (conf CVMBBG, ticket #0012350554142) — fare",PAUL,read,migration,gm-19eb500f2d87ef45,https://mail.google.com/mail/u/0/#all/19eb500f2d87ef45,gmail,id,RECAST BIZ,Travel,,,,,"Migrated from the old books (Travel): Airfare PDX-DFW, AA 982, Jun 14 2026 (conf CVMBBG, ticket #0012350554142) — fare",
migration-20260613-c2f46da080d4,2026-06-13,OVERHEAD,,6700,read,4499,Uber,"UberXL ride, Portland OR (2225 NE 45th Ave) — trip fare $39.48, booking fee $3.4",PAUL,read,migration,gm-19ec5c7f38215498,https://mail.google.com/mail/u/0/#all/19ec5c7f38215498,gmail,id,RECAST BIZ,Travel,,,,,"Migrated from the old books (Travel): UberXL ride, Portland OR (2225 NE 45th Ave) — trip fare $39.48, booking fee $3.4",
migration-20260614-1660409c238c,2026-06-14,OVERHEAD,,6700,read,9600,Southwest Airlines,"Extra Legroom seat (PDX-DAL, WN #264, 06/15/26, conf CO2D3A)",PAUL,read,migration,gm-19ec7c800ed8d214,https://mail.google.com/mail/u/0/#all/19ec7c800ed8d214,gmail,id,RECAST BIZ,Travel,,,,,"Migrated from the old books (Travel): Extra Legroom seat (PDX-DAL, WN #264, 06/15/26, conf CO2D3A)",
migration-20260614-b93e0d9d6b16,2026-06-14,OVERHEAD,,6700,read,27640,Travelocity (Southwest Airlines),"Airfare PDX-DAL (Love Field) via OAK/LGB, Southwest 264, Jun 15 2026, conf CO2D3",PAUL,read,migration,gm-19ec6c508497414f,https://mail.google.com/mail/u/0/#all/19ec6c508497414f,gmail,id,RECAST BIZ,Travel,,,,,"Migrated from the old books (Travel): Airfare PDX-DAL (Love Field) via OAK/LGB, Southwest 264, Jun 15 2026, conf CO2D3",
migration-20260614-bf3cc09e44f5,2026-06-14,OVERHEAD,,6700,read,720,Uber,"Uber cancellation fee — canceled trip Jun 14, 2026 3:57 AM (ID d27d9dc0)",PAUL,read,migration,gm-19ec5d0e953d7fe8,https://mail.google.com/mail/u/0/#all/19ec5d0e953d7fe8,gmail,id,RECAST BIZ,Travel,,,,,"Migrated from the old books (Travel): Uber cancellation fee — canceled trip Jun 14, 2026 3:57 AM (ID d27d9dc0)",
migration-20260615-74e0d9ebf117,2026-06-15,OVERHEAD,,6700,read,800,Southwest Airlines,"In-flight WiFi purchase, flight WN264 LGB-DAL",PAUL,read,migration,gm-19ecc2db49560ec3,https://mail.google.com/mail/u/0/#all/19ecc2db49560ec3,gmail,id,RECAST BIZ,Travel,,,,,"Migrated from the old books (Travel): In-flight WiFi purchase, flight WN264 LGB-DAL",
migration-20260701-48dc83889431,2026-07-01,OVERHEAD,,6700,read,5875,TSA Enrollment by IDEMIA (IdentoGo/Universal Enroll),1111TR - TSA PreCheck Online Renewal (UE ID UZZY-7K3218),PAUL,read,migration,gm-19f1e798d917dbc4,https://mail.google.com/mail/u/0/#all/19f1e798d917dbc4,gmail,id,RECAST BIZ,Travel,,,,,Migrated from the old books (Travel): 1111TR - TSA PreCheck Online Renewal (UE ID UZZY-7K3218),
migration-20260702-3e1fc2fb9c9d,2026-07-02,OVERHEAD,,6700,read,10461,Uber,"UberXL ride, 145 Denali Way Midlothian TX to DFW Airport Terminal B (46.23 mi) —",PAUL,read,migration,gm-19f24489a9317d0e,https://mail.google.com/mail/u/0/#all/19f24489a9317d0e,gmail,id,RECAST BIZ,Travel,,,,,"Migrated from the old books (Travel): UberXL ride, 145 Denali Way Midlothian TX to DFW Airport Terminal B (46.23 mi) —",
migration-20260704-e2b3462d5255,2026-07-04,OVERHEAD,,6700,read,11802,Uber,"UberXL ride, Highlands Ranch CO to Denver International Airport (DEN) — 39.08 mi",PAUL,read,migration,gm-19f32a4a9ea6a310,https://mail.google.com/mail/u/0/#all/19f32a4a9ea6a310,gmail,id,RECAST BIZ,Travel,,,,,"Migrated from the old books (Travel): UberXL ride, Highlands Ranch CO to Denver International Airport (DEN) — 39.08 mi",
migration-20260704-85b5af0c1d32,2026-07-04,OVERHEAD,,6700,read,9835,Uber,"UberXL ride, Highlands Ranch CO to Denver International Airport (DEN), 39.08 mi ",PAUL,read,migration,gm-19f329d09f3c55d9,https://mail.google.com/mail/u/0/#all/19f329d09f3c55d9,gmail,id,RECAST BIZ,Travel,,,,,"Migrated from the old books (Travel): UberXL ride, Highlands Ranch CO to Denver International Airport (DEN), 39.08 mi",
migration-20260705-8232347a4735,2026-07-05,OVERHEAD,,6700,read,7425,Uber,"Uber trip 07/05/26 1:16 PM (fare $62.61, booking fee $7.18, DFW airport surcharg",PAUL,read,migration,gm-19f33b33613aa7d0,https://mail.google.com/mail/u/0/#all/19f33b33613aa7d0,gmail,id,RECAST BIZ,Travel,,,,,"Migrated from the old books (Travel): Uber trip 07/05/26 1:16 PM (fare $62.61, booking fee $7.18, DFW airport surcharg",
migration-20260705-2a199b26e2d0,2026-07-05,OVERHEAD,,6700,read,8910,Uber,"UberXL ride, DFW Airport Terminal E to Midlothian TX (44.00 mi) — fare, booking ",PAUL,read,migration,gm-19f33c1870883145,https://mail.google.com/mail/u/0/#all/19f33c1870883145,gmail,id,RECAST BIZ,Travel,,,,,"Migrated from the old books (Travel): UberXL ride, DFW Airport Terminal E to Midlothian TX (44.00 mi) — fare, booking",
migration-20260708-60d2584fe2fa,2026-07-08,OVERHEAD,,6700,read,45840,American Airlines,"Airfare DFW-PDX, AA 2287, Jul 9 2026 (conf KHRWXZ, ticket #0012357929706) incl. ",PAUL,read,migration,gm-19f3f3a050fb38f9,https://mail.google.com/mail/u/0/#all/19f3f3a050fb38f9,gmail,id,RECAST BIZ,Travel,,,,,"Migrated from the old books (Travel): Airfare DFW-PDX, AA 2287, Jul 9 2026 (conf KHRWXZ, ticket #0012357929706) incl.",
migration-20260709-5cb0ffdc2c5d,2026-07-09,OVERHEAD,,6700,read,3127,Uber,"UberXL ride, Portland International Airport (PDX) to 2225 NE 45th Ave, Portland ",PAUL,read,migration,gm-19f4a8381560b260,https://mail.google.com/mail/u/0/#all/19f4a8381560b260,gmail,id,RECAST BIZ,Travel,,,,,"Migrated from the old books (Travel): UberXL ride, Portland International Airport (PDX) to 2225 NE 45th Ave, Portland",
migration-20260709-373802e11f15,2026-07-09,OVERHEAD,,6700,read,12270,Uber,"UberXL ride, 145 Denali Way, Midlothian TX to DFW Airport Terminal D (43.83 mi, ",PAUL,read,migration,gm-19f4910500ac3834,https://mail.google.com/mail/u/0/#all/19f4910500ac3834,gmail,id,RECAST BIZ,Travel,,,,,"Migrated from the old books (Travel): UberXL ride, 145 Denali Way, Midlothian TX to DFW Airport Terminal D (43.83 mi,",
migration-20260728-4f1f72758f29,2026-07-28,OVERHEAD,,6700,read,55140,American Airlines,"Airfare PDX-DFW, AA 2216, Aug 2 2026 (conf JWCTPO, ticket #0012363671255) — incl",PAUL,read,migration,gm-19fa69dce5d079c5,https://mail.google.com/mail/u/0/#all/19fa69dce5d079c5,gmail,id,RECAST BIZ,Travel,,,,,"Migrated from the old books (Travel): Airfare PDX-DFW, AA 2216, Aug 2 2026 (conf JWCTPO, ticket #0012363671255) — incl",
migration-20260802-3d728d9fbe47,2026-08-02,OVERHEAD,,6700,read,5098,Uber,"UberXL ride, 2225 NE 45th Ave Portland OR to Portland International Airport (PDX",PAUL,read,migration,gm-19fc274784e9e786,https://mail.google.com/mail/u/0/#all/19fc274784e9e786,gmail,id,RECAST BIZ,Travel,,,,,"Migrated from the old books (Travel): UberXL ride, 2225 NE 45th Ave Portland OR to Portland International Airport (PDX",
migration-20260802-687eda140bee,2026-08-02,OVERHEAD,,6700,read,12503,Uber,"UberXL ride, DFW Airport Terminal C to Midlothian TX (48.90 mi) — trip fare $108",PAUL,read,migration,gm-19fc5fc8e6e71cfd,https://mail.google.com/mail/u/0/#all/19fc5fc8e6e71cfd,gmail,id,RECAST BIZ,Travel,,,,,"Migrated from the old books (Travel): UberXL ride, DFW Airport Terminal C to Midlothian TX (48.90 mi) — trip fare $108",
migration-20260807-6411c23f94ef,2026-08-07,OVERHEAD,,6700,read,61390,American Airlines,"Airfare PIA-DFW, AA 5079, Aug 10 2026 (conf DYYUCB, ticket #0012366820762) incl.",PAUL,Paul: 2026-09-18: the other 33 August-onward rows with no payer - 'all personal card ending in 9166',migration,gm-19fde1e3203a1768,https://mail.google.com/mail/u/0/#all/19fde1e3203a1768,gmail,id,RECAST BIZ,Travel,,,,,"Migrated from the old books (Travel): Airfare PIA-DFW, AA 5079, Aug 10 2026 (conf DYYUCB, ticket #0012366820762) incl.",
migration-20260807-81768a52ef4f,2026-08-07,OVERHEAD,,6700,read,7918,Uber,"UberXL ride, Midlothian TX to 5303 Challenger Dr, Dallas TX (22.26 mi) — fare $5",PAUL,read,migration,gm-19fde11750868a61,https://mail.google.com/mail/u/0/#all/19fde11750868a61,gmail,id,RECAST BIZ,Travel,,,,,"Migrated from the old books (Travel): UberXL ride, Midlothian TX to 5303 Challenger Dr, Dallas TX (22.26 mi) — fare $5",
migration-20260810-49eb708d3e60,2026-08-10,OVERHEAD,,6700,read,14534,Uber,"UberXL ride, DFW Airport Terminal E to Midlothian TX (53.52 mi), incl. airport s",PAUL,read,migration,gm-19fec5bf63d8125b,https://mail.google.com/mail/u/0/#all/19fec5bf63d8125b,gmail,id,RECAST BIZ,Travel,,,,,"Migrated from the old books (Travel): UberXL ride, DFW Airport Terminal E to Midlothian TX (53.52 mi), incl. airport s",
migration-20260813-d44b19b49752,2026-08-13,OVERHEAD,,6700,read,35040,Alaska Airlines,"Airfare DFW-PDX, AS 646, Aug 14 2026 (conf EWJPZS, ticket 0272155472820), incl. ",PAUL,read,migration,gm-19ff8f9da3b64d9f,https://mail.google.com/mail/u/0/#all/19ff8f9da3b64d9f,gmail,id,RECAST BIZ,Travel,,,,,"Migrated from the old books (Travel): Airfare DFW-PDX, AS 646, Aug 14 2026 (conf EWJPZS, ticket 0272155472820), incl.",
migration-20260814-95409f485b9a,2026-08-14,OVERHEAD,,6700,read,33980,Alaska Airlines,"Airfare DFW-SEA-PDX, AS 543/AS 3090, Aug 15 2026 (ticket #0272155569884, reissue",PAUL,read,migration,gm-19ffdaaa481f385e,https://mail.google.com/mail/u/0/#all/19ffdaaa481f385e,gmail,id,RECAST BIZ,Travel,,,,,"Migrated from the old books (Travel): Airfare DFW-SEA-PDX, AS 543/AS 3090, Aug 15 2026 (ticket #0272155569884, reissue",
migration-20260815-f78bde798289,2026-08-15,OVERHEAD,,6700,read,800,Wi-Fi Onboard (Intelsat/Alaska Airlines),"Full Flight Pass - in-flight Wi-Fi, order #428446510SSAS",PAUL,read,migration,gm-1a0059baff98fdaa,https://mail.google.com/mail/u/0/#all/1a0059baff98fdaa,gmail,id,RECAST BIZ,Travel,,,,,"Migrated from the old books (Travel): Full Flight Pass - in-flight Wi-Fi, order #428446510SSAS",
migration-20260815-f2a1134c18e2,2026-08-15,OVERHEAD,,6700,read,11590,Uber,"UberXL ride, Midlothian TX to DFW Airport Terminal E (fare, DFW airport surcharg",PAUL,read,migration,gm-1a004efba293dd81,https://mail.google.com/mail/u/0/#all/1a004efba293dd81,gmail,id,RECAST BIZ,Travel,,,,,"Migrated from the old books (Travel): UberXL ride, Midlothian TX to DFW Airport Terminal E (fare, DFW airport surcharg",
migration-20260821-0d0273d21abd,2026-08-21,OVERHEAD,,6700,read,54140,American Airlines,"Airfare PDX-DFW, AA 371, Aug 30 2026 (ticket #0012370727767, conf AAZNCW) incl. ",PAUL,read,migration,gm-1a0244d540acaf53,https://mail.google.com/mail/u/0/#all/1a0244d540acaf53,gmail,id,RECAST BIZ,Travel,,,,,"Migrated from the old books (Travel): Airfare PDX-DFW, AA 371, Aug 30 2026 (ticket #0012370727767, conf AAZNCW) incl.",
migration-20260830-884eac987a8c,2026-08-30,OVERHEAD,,6700,read,12944,Uber,"UberXL ride, DFW Airport Terminal B to 145 Denali Way, Midlothian TX (48.59 mi) ",PAUL,read,migration,gm-1a054074eaf436d8,https://mail.google.com/mail/u/0/#all/1a054074eaf436d8,gmail,id,RECAST BIZ,Travel,,,,,"Migrated from the old books (Travel): UberXL ride, DFW Airport Terminal B to 145 Denali Way, Midlothian TX (48.59 mi)",
migration-20260830-3e247c5c1936,2026-08-30,OVERHEAD,,6700,read,4799,Uber,"UberXL ride, 2225 NE 45th Ave Portland OR to PDX Main Terminal (5.51 mi) - trip ",PAUL,read,migration,gm-1a05299990b3e3eb,https://mail.google.com/mail/u/0/#all/1a05299990b3e3eb,gmail,id,RECAST BIZ,Travel,,,,,"Migrated from the old books (Travel): UberXL ride, 2225 NE 45th Ave Portland OR to PDX Main Terminal (5.51 mi) - trip",
migration-20260909-435909a31fd7,2026-09-09,OVERHEAD,,6700,read,55940,Alaska Airlines,"Airfare DFW-PDX, AS 638, Sep 9 2026 (conf KPQHJU, ticket 0272158662480, First cl",PAUL,read,migration,gm-1a083f30d9e415bb,https://mail.google.com/mail/u/0/#all/1a083f30d9e415bb,gmail,id,RECAST BIZ,Travel,,,,,"Migrated from the old books (Travel): Airfare DFW-PDX, AS 638, Sep 9 2026 (conf KPQHJU, ticket 0272158662480, First cl",
migration-20260909-4466a4003760,2026-09-09,OVERHEAD,,6700,read,12233,Uber,"Uber 10:59 AM 145 Denali Way, Midlothian TX -> DFW Airport (UberXL, 43.68 mi) — ",PAUL,read,migration,gm-1a0871e249a9c786,https://mail.google.com/mail/u/0/#all/1a0871e249a9c786,gmail,id,RECAST BIZ,Travel,,,,,"Migrated from the old books (Travel): Uber 10:59 AM 145 Denali Way, Midlothian TX -> DFW Airport (UberXL, 43.68 mi) —",
migration-20260909-3a1751ab7384,2026-09-09,OVERHEAD,,6700,read,800,Wi-Fi Onboard (Intelsat/Alaska Airlines),"Full Flight Pass - in-flight Wi-Fi, order #429046472SSAS",PAUL,read,migration,gm-1a0884827e1945bf,https://mail.google.com/mail/u/0/#all/1a0884827e1945bf,gmail,id,RECAST BIZ,Travel,,,,,"Migrated from the old books (Travel): Full Flight Pass - in-flight Wi-Fi, order #429046472SSAS",
migration-20260909-4533c40cb43b,2026-09-09,OVERHEAD,,6700,block map,3239,Uber,Uber 4:18 PM Portland OR airport trip (airport surcharge $4.00; City of Portland,PAUL,Paul: 2026-09-18: the other 33 August-onward rows with no payer - 'all personal card ending in 9166',migration,gm-1a0888ae58f005e9,https://mail.google.com/mail/u/0/#all/1a0888ae58f005e9,gmail,id,RECAST BIZ,Travel,,,,,Migrated from the old books (Travel): Uber 4:18 PM Portland OR airport trip (airport surcharge $4.00; City of Portland,
migration-20260911-201014c110c1,2026-09-11,OVERHEAD,,6700,read,34140,American Airlines,"Airfare PDX-DFW, AA 982, Sep 16 2026, seat 13D (conf WVMXWG, ticket #00123763972",PAUL,read,migration,gm-1a090de755523067,https://mail.google.com/mail/u/0/#all/1a090de755523067,gmail,id,RECAST BIZ,Travel,,,,,"Migrated from the old books (Travel): Airfare PDX-DFW, AA 982, Sep 16 2026, seat 13D (conf WVMXWG, ticket #00123763972",
migration-20260916-438911697e4a,2026-09-16,OVERHEAD,,6700,read,4698,Uber,"Uber 4:44 AM 2225 NE 45th Ave, Portland OR -> Main Terminal, Portland Internatio",PAUL,read,migration,gm-1a0aa14400076c3c,https://mail.google.com/mail/u/0/#all/1a0aa14400076c3c,gmail,id,RECAST BIZ,Travel,,,,,"Migrated from the old books (Travel): Uber 4:44 AM 2225 NE 45th Ave, Portland OR -> Main Terminal, Portland Internatio",
migration-20260916-4756ff64e0d8,2026-09-16,OVERHEAD,,6700,read,9592,Uber,Uber 11:58 AM Sep 16 2026 DFW Airport trip (DFW Airport Surcharge + DFW Terminal,PAUL,Paul: 2026-09-18: the other 33 August-onward rows with no payer - 'all personal card ending in 9166',migration,gm-1a0ab5d2e5a8921f,https://mail.google.com/mail/u/0/#all/1a0ab5d2e5a8921f,gmail,id,RECAST BIZ,Travel,,,,,Migrated from the old books (Travel): Uber 11:58 AM Sep 16 2026 DFW Airport trip (DFW Airport Surcharge + DFW Terminal,
migration-20260916-67c2cac69a72,2026-09-16,OVERHEAD,,6700,read,26940,Alaska Airlines,"Airfare DFW-PDX, AS 646, Sep 18 2026 (conf IJGRKD, ticket 0272159563562)",PAUL,read,migration,gm-1a0ac1f04a1796a6,https://mail.google.com/mail/u/0/#all/1a0ac1f04a1796a6,gmail,id,RECAST BIZ,Travel,,,,,"Migrated from the old books (Travel): Airfare DFW-PDX, AS 646, Sep 18 2026 (conf IJGRKD, ticket 0272159563562)",
migration-20260916-902fb6484268,2026-09-16,OVERHEAD,,6700,read,8400,Alaska Airlines,"Premium Class seat purchase (17A), AS 646 DFW-PDX",PAUL,read,migration,gm-1a0ac1f04a1796a6,https://mail.google.com/mail/u/0/#all/1a0ac1f04a1796a6,gmail,id,RECAST BIZ,Travel,,,,,"Migrated from the old books (Travel): Premium Class seat purchase (17A), AS 646 DFW-PDX",
migration-20260625-c86fe937bcd3,2026-06-25,OVERHEAD,,6500,block map,247,The Home Depot,MED BOX - MEDIUM BOX 20X16X15,PAUL,D-026.2 (before August),migration,,,,none,RECAST BIZ,Office,,NO_DOC,,,,
migration-20260625-6e026d355b24,2026-06-25,OVERHEAD,,6500,block map,247,The Home Depot,MED BOX - MEDIUM BOX 20X16X15,PAUL,D-026.2 (before August),migration,,,,none,RECAST BIZ,Office,,NO_DOC,,,,
migration-20260625-1970fe4c9ed8,2026-06-25,OVERHEAD,,6500,block map,751,The Home Depot,2X60 CL TAPE - SCOTCH HVYDUTY 54YDS RD 1PK,PAUL,D-026.2 (before August),migration,,,,none,RECAST BIZ,Office,,NO_DOC,,,,
migration-20260706-3da6ebc37e68,2026-07-06,OVERHEAD,,6500,read,1081,Tiger Mart #20 (Exxon),Type C Cable (USB-C charging cable),PAUL,read,migration,gm-19f386e1e70d7f5a,https://drive.google.com/file/d/1ym7ReQcMo6eI5B8rmKIX9pXznlYUGhil/view?usp=drivesdk,drive,id,RECAST BIZ,Office,,,,,,
migration-20260825-f4f6d4ab6632,2026-08-25,OVERHEAD,,6500,read,11358,Amazon.com,"206A/206X compatible toner cartridges, 4-pack (qty 2) for HP M283fdw/M283cdw/M25",PAUL,read,migration,gm-1a0394bf02758212,https://drive.google.com/file/d/160_c-Cdthhz4c2O8d0wD62L6VU1fec55/view?usp=drivesdk,drive,id,RECAST BIZ,Office,,,,,,
migration-20260828-9cc1f35bc3ca,2026-08-28,OVERHEAD,,6510,read,5799,Klarna (Apple Upgrade lease),Apple Upgrade lease payment - 16-inch MacBook Pro Space Black (Klarna order MGD3,PAUL,read,migration,gm-1a04ae32d0081a8e,https://mail.google.com/mail/u/0/#all/1a04ae32d0081a8e,gmail,id,RECAST BIZ,Office,,,,,,
migration-20260601-d3d90c2a125a,2026-06-01,OVERHEAD,,6600,D-026.9 fuel block,7876,Shell,Fuel — 19.695 gallons @ $3.999/gal (pump display photo),PAUL,read,migration,gm-19e83a9d2e976907,https://drive.google.com/file/d/1SRPWYMp3ZpRblhP89q105viEVitp--Lj/view?usp=drivesdk,drive,id,RECAST BIZ,Gas/Truck/Trailer,,,,,Migrated from the old books (Gas/Truck/Trailer): Fuel — 19.695 gallons @ $3.999/gal (pump display photo),
migration-20260611-38fd10a9d795,2026-06-11,OVERHEAD,,6610,D-026.9 fuel block,9257,North Texas Tollway Authority,toll tag,PAUL,D-026.2 (before August),migration,gm-19eb76a3b114e02a,https://mail.google.com/mail/u/0/#all/19eb76a3b114e02a,gmail,strong,RECAST BIZ,Gas/Truck/Trailer,,,,,,
migration-20260611-abfaa73aa787,2026-06-11,OVERHEAD,,6610,D-026.9 fuel block,4000,North Texas Tollway Authority,Replenishment Amount,PAUL,read,migration,gm-19eb75e58b4bc3fe,https://drive.google.com/file/d/1y4tt6392UFms37t0n3NDUB7ul-O4iZsb/view?usp=drivesdk,drive,strong,RECAST BIZ,Gas/Truck/Trailer,,,,,,
migration-20260622-b654bc0e353f,2026-06-22,OVERHEAD,,6600,D-026.9 fuel block,5470,Shell,Regular fuel 17.425G @ $3.139/gal,PAUL,D-026.2 (before August),migration,,,,none,RECAST BIZ,Gas/Truck/Trailer,,NO_DOC,,,Migrated from the old books (Gas/Truck/Trailer): Regular fuel 17.425G @ $3.139/gal,
migration-20260624-7642dc3cab5e,2026-06-24,OVERHEAD,,6600,D-026.9 fuel block,4545,O'Reilly Auto Parts,VAL SYN5-20-5QT 5QT MOTOROIL,PAUL,D-026.2 (before August),migration,,,,none,RECAST BIZ,Gas/Truck/Trailer,,NO_DOC,,,Migrated from the old books (Gas/Truck/Trailer): VAL SYN5-20-5QT 5QT MOTOROIL,
migration-20260626-55feed84fc83,2026-06-26,OVERHEAD,,6600,D-026.9 fuel block,6940,Shell,Fuel - 18.762 gallons,PAUL,D-026.2 (before August),migration,,,,none,RECAST BIZ,Gas/Truck/Trailer,,NO_DOC,,,Migrated from the old books (Gas/Truck/Trailer): Fuel - 18.762 gallons,
migration-20260629-604728256e1b,2026-06-29,OVERHEAD,,6600,D-026.9 fuel block,5804,Shell,"Regular gasoline - 18.912 gal @ $3.069/gal (Shell, 1211 US Hwy 77 N, Waxahachie ",PAUL,read,migration,gm-19f15c359e34964b,https://drive.google.com/file/d/1agh769exx2DuoCNce50dUuza_YlTSxpW/view?usp=drivesdk,drive,id,RECAST BIZ,Gas/Truck/Trailer,,,,,"Migrated from the old books (Gas/Truck/Trailer): Regular gasoline - 18.912 gal @ $3.069/gal (Shell, 1211 US Hwy 77 N, Waxahachie",
migration-20260706-3ed4bd474807,2026-07-06,OVERHEAD,,6600,D-026.9 fuel block,5739,Exxon,"Fuel — 17.719 gallons (pump display, $57.39)",PAUL,read,migration,gm-19f386e6271bf3a3,https://drive.google.com/file/d/1_jWAOGI5MIchSv9hMa4OIajKgyvP9HBs/view?usp=drivesdk,drive,id,RECAST BIZ,Gas/Truck/Trailer,,,,,"Migrated from the old books (Gas/Truck/Trailer): Fuel — 17.719 gallons (pump display, $57.39)",
migration-20260709-5eed84480ac7,2026-07-09,OVERHEAD,,6600,D-026.9 fuel block,6423,Shell,"Fuel - 18.786 gallons (gas pump display, This Sale $64.23)",PAUL,read,migration,gm-19f44aea0050f298,https://drive.google.com/file/d/1a7nt-uA_g_LBJseVa_KR4N7XAVIxIQg7/view?usp=drivesdk,drive,id,RECAST BIZ,Gas/Truck/Trailer,,,,,"Migrated from the old books (Gas/Truck/Trailer): Fuel - 18.786 gallons (gas pump display, This Sale $64.23)",
migration-20260805-7b4c207ada0b,2026-08-05,OVERHEAD,,6600,D-026.9 fuel block,6466,Shell,Fuel - 17.021 gallons,PAUL,Paul: 2026-09-18: the other 33 August-onward rows with no payer - 'all personal card ending in 9166',migration,gm-19fd41148faee741,https://mail.google.com/mail/u/0/#all/19fd41148faee741,gmail,id,RECAST BIZ,Gas/Truck/Trailer,,,,,Migrated from the old books (Gas/Truck/Trailer): Fuel - 17.021 gallons,
migration-20260807-5ffbd60d2b7a,2026-08-07,OVERHEAD,,6600,D-026.9 fuel block,7696,Shell,Gas,PAUL,Paul: 2026-09-18: the other 33 August-onward rows with no payer - 'all personal card ending in 9166',migration,gm-19fdd35803f9b383,https://mail.google.com/mail/u/0/#all/19fdd35803f9b383,gmail,id,RECAST BIZ,Gas/Truck/Trailer,,,,,Migrated from the old books (Gas/Truck/Trailer): Gas,
migration-20260814-0f72463d5244,2026-08-14,OVERHEAD,,6600,D-026.9 fuel block,7866,Exxon Tiger Mart #73,Regular fuel - 20.705 gal @ $3.799/gal,PAUL,read,migration,gm-1a001bfffbe28af3,https://drive.google.com/file/d/1q-ztSp_8_grZNu9BQ5VTU2_GBFqNnaPo/view?usp=drivesdk,drive,id,RECAST BIZ,Gas/Truck/Trailer,,,,,Migrated from the old books (Gas/Truck/Trailer): Regular fuel - 20.705 gal @ $3.799/gal,
migration-20260905-32bef702970f,2026-09-05,OVERHEAD,,6600,D-026.9 fuel block,4989,Shell,"Fuel - 13.133 gallons (pump display, This Sale $49.89)",PAUL,Paul: 2026-09-18: the other 33 August-onward rows with no payer - 'all personal card ending in 9166',migration,gm-1a06f0f01ef0ea25,https://mail.google.com/mail/u/0/#all/1a06f0f01ef0ea25,gmail,id,RECAST BIZ,Gas/Truck/Trailer,,,,,"Migrated from the old books (Gas/Truck/Trailer): Fuel - 13.133 gallons (pump display, This Sale $49.89)",
migration-20260811-e28cace3edcc,2026-08-11,OVERHEAD,,6600,D-026.9 fuel block,809,Home Depot,Trailer Cotter Pin,PAUL,read,migration,gm-19ff17e1bc0effd7,https://drive.google.com/file/d/1Sf3mLx-4yZEnb5vdBm4ovpjufF9RS30M/view?usp=drivesdk,drive,strong,RECAST BIZ,Gas/Truck/Trailer,,,,,Migrated from the old books (Gas/Truck/Trailer): Trailer Cotter Pin,
migration-20260906-119278fc3cce,2026-09-06,OVERHEAD,,6600,D-026.9 fuel block,7898,Tom Thumb express,Fuel - 22.318 gal @ $3.539 (pump display),PAUL,Paul: 2026-09-18: the other 33 August-onward rows with no payer - 'all personal card ending in 9166',migration,gm-1a07796cc6f0bfa8,https://mail.google.com/mail/u/0/#all/1a07796cc6f0bfa8,gmail,id,RECAST BIZ,Gas/Truck/Trailer,,,,,Migrated from the old books (Gas/Truck/Trailer): Fuel - 22.318 gal @ $3.539 (pump display),
migration-20260106-8a9ff130841d,2026-01-06,OVERHEAD,,6400,read,1065,Twilio,"Twilio account auto-recharge (balance top-up to $20.00), transaction CX33a2c2f7e",PAUL,read,migration,gm-19b95bd9421b177a,https://mail.google.com/mail/u/0/#all/19b95bd9421b177a,gmail,id,RECAST BIZ,Subscriptions,,,,,,
migration-20260118-66668e4f4520,2026-01-18,OVERHEAD,,6400,read,1200,Driversnote,"Driversnote mileage-tracking subscription, 1 month (Jan 18 – Feb 18, 2026), invo",PAUL,read,migration,gm-19bcef5fb76f4631,https://drive.google.com/file/d/1CPTJdP9wj6p09b9jRGZ1wbbjelRfiDcA/view?usp=drivesdk,drive,id,RECAST BIZ,Subscriptions,,,,,,
migration-20260123-7b9e8daada2f,2026-01-23,OVERHEAD,,6400,read,3449,"Adobe, Inc.","Adobe subscription (Qty 1, Order ID BL3345497372, paid via PayPal)",PAUL,read,migration,gm-19bed96836d525c1,https://mail.google.com/mail/u/0/#all/19bed96836d525c1,gmail,id,RECAST BIZ,Subscriptions,,,,,,
migration-20260128-5f23526e5545,2026-01-28,OVERHEAD,,6400,read,999,Microsoft Corporation (via PayPal),Microsoft 365 Personal - monthly subscription (Order ID Z733JXRW1KCE),PAUL,read,migration,gm-19c04f7096f10f6a,https://mail.google.com/mail/u/0/#all/19c04f7096f10f6a,gmail,id,RECAST BIZ,Subscriptions,,,,,,
migration-20260218-a854769a7e0c,2026-02-18,OVERHEAD,,6400,read,1200,Driversnote ApS,"Driversnote mileage-tracking subscription, 1 month (Feb 18 – Mar 18, 2026), invo",PAUL,read,migration,gm-19c6ea0e0cca9e2c,https://drive.google.com/file/d/1DG95NL6FUbjAH8lK5-Lzv36bhWT86whA/view?usp=drivesdk,drive,id,RECAST BIZ,Subscriptions,,,,,,
migration-20260227-65b3dc624ac4,2026-02-27,OVERHEAD,,6400,read,999,Microsoft Corporation (via PayPal),Microsoft 365 Personal - monthly subscription (Order ID Z739LU8EPOJ7),PAUL,read,migration,gm-19ca48d4952784bc,https://mail.google.com/mail/u/0/#all/19ca48d4952784bc,gmail,id,RECAST BIZ,Subscriptions,,,,,,
migration-20260318-fad8abefb04e,2026-03-18,OVERHEAD,,6400,read,1200,Driversnote ApS,"Driversnote Pro Plan monthly subscription (Mar 18–Apr 18, 2026), invoice 9WYMY6A",PAUL,read,migration,gm-19cfecb45363daa4,https://drive.google.com/file/d/1D6Nlk4kOpaXB1U3LIVBAfguEcv-52wbz/view?usp=drivesdk,drive,id,RECAST BIZ,Subscriptions,,,,,,
migration-20260418-eafba579b5dc,2026-04-18,OVERHEAD,,6400,read,1200,Driversnote ApS,"Driversnote Pro Plan monthly subscription (Apr 18–May 18, 2026), invoice 9WYMY6A",PAUL,read,migration,gm-19d9e70c7d6f480a,https://drive.google.com/file/d/1hs4El7Je2TL8rofqXNRZXhbOs705OIYS/view?usp=drivesdk,drive,id,RECAST BIZ,Subscriptions,,,,,,
migration-20260423-53ed68d97f26,2026-04-23,OVERHEAD,,6400,read,3449,"Adobe, Inc.","Adobe subscription (Qty 1, Order ID BL3436291438, paid via PayPal)",PAUL,read,migration,gm-19dbb6f1acd728e1,https://mail.google.com/mail/u/0/#all/19dbb6f1acd728e1,gmail,id,RECAST BIZ,Subscriptions,,,,,,
migration-20260430-956ac14dabb8,2026-04-30,OVERHEAD,,6400,read,7900,Virtual Staging AI (via Paddle.com),"Virtual Staging AI Professional Plan (Apr 30 – May 30, 2026), invoice 2822-11383",PAUL,read,migration,gm-19ddf2689d937359,https://mail.google.com/mail/u/0/#all/19ddf2689d937359,gmail,id,RECAST BIZ,Subscriptions,,,,,,
migration-20260515-5dcbf825ac8f,2026-05-15,OVERHEAD,,1520,read,4500,"Anthropic, PBC","Prepaid extra usage, Individual plan (invoice UT8RYVIC-0001, receipt #2519-3176-",PAUL,read,migration,gm-19e2bdde2e385830,https://drive.google.com/file/d/1mhslW-1MNBwhY9djK4HzoRchqdJgk4jy/view?usp=drivesdk,drive,id,RECAST BIZ,Subscriptions,,,,,,
migration-20260517-94aaf8afd577,2026-05-17,OVERHEAD,,1520,read,4500,"Anthropic, PBC","Prepaid extra usage, Individual plan (receipt #2481-3228-0995, invoice UT8RYVIC-",PAUL,read,migration,gm-19e365636b15b003,https://drive.google.com/file/d/1wDU5HKksYze9L4FO9QK_3-S9ZOOGiIuc/view?usp=drivesdk,drive,id,RECAST BIZ,Subscriptions,,,,,,
migration-20260522-217680a94294,2026-05-22,OVERHEAD,,6400,read,2900,gptforwork.com,GPT For Sheets Docs: $29 pack (Qty 1),PAUL,read,migration,gm-19e5314e0f9e427d,https://drive.google.com/file/d/1mrFLej-8aUUC7LUcKWHMZRYJt1EdzZsc/view?usp=drivesdk,drive,id,RECAST BIZ,Subscriptions,,,,,,
migration-20260528-6188446c7ccd,2026-05-28,OVERHEAD,,6400,read,2400,Airtable,"Airtable monthly workspace subscription (Recast Properties workspace) — May 28, ",PAUL,read,migration,gm-19fadc2228dff5b7,https://mail.google.com/mail/u/0/#all/19fadc2228dff5b7,gmail,id,RECAST BIZ,Subscriptions,,,,,,
migration-20260530-e68c2dd89fe9,2026-05-30,OVERHEAD,,6400,read,7900,Virtual Staging AI (via Paddle.com),"Virtual Staging AI Professional Plan (May 30 – Jun 30, 2026), invoice 2822-11625",PAUL,read,migration,gm-19e79a5c2a587eaa,https://drive.google.com/file/d/146MhPpVn-uUAV7hF4P9Ow8bau9Lsc7fO/view?usp=drivesdk,drive,id,RECAST BIZ,Subscriptions,,,,,,
migration-20260603-f4dcbf498a8b,2026-06-03,OVERHEAD,,6400,read,2000,"Anthropic, PBC","Claude Pro subscription (Jun 3–Jul 3, 2026), invoice UT8RYVIC-0003, receipt #263",PAUL,read,migration,gm-19e8ed8492f559bc,https://mail.google.com/mail/u/0/#all/19e8ed8492f559bc,gmail,id,RECAST BIZ,Subscriptions,,,,,,
migration-20260607-55ecf051ed61,2026-06-07,OVERHEAD,,6300,read,20000,CoreLogic Inc (Cotality),Cotality Payment Services Express Payment — CoreLogic property data invoice paym,PAUL,read,migration,gm-19ea4315de57f9f1,https://mail.google.com/mail/u/0/#all/19ea4315de57f9f1,gmail,id,RECAST BIZ,Subscriptions,,,,,,
migration-20260613-205db3299d3b,2026-06-13,OVERHEAD,,1520,read,10000,"Anthropic, PBC","Max plan - 5x (Jun 13–Jul 13, 2026)",PAUL,read,migration,gm-19f5d1888d584442,https://drive.google.com/file/d/1UO8uf8sX6oPwPzKEIvGpxw5SRY4rEvD7/view?usp=drivesdk,drive,strong,RECAST BIZ,Subscriptions,,,,,,
migration-20260613-20fa226e3ac0,2026-06-13,OVERHEAD,,6400,block map,-1334,"Anthropic, PBC",Unused time on Claude Pro after 13 Jun 2026,PAUL,D-026.2 (before August),migration,,,,none,RECAST BIZ,Subscriptions,,NO_DOC,,,,
migration-20260618-e28394ab0348,2026-06-18,OVERHEAD,,6300,read,20000,CoreLogic Inc,CoreLogic IVR Charge_2010-676365,PAUL,read,migration,gm-19f3911357838426,https://mail.google.com/mail/u/0/#all/19f3911357838426,gmail,strong,RECAST BIZ,Subscriptions,,,,,,
migration-20260627-ac537dbfe3df,2026-06-27,OVERHEAD,,6400,read,999,Microsoft Corporation (via PayPal),"Microsoft 365 Personal subscription (Qty 1, Order ID Z73HSZQ5UV6W)",PAUL,read,migration,gm-19f0e8f114dc7682,https://mail.google.com/mail/u/0/#all/19f0e8f114dc7682,gmail,id,RECAST BIZ,Subscriptions,,,,,,
migration-20260628-abbcf9c2106e,2026-06-28,OVERHEAD,,6400,read,2400,Airtable,"Airtable workspace monthly subscription (Recast Properties workspace, June 28, 2",PAUL,read,migration,gm-19fadc276c34266d,https://mail.google.com/mail/u/0/#all/19fadc276c34266d,gmail,id,RECAST BIZ,Subscriptions,,,,,,
migration-20260630-8944923e4a0f,2026-06-30,OVERHEAD,,6400,block map,20000,"CoreLogic Solutions, LLC (Cotality)","CoreLogic Property Intelligence monthly service (invoice #30883298, acct 2010-67",PAUL,read,migration,gm-19feda8c39546b1e,https://mail.google.com/mail/u/0/#all/19feda8c39546b1e,gmail,id,RECAST BIZ,Subscriptions,,,,,,
migration-20260703-70c524af3f6e,2026-07-03,OVERHEAD,,6400,read,3449,"Adobe, Inc.","Adobe Illustrator (monthly subscription, Order ID BL3507981619, via PayPal)",PAUL,read,migration,gm-19f2b284dd6abfa3,https://mail.google.com/mail/u/0/#all/19f2b284dd6abfa3,gmail,id,RECAST BIZ,Subscriptions,,,,,,
migration-20260706-b238fc619120,2026-07-06,OVERHEAD,,6400,read,999,"Artifex Software, Inc (PDF.co)","PDF.co Basic plan subscription (Jul 6–Aug 6, 2026), invoice EQZ6LJWA-0001, recei",PAUL,read,migration,gm-19f352751180df8f,https://drive.google.com/file/d/1Gw90bmJVR-NRAfuMjZLcPEy_dzZZRc2j/view?usp=drivesdk,drive,id,RECAST BIZ,Subscriptions,,,,,,
migration-20260713-e577ca90ece1,2026-07-13,OVERHEAD,,1520,read,10000,"Anthropic, PBC","Max plan - 5x subscription (Jul 13–Aug 13, 2026), invoice UT8RYVIC-0005, receipt",PAUL,read,migration,gm-19f5cf7e791218f5,https://mail.google.com/mail/u/0/#all/19f5cf7e791218f5,gmail,id,RECAST BIZ,Subscriptions,,,,,,
migration-20260723-25f7f5d22627,2026-07-23,OVERHEAD,,6400,read,3449,"Adobe, Inc.","Adobe subscription (monthly, Order ID BL3528122970) paid via PayPal",PAUL,read,migration,gm-19f9184a17f104a4,https://mail.google.com/mail/u/0/#all/19f9184a17f104a4,gmail,id,RECAST BIZ,Subscriptions,,,,,,
migration-20260725-9ddb4e3f9ee6,2026-07-25,OVERHEAD,,6400,read,1559,ExpressVPN,"ExpressVPN Basic VPN subscription, 1 month (incl. free ExpressMailGuard), intro ",PAUL,read,migration,gm-19f981f1de5b9c75,https://mail.google.com/mail/u/0/#all/19f981f1de5b9c75,gmail,id,RECAST BIZ,Subscriptions,,,,,,
migration-20260727-d2f16f5b2ca1,2026-07-27,OVERHEAD,,6400,read,999,Microsoft Corporation (via PayPal),"Microsoft 365 Personal subscription (Qty 1), Order ID Z743UYT6HXBQ",PAUL,read,migration,gm-19fa86e509c8209e,https://mail.google.com/mail/u/0/#all/19fa86e509c8209e,gmail,id,RECAST BIZ,Subscriptions,,,,,,
migration-20260728-795b82c7b591,2026-07-28,OVERHEAD,,6400,read,1750,"Artifex Software, Inc (PDF.co)","17500 Credit Pack (PDF.co API credits), Qty 1",PAUL,read,migration,gm-19fa89d5643c2a46,https://mail.google.com/mail/u/0/#all/19fa89d5643c2a46,gmail,id,RECAST BIZ,Subscriptions,,,,,,
migration-20260728-0c459295b5a1,2026-07-28,OVERHEAD,,6400,read,2400,Airtable,Airtable workspace subscription — July 2026 invoice (Recast Properties workspace,PAUL,read,migration,gm-19fab055cbb61f0f,https://mail.google.com/mail/u/0/#all/19fab055cbb61f0f,gmail,id,RECAST BIZ,Subscriptions,,,,,,
migration-20260801-d8192eb54018,2026-08-01,OVERHEAD,,6400,block map,1014,"Anthropic, PBC","Auto-recharge credits (Anthropic API), receipt #2971-0394-1544, invoice A90U2FHF",PAUL,read,migration,gm-19fbf9e0a5d7e903,https://mail.google.com/mail/u/0/#all/19fbf9e0a5d7e903,gmail,id,RECAST BIZ,Subscriptions,,,,,,
migration-20260801-a17818f9759b,2026-08-01,OVERHEAD,,1520,read,1035,"Anthropic, PBC","Auto-recharge credits (Anthropic API), receipt #2950-2647-2068, invoice A90U2FHF",PAUL,read,migration,gm-19fbf712d46e54d7,https://drive.google.com/file/d/1whccCFSjhsHiQGJaJl23zmvP_Pog8FA0/view?usp=drivesdk,drive,id,RECAST BIZ,Subscriptions,,,,,,
migration-20260801-2e73538728bf,2026-08-01,OVERHEAD,,1520,read,1012,"Anthropic, PBC","Auto-recharge credits (Anthropic API), receipt #2076-7130-2448, invoice A90U2FHF",PAUL,read,migration,gm-19fbf41426b2ff88,https://mail.google.com/mail/u/0/#all/19fbf41426b2ff88,gmail,id,RECAST BIZ,Subscriptions,,,,,,
migration-20260801-499e3426208c,2026-08-01,OVERHEAD,,1520,read,1026,"Anthropic, PBC","Auto-recharge credits (Anthropic API), receipt #2236-8917-9024, invoice A90U2FHF",PAUL,read,migration,gm-19fbf12e03e5f1aa,https://drive.google.com/file/d/1HxMMn1zNuIbAqhtW3kYyuGGNlIfWvHv1/view?usp=drivesdk,drive,id,RECAST BIZ,Subscriptions,,,,,,
migration-20260801-b4688ed5a21e,2026-08-01,OVERHEAD,,1520,read,1009,"Anthropic, PBC","Auto-recharge credits (Anthropic API), receipt #2142-9322-5168, invoice A90U2FHF",PAUL,Paul: 2026-09-18: the other 33 August-onward rows with no payer - 'all personal card ending in 9166',migration,gm-19fbee3afeeecc0a,https://mail.google.com/mail/u/0/#all/19fbee3afeeecc0a,gmail,id,RECAST BIZ,Subscriptions,,,,,,
migration-20260801-950ed4d951fd,2026-08-01,OVERHEAD,,1520,read,1027,"Anthropic, PBC","Auto-recharge credits (Anthropic API) — receipt #2246-0080-6200, invoice A90U2FH",PAUL,read,migration,gm-19fbe99ddf4009d6,https://drive.google.com/file/d/1Go0q7TqGMynuv5ypcNE-8PqYAig-jaA0/view?usp=drivesdk,drive,id,RECAST BIZ,Subscriptions,,,,,,
migration-20260801-36773b6af1a0,2026-08-01,OVERHEAD,,1520,read,1032,"Anthropic, PBC","Auto-recharge credits (Anthropic API), receipt #2121-0703-9633, invoice A90U2FHF",PAUL,Paul: 2026-09-18: the other 33 August-onward rows with no payer - 'all personal card ending in 9166',migration,gm-19fbe56019131180,https://mail.google.com/mail/u/0/#all/19fbe56019131180,gmail,id,RECAST BIZ,Subscriptions,,,,,,
migration-20260801-e78d9c9da0ca,2026-08-01,OVERHEAD,,1520,read,1018,"Anthropic, PBC","Auto-recharge credits (Anthropic API), receipt #2032-8278-9339, invoice A90U2FHF",PAUL,read,migration,gm-19fbe29ea09a37b5,https://drive.google.com/file/d/1dHTuOhY4tGOEz5ysTIPc7Jv47DpHQBDD/view?usp=drivesdk,drive,id,RECAST BIZ,Subscriptions,,,,,,
migration-20260801-810bb4a6aba5,2026-08-01,OVERHEAD,,1520,read,1008,"Anthropic, PBC","Auto-recharge credits (Anthropic API) — receipt #2135-8253-3824, invoice A90U2FH",PAUL,Paul: 2026-09-18: the other 33 August-onward rows with no payer - 'all personal card ending in 9166',migration,gm-19fbdd2ef4ea4e0d,https://mail.google.com/mail/u/0/#all/19fbdd2ef4ea4e0d,gmail,id,RECAST BIZ,Subscriptions,,,,,,
migration-20260803-9d12d19e8633,2026-08-03,OVERHEAD,,6400,read,3449,"Adobe, Inc.","Adobe Illustrator (monthly subscription, Order ID BL3538610315)",PAUL,Paul: 2026-09-18: the other 33 August-onward rows with no payer - 'all personal card ending in 9166',migration,gm-19fc8cafdd8c851d,https://mail.google.com/mail/u/0/#all/19fc8cafdd8c851d,gmail,id,RECAST BIZ,Subscriptions,,,,,,
migration-20260806-99b8b09ceba5,2026-08-06,OVERHEAD,,6400,block map,999,"Artifex Software, Inc (PDF.co)","PDF.co Basic plan subscription (Aug 6–Sep 6, 2026), invoice EQZ6LJWA-0003 / rece",PAUL,read,migration,gm-19fd4fd8baf5a7ed,https://mail.google.com/mail/u/0/#all/19fd4fd8baf5a7ed,gmail,id,RECAST BIZ,Subscriptions,,,,,,
migration-20260806-2a85a9deb146,2026-08-06,OVERHEAD,,6400,read,999,"Artifex Software, Inc","Basic plan subscription (PDF.co), Aug 6–Sep 6, 2026",PAUL,read,migration,gm-19fd5a6620efe0ad,https://drive.google.com/file/d/1XzE0WN7oKRzBPqhg4lHLsTYJPBlBJlWb/view?usp=drivesdk,drive,id,RECAST BIZ,Subscriptions,,,,,,
migration-20260813-5dff60c3eccd,2026-08-13,OVERHEAD,,1520,read,10000,"Anthropic, PBC","Max plan - 5x subscription (Aug 13–Sep 13, 2026), invoice UT8RYVIC-0006, receipt",PAUL,read,migration,gm-19ffc9d2c8640a96,https://mail.google.com/mail/u/0/#all/19ffc9d2c8640a96,gmail,id,RECAST BIZ,Subscriptions,,,,,,
migration-20260814-a183785c8f53,2026-08-14,OVERHEAD,,1520,read,1006,"Anthropic, PBC","Auto-recharge credits (Anthropic API), receipt #2446-7503-1938, invoice A90U2FHF",PAUL,read,migration,gm-1a004a419e6a327a,https://mail.google.com/mail/u/0/#all/1a004a419e6a327a,gmail,id,RECAST BIZ,Subscriptions,,,,,,
migration-20260821-37c4244a0942,2026-08-21,OVERHEAD,,1520,read,1087,"Anthropic, PBC","Auto-recharge credits (API credits, receipt #2332-6479-3034, invoice A90U2FHF-00",PAUL,read,migration,gm-1a025d96013ed071,https://drive.google.com/file/d/1inFXYmGBNcmVYp5b-fIqhVsWsS3WlB79/view?usp=drivesdk,drive,id,RECAST BIZ,Subscriptions,,,,,,
migration-20260821-be782aca24f7,2026-08-21,OVERHEAD,,1520,read,1166,"Anthropic, PBC","Auto-recharge credits (Anthropic API), receipt #2323-6125-6968 / invoice A90U2FH",PAUL,read,migration,gm-1a0263487ec5681d,https://drive.google.com/file/d/16KpQ7Ew5LU-dhvUYlk-JwSM2yg9XCrp6/view?usp=drivesdk,drive,id,RECAST BIZ,Subscriptions,,,,,,
migration-20260822-0269ee138b3a,2026-08-22,OVERHEAD,,1520,read,1357,"Anthropic, PBC","Auto-recharge credits (Anthropic API), receipt #2540-4444-8353, invoice A90U2FHF",PAUL,Paul: 2026-09-18: the other 33 August-onward rows with no payer - 'all personal card ending in 9166',migration,gm-1a02bac74ca39cab,https://mail.google.com/mail/u/0/#all/1a02bac74ca39cab,gmail,id,RECAST BIZ,Subscriptions,,,,,,
migration-20260822-f47d633f496d,2026-08-22,OVERHEAD,,1520,read,1026,"Anthropic, PBC","Auto-recharge credits (Anthropic API), receipt #2592-0542-6839, invoice A90U2FHF",PAUL,Paul: 2026-09-18: the other 33 August-onward rows with no payer - 'all personal card ending in 9166',migration,gm-1a02bac54f55c07c,https://mail.google.com/mail/u/0/#all/1a02bac54f55c07c,gmail,id,RECAST BIZ,Subscriptions,,,,,,
migration-20260822-016b0c8717ce,2026-08-22,OVERHEAD,,1520,read,1026,"Anthropic, PBC","Auto-recharge credits (Anthropic API), receipt #2592-0542-6839, invoice A90U2FHF",PAUL,Paul: 2026-09-18: the other 33 August-onward rows with no payer - 'all personal card ending in 9166',migration,gm-1a02b9f45ae9625c,https://mail.google.com/mail/u/0/#all/1a02b9f45ae9625c,gmail,id,RECAST BIZ,Subscriptions,,,,,,
migration-20260822-564787358eda,2026-08-22,OVERHEAD,,1520,read,1357,"Anthropic, PBC","Auto-recharge credits (Anthropic API), receipt #2540-4444-8353, invoice A90U2FHF",PAUL,Paul: 2026-09-18: the other 33 August-onward rows with no payer - 'all personal card ending in 9166',migration,gm-1a02ba5fbeb12517,https://mail.google.com/mail/u/0/#all/1a02ba5fbeb12517,gmail,id,RECAST BIZ,Subscriptions,,,,,,
migration-20260823-5b8ee631c849,2026-08-23,OVERHEAD,,6400,read,3449,"Adobe, Inc.","Adobe subscription (Qty 1, Order ID BL3558963587, via PayPal)",PAUL,Paul: 2026-09-18: the other 33 August-onward rows with no payer - 'all personal card ending in 9166',migration,gm-1a03123300dc1f52,https://mail.google.com/mail/u/0/#all/1a03123300dc1f52,gmail,id,RECAST BIZ,Subscriptions,,,,,,
migration-20260824-f8a388dc52de,2026-08-24,OVERHEAD,,1520,read,1012,"Anthropic, PBC","Auto-recharge credits (Anthropic API), receipt #2248-9349-9496, invoice A90U2FHF",PAUL,read,migration,gm-1a034a3e530b278d,https://mail.google.com/mail/u/0/#all/1a034a3e530b278d,gmail,id,RECAST BIZ,Subscriptions,,,,,,
migration-20260824-236ad109a6e2,2026-08-24,OVERHEAD,,6400,block map,1029,"Anthropic, PBC","Auto-recharge credits (Anthropic API), receipt #2945-3640-9269, invoice A90U2FHF",PAUL,read,migration,gm-1a035f622ce533a3,https://mail.google.com/mail/u/0/#all/1a035f622ce533a3,gmail,id,RECAST BIZ,Subscriptions,,,,,,
migration-20260824-e5437c32c57f,2026-08-24,OVERHEAD,,1520,read,1001,"Anthropic, PBC","Auto-recharge credits (Anthropic API), receipt #2363-5979-4769, invoice A90U2FHF",PAUL,read,migration,gm-1a035c853a691f99,https://drive.google.com/file/d/1ER5dgQzbJXki7W33EUaCfyyC6WAIn3ra/view?usp=drivesdk,drive,id,RECAST BIZ,Subscriptions,,,,,,
migration-20260824-129dc7caeb8c,2026-08-24,OVERHEAD,,1520,read,1003,"Anthropic, PBC","Auto-recharge credits (Anthropic API), receipt #2115-1945-9518, invoice A90U2FHF",PAUL,Paul: 2026-09-18: the other 33 August-onward rows with no payer - 'all personal card ending in 9166',migration,gm-1a036c42cfee9fb1,https://mail.google.com/mail/u/0/#all/1a036c42cfee9fb1,gmail,id,RECAST BIZ,Subscriptions,,,,,,
migration-20260824-db58d74a40f5,2026-08-24,OVERHEAD,,1520,read,1033,"Anthropic, PBC","Auto-recharge credits (Anthropic API), receipt #2716-1965-0164, invoice A90U2FHF",PAUL,Paul: 2026-09-18: the other 33 August-onward rows with no payer - 'all personal card ending in 9166',migration,gm-1a03684911c406b7,https://mail.google.com/mail/u/0/#all/1a03684911c406b7,gmail,id,RECAST BIZ,Subscriptions,,,,,,
migration-20260824-b32c2f82d9c2,2026-08-24,OVERHEAD,,1520,read,1019,"Anthropic, PBC","Auto-recharge credits (Anthropic API), receipt #2929-8845-3599, invoice A90U2FHF",PAUL,Paul: 2026-09-18: the other 33 August-onward rows with no payer - 'all personal card ending in 9166',migration,gm-1a03655e62fd3a7b,https://mail.google.com/mail/u/0/#all/1a03655e62fd3a7b,gmail,id,RECAST BIZ,Subscriptions,,,,,,
migration-20260824-325dd614fa5a,2026-08-24,OVERHEAD,,1520,read,1007,"Anthropic, PBC","Auto-recharge credits (Anthropic API), receipt #2137-6911-8469, invoice A90U2FHF",PAUL,read,migration,gm-1a036c3b2ec73f14,https://mail.google.com/mail/u/0/#all/1a036c3b2ec73f14,gmail,id,RECAST BIZ,Subscriptions,,,,,,
migration-20260903-e1f3d74eccc6,2026-09-03,OVERHEAD,,6400,read,3449,"Adobe, Inc.","Adobe Illustrator subscription (Qty 1, Order ID BL3569536805, paid via PayPal)",PAUL,Paul: 2026-09-18: the other 33 August-onward rows with no payer - 'all personal card ending in 9166',migration,gm-1a069feb80d70f06,https://mail.google.com/mail/u/0/#all/1a069feb80d70f06,gmail,id,RECAST BIZ,Subscriptions,,,,,,
migration-20260906-4552f139c647,2026-09-06,OVERHEAD,,6400,read,1000,OpenAI,"OpenAI API credit balance funding (auto-recharge, card ending 9166, org Personal",PAUL,read,migration,gm-1a0789f8deaf9b67,https://mail.google.com/mail/u/0/#all/1a0789f8deaf9b67,gmail,id,RECAST BIZ,Subscriptions,,,,,,
migration-20260909-046718103cfc,2026-09-09,OVERHEAD,,1520,read,1069,"Anthropic, PBC","Auto-recharge credits (Anthropic API), Qty 1 — receipt #2911-4142-0601, invoice ",PAUL,read,migration,gm-1a08760e4d30f4c6,https://mail.google.com/mail/u/0/#all/1a08760e4d30f4c6,gmail,id,RECAST BIZ,Subscriptions,,,,,,
migration-20260911-21bbaf9f70ff,2026-09-11,OVERHEAD,,6400,read,1034,"Anthropic, PBC","Auto-recharge credits (Anthropic API), Qty 1 — receipt #2142-6159-3565, invoice ",PAUL,read,migration,gm-1a0925642f9693c5,https://drive.google.com/file/d/10zkQOHIMzjz82LMW8dw78ifSRqpChFsj/view?usp=drivesdk,drive,id,RECAST BIZ,Subscriptions,,,,,,
migration-20260911-087b16b44dac,2026-09-11,OVERHEAD,,6400,read,1353,"Anthropic, PBC","Auto-recharge credits (Anthropic API), Qty 1 — receipt #2674-0381-8290, invoice ",PAUL,read,migration,gm-1a0927ee3ea81c8c,https://drive.google.com/file/d/1qBGoCVAZflFXHC_gpvdbHsya7CDnMalJ/view?usp=drivesdk,drive,id,RECAST BIZ,Subscriptions,,,,,,
migration-20260913-7439b673a4d5,2026-09-13,OVERHEAD,,6400,read,10000,"Anthropic, PBC","Max plan - 5x subscription (Sep 13–Oct 13, 2026), invoice UT8RYVIC-0007",PAUL,read,migration,gm-1a09c4ab97c57360,https://drive.google.com/file/d/1TBUI59VkPZl2jKZEtBVWR_gcncQm5uGs/view?usp=drivesdk,drive,id,RECAST BIZ,Subscriptions,,,,,,
migration-20260512-dc95ecdfeb4b,2026-05-12,OVERHEAD,,6300,read,20000,CoreLogic Inc,CoreLogic IVR Charge_2010-676365 (property data/tax IVR service charge),PAUL,read,migration,gm-19e1cdf18dce2496,https://mail.google.com/mail/u/0/#all/19e1cdf18dce2496,gmail,id,RECAST BIZ,Subscriptions,,,,,,
migration-20260212-c3293bd30231,2026-02-12,OVERHEAD,,6300,read,40000,CoreLogic Inc,CoreLogic IVR Charge_2010-676365 (property data service charge),PAUL,read,migration,gm-19c5345600aec21b,https://mail.google.com/mail/u/0/#all/19c5345600aec21b,gmail,id,RECAST BIZ,Subscriptions,,,,,,
migration-20260915-f63edb6aec15,2026-09-15,OVERHEAD,,6300,read,23500,CoreLogic Inc,CoreLogic IVR Charge_2010-676365 — invoice 30902041 (property data service),PAUL,read,migration,gm-1a0a7459938d1be4,https://mail.google.com/mail/u/0/#all/1a0a7459938d1be4,gmail,id,RECAST BIZ,Subscriptions,,,,,,
migration-20260915-c91e9d19a6e7,2026-09-15,OVERHEAD,,6300,read,20000,CoreLogic Inc,CoreLogic IVR Charge_2010-676365 — invoice 30889149 (property data service),PAUL,read,migration,gm-1a0a7459938d1be4,https://mail.google.com/mail/u/0/#all/1a0a7459938d1be4,gmail,id,RECAST BIZ,Subscriptions,,,,,,
migration-20260915-57ebdaf1b0f7,2026-09-15,OVERHEAD,,1520,read,1012,"Anthropic, PBC","Auto-recharge credits (Anthropic API), Qty 1 — receipt #2777-8059-3639, invoice ",PAUL,read,migration,gm-1a0a86d9a9003256,https://drive.google.com/file/d/1Eg07pFFIgOucU4FG-4awanopqIwDPxrQ/view?usp=drivesdk,drive,id,RECAST BIZ,Subscriptions,,,,,,
migration-20260605-0125b342ef32,2026-06-05,OVERHEAD,,6410,read,900,"Netlify, Inc.","Netlify Members seat, Jun 5 – Jul 4, 2026 (invoice #SFWGOE-00002, 1000 credits/m",PAUL,read,migration,gm-19e9a230618686d5,https://drive.google.com/file/d/1rvEq2q--U6WGyr-blCQUDipax6eCdsxd/view?usp=drivesdk,drive,id,RECAST BIZ,Website,,,,,,
migration-20260613-9fd1338aa35e,2026-06-13,OVERHEAD,,6410,block map,0,"Netlify, Inc.","Netlify, Inc. invoice (#SFWGOE-00004)",PAUL,D-026.2 (before August),migration,,,,weak,RECAST BIZ,Website,,WEAK_MATCH_UNCONFIRMED,,ZERO_AMOUNT (a $0.00 row: nothing to post),,
migration-20260618-0642339fc709,2026-06-18,OVERHEAD,,6400,read,2900,Apify Technologies s.r.o.,Starter plan (monthly) subscription 2026-06-18 to 2026-07-17,PAUL,read,migration,gm-19ed80dfe6dc2f18,https://drive.google.com/file/d/1hubx_J4Psn5ZCiGQB76XsOf5yTuYB3TW/view?usp=drivesdk,drive,strong,RECAST BIZ,Website,,,,,,
migration-20260714-236e1354565c,2026-07-14,OVERHEAD,,6410,block map,2000,"Netlify, Inc.","Netlify Base Plan (Jul 13 – Aug 12, 2026), invoice #SFWGOE-00006",PAUL,read,migration,gm-19f5e35c4f615eba,https://mail.google.com/mail/u/0/#all/19f5e35c4f615eba,gmail,id,RECAST BIZ,Website,,,,,,
migration-20260814-c7f543d99c23,2026-08-14,OVERHEAD,,6410,read,2000,"Netlify, Inc.","Netlify Base Plan (Aug 13 – Sep 12, 2026), invoice #SFWGOE-00007",PAUL,Paul: 2026-09-18: the other 33 August-onward rows with no payer - 'all personal card ending in 9166',migration,gm-19ffdd917bf87cc8,https://mail.google.com/mail/u/0/#all/19ffdd917bf87cc8,gmail,id,RECAST BIZ,Website,,,,,,
migration-00000000-57b8e434ab49,,OVERHEAD,,6410,block map,2900,Apify,Monthly Apify subscription,PAUL,Paul: 2026-09-18: the other 33 August-onward rows with no payer - 'all personal card ending in 9166',migration,,,,none,RECAST BIZ,Website,,NO_DOC;NO_DATE,,"DROPPED_BY_PAUL C-5: 2026-09-18: the undated $29 Apify row is a duplicate (four charges May-Aug, five rows) - 'agreed', drop it",,
migration-20260914-757fc2db144c,2026-09-14,OVERHEAD,,6410,read,2000,"Netlify, Inc.","Netlify hosting — 3000 credits per month, invoice #SFWGOE-00008",PAUL,Paul: 2026-09-18: the other 33 August-onward rows with no payer - 'all personal card ending in 9166',migration,gm-1a09dd4b4cfb2200,https://mail.google.com/mail/u/0/#all/1a09dd4b4cfb2200,gmail,id,RECAST BIZ,Website,,,,,,
migration-20260518-da28392dd7c4,2026-05-18,OVERHEAD,,6400,read,2900,Apify Technologies s.r.o.,"Apify Starter plan (monthly) subscription, billing period 2026-05-18 to 2026-06-",PAUL,read,migration,gm-19e3b88cf75b8f2b,https://drive.google.com/file/d/14DGN6R6FbmCj_rcveBS25yDARuSTRSGW/view?usp=drivesdk,drive,id,RECAST BIZ,Website,,,,,,
migration-20260718-ca6ba54d0132,2026-07-18,OVERHEAD,,6400,read,2900,Apify Technologies s.r.o.,Apify Starter plan (monthly) subscription — prepayment for billing period 2026-0,PAUL,read,migration,gm-19f729408be2654a,https://drive.google.com/file/d/1AUphjurkAGcKgKt1n7oTkWZuet4QNuM4/view?usp=drivesdk,drive,id,RECAST BIZ,Website,,,,,,
migration-20260818-a4ffa4072f4c,2026-08-18,OVERHEAD,,6400,read,2900,Apify Technologies s.r.o.,"Apify Starter plan (monthly) subscription, billing period 2026-08-18 to 2026-09-",PAUL,read,migration,gm-1a01237668c6f478,https://mail.google.com/mail/u/0/#all/1a01237668c6f478,gmail,id,RECAST BIZ,Website,,,,,,
migration-20260202-5ca86febd6e7,2026-02-02,OVERHEAD,,6300,read,1000,Local Government Solutions (Online Record Search),"Ellis County Clerk property record copy, case 2531375, 10 pages",PAUL,read,migration,gm-19c1eedb38c22d7c,https://drive.google.com/file/d/1oDoPyYUyoQs5ighYtfvOaCQHuIZUu4q1/view?usp=drivesdk,drive,id,RECAST BIZ,Business,,,,,,
migration-20260225-543fed8dd13e,2026-02-25,OVERHEAD,,6300,read,1000,Local Government Solutions (Online Record Search),"Ellis County Clerk property record copies, case #1829399, 10 pages",PAUL,read,migration,gm-19c976016b5f86ab,https://drive.google.com/file/d/1FgimijyoGkZQ9j9-irA73CjUSqTlIJ8t/view?usp=drivesdk,drive,id,RECAST BIZ,Business,,,,,,
migration-20260304-3147742dbdf9,2026-03-04,OVERHEAD,,6300,read,400,Local Government Solutions (Online Record Search),"Ellis County Clerk property record copy, case 2530934, 4 pages",PAUL,read,migration,gm-19cb8fc101144ecd,https://drive.google.com/file/d/1y99c8W6obKUA8cu_1pl_TNvZtC-mo0WY/view?usp=drivesdk,drive,id,RECAST BIZ,Business,,,,,,
migration-20260304-4c34e666b439,2026-03-04,OVERHEAD,,6300,read,30,Local Government Solutions (Online Record Search),Local Government Solutions transaction fee,PAUL,read,migration,gm-19cb8fc101144ecd,https://drive.google.com/file/d/1y99c8W6obKUA8cu_1pl_TNvZtC-mo0WY/view?usp=drivesdk,drive,id,RECAST BIZ,Business,,,,,,
migration-20260503-3893ca55947e,2026-05-03,OVERHEAD,,6300,read,600,Local Government Solutions (Online Record Search) / Ellis County Clerk,"Ellis County Clerk property record copy — case/file 2321097, 6 pages",PAUL,read,migration,gm-19df0779b2ab5adc,https://drive.google.com/file/d/1-xlDmUUXMsYkp5Fth4uTW0NIqeDHeA-t/view?usp=drivesdk,drive,id,RECAST BIZ,Business,,,,,,
migration-20260503-2305adb09d35,2026-05-03,OVERHEAD,,6300,read,30,Local Government Solutions (Online Record Search) / Ellis County Clerk,Local Government Solutions online records transaction fee,PAUL,read,migration,gm-19df0779b2ab5adc,https://drive.google.com/file/d/1-xlDmUUXMsYkp5Fth4uTW0NIqeDHeA-t/view?usp=drivesdk,drive,id,RECAST BIZ,Business,,,,,,
migration-20260504-fd572e96465d,2026-05-04,OVERHEAD,,6300,read,200,Local Government Solutions (Online Record Search),"Ellis County Clerk property record search, case #2605504, 2 pages",PAUL,read,migration,gm-19df59f328692144,https://drive.google.com/file/d/10WZSMvvZiiQi4mmB7CHj05JQPVfEW-MU/view?usp=drivesdk,drive,id,RECAST BIZ,Business,,,,,,
migration-20260504-22533e96be96,2026-05-04,OVERHEAD,,6300,read,30,Local Government Solutions (Online Record Search),Local Government Solutions transaction fee,PAUL,read,migration,gm-19df59f328692144,https://drive.google.com/file/d/10WZSMvvZiiQi4mmB7CHj05JQPVfEW-MU/view?usp=drivesdk,drive,id,RECAST BIZ,Business,,,,,,
migration-20260518-6d1f52c72936,2026-05-18,OVERHEAD,,6900,read,10000,Oregon Secretary of State (NIC/nicusa.com),"Oregon Business Filing fee (Order ID 166549550, ref 242338697)",PAUL,read,migration,gm-19e3baaed0e83190,https://mail.google.com/mail/u/0/#all/19e3baaed0e83190,gmail,id,RECAST BIZ,Business,,,,,,
migration-20260728-f0d8f32e42cc,2026-07-28,OVERHEAD,,6300,read,100,Texas Secretary of State,Name Availability search - Recast Properties LLC (doc 1611201530003),PAUL,read,migration,gm-19fa946c82462b2b,https://mail.google.com/mail/u/0/#all/19fa946c82462b2b,gmail,id,RECAST BIZ,Business,,,,,,
migration-20260728-8b136a8cb0f3,2026-07-28,OVERHEAD,,6300,read,100,Texas Secretary of State,Name Availability search - Recast Property Group LLC (doc 1611201530004),PAUL,read,migration,gm-19fa946c82462b2b,https://mail.google.com/mail/u/0/#all/19fa946c82462b2b,gmail,id,RECAST BIZ,Business,,,,,,
migration-20260827-0d6964d65986,2026-08-27,OVERHEAD,,6900,read,10000,Oregon Secretary of State - Corporation Division,"Oregon SOS Corporation Division filing fee - Articles of Amendment/Dissolution, ",PAUL,read,migration,gm-1a04a3178e6ef1c7,https://mail.google.com/mail/u/0/#all/1a04a3178e6ef1c7,gmail,id,RECAST BIZ,Business,,,,,,
migration-20260828-71a32688332d,2026-08-28,OVERHEAD,,6900,block map,1275,FedEx Office,"FedEx Express 2Day envelope shipment to Oregon Secretary of State, Corporation D",PAUL,read,migration,gm-1a04a6adddd5fc8b,https://mail.google.com/mail/u/0/#all/1a04a6adddd5fc8b,gmail,id,RECAST BIZ,Business,,,,,,
migration-20260910-a521a660ce86,2026-09-10,OVERHEAD,,6500,read,4900,Oregon Registered Agent LLC,"Oregon Mail Scanning Service, 09/10/2026 - 09/10/2027",PAUL,read,migration,gm-1a08bee3d03d3f93,https://drive.google.com/file/d/197rL1iM7JokjufpXuhwkRfIGwki7MkGF/view?usp=drivesdk,drive,id,RECAST BIZ,Business,,,,,,
migration-20260910-a53457c8d0e4,2026-09-10,OVERHEAD,,6900,read,3500,Oregon Registered Agent LLC,"Oregon Registered Agent Service, 09/10/2026 - 09/10/2027",PAUL,read,migration,gm-1a08bee3d03d3f93,https://drive.google.com/file/d/197rL1iM7JokjufpXuhwkRfIGwki7MkGF/view?usp=drivesdk,drive,id,RECAST BIZ,Business,,,,,,
migration-00000000-0a936d876db3,,OVERHEAD,,6930,block map,66667,420 Alyssa,,PAUL,Paul: 2026-09-18: the other 33 August-onward rows with no payer - 'all personal card ending in 9166',migration,,,,none,RECAST BIZ,Interest,,NO_DOC;NO_DATE,,DROPPED_BY_PAUL C-6: 2026-09-18: the $666.67 '420 Alyssa' interest row - 'remove it from the books',,
migration-20260707-946eb01d96c4,2026-07-07,881 Newport,,1130,read,30000,Effren,Landscaping,PAUL,Paul Paid box,migration,gm-19f99daa6dab8453,https://mail.google.com/mail/u/0/#all/19f99daa6dab8453,gmail,strong,881 Newport,,4,,,,,
migration-20260629-aa0662a0e04a,2026-06-29,881 Newport,,1120,read,15000,Rocket Water,Water,PAUL,Paul Paid box,migration,gm-19f2375f3f8eeb7c,https://drive.google.com/file/d/13121IPjeEzgGN7w-OBeBGoVXsOBgD0wa/view?usp=drivesdk,drive,strong,881 Newport,,4,,,,,
migration-20260707-08bb3de4a7b0,2026-07-07,881 Newport,,1130,read,5500,Effren,Landscaping,PAUL,Paul Paid box,migration,gm-19f99daa6dab8453,https://mail.google.com/mail/u/0/#all/19f99daa6dab8453,gmail,strong,881 Newport,,5,,,,,
migration-20260629-eef0a69ee33f,2026-06-29,881 Newport,,1120,read,6323,TXU,Electricity,PAUL,Paul Paid box,migration,gm-19fae6d7ce78c68a,https://mail.google.com/mail/u/0/#all/19fae6d7ce78c68a,gmail,strong,881 Newport,,5,,,,,
migration-20260701-a94cca0bc9fe,2026-07-01,881 Newport,,1030,payee (retailer),756,Home Depot,Drywall Panel,PAUL,Paul Paid box,migration,,,,weak,881 Newport,,6,WEAK_MATCH_UNCONFIRMED,,,,
migration-20260830-df0dad153ea0,2026-08-30,881 Newport,,1120,read,14472,Rocket Water,Water,1401,"Recast Account box (Paul 2026-09-18: all are August-September rows, Citizens 1401)",migration,gm-1a0395f7d5566e0d,https://mail.google.com/mail/u/0/#all/1a0395f7d5566e0d,gmail,strong,881 Newport,,6,,,,,
migration-20260701-d9ad524f2035,2026-07-01,881 Newport,,1030,read,377,Home Depot,Plug,PAUL,Paul Paid box,migration,gm-19f237650c695b39,https://drive.google.com/file/d/14pcmNaLOCy7mp_NenfuqW5WHanIhH_lg/view?usp=drivesdk,drive,strong,881 Newport,,7,,,,,
migration-20260826-0b61a56dbcc3,2026-08-26,881 Newport,,1120,read,8872,TXU,Electricity,1401,"Recast Account box (Paul 2026-09-18: all are August-September rows, Citizens 1401)",migration,gm-1a03ea5890cac04e,https://mail.google.com/mail/u/0/#all/1a03ea5890cac04e,gmail,strong,881 Newport,,7,,,,,
migration-20260701-fc70e2621567,2026-07-01,881 Newport,,1030,payee (retailer),647,Home Depot,Roller Trays,PAUL,Paul Paid box,migration,,,,weak,881 Newport,,8,WEAK_MATCH_UNCONFIRMED,,,,
migration-20260910-98f73942542d,2026-09-10,881 Newport,,1120,read,11812,TXU,Electricity,1401,"Recast Account box (Paul 2026-09-18: all are August-September rows, Citizens 1401)",migration,gm-1a09104468189ee2,https://drive.google.com/file/d/1hO5qjfgl6cJX6Mj_m-mI_FTNdoQkKiX0/view?usp=drivesdk,drive,strong,881 Newport,,8,,,,,
migration-20260701-53cb5b6f0cf3,2026-07-01,881 Newport,,1030,payee (retailer),1080,Home Depot,Roller Covers,PAUL,Paul Paid box,migration,,,,weak,881 Newport,,9,WEAK_MATCH_UNCONFIRMED,,,,
migration-20260911-fa909a9b5b39,2026-09-11,881 Newport,,1120,read,19474,Rocket Water,Water,1401,"Recast Account box (Paul 2026-09-18: all are August-September rows, Citizens 1401)",migration,gm-1a091a295143ec7b,https://mail.google.com/mail/u/0/#all/1a091a295143ec7b,gmail,strong,881 Newport,,9,,,,,
migration-20260701-9f44b798b63c,2026-07-01,881 Newport,,1040,read,2856,Home Depot,Paint,PAUL,Paul Paid box,migration,gm-19f237650c695b39,https://drive.google.com/file/d/14pcmNaLOCy7mp_NenfuqW5WHanIhH_lg/view?usp=drivesdk,drive,strong,881 Newport,,10,,,,,
migration-20260701-30eb176a3d13,2026-07-01,881 Newport,,1030,payee (retailer),2556,Home Depot,Toilet Seat,PAUL,Paul Paid box,migration,,,,weak,881 Newport,,11,WEAK_MATCH_UNCONFIRMED,,,,
migration-20260706-33c7b3f0b92a,2026-07-06,881 Newport,,1030,read,9087,Lowes,Paint,PAUL,Paul Paid box,migration,gm-19f375eaba8d8ee8,https://drive.google.com/file/d/1EhIkX32eKg3or1JQjwVIuRODLmXe3t4U/view?usp=drivesdk,drive,strong,881 Newport,,12,,,,,
migration-20260706-128c0f5597b5,2026-07-06,881 Newport,,1030,read,2379,Lowes,Paint,PAUL,Paul Paid box,migration,gm-19f37c23af674543,https://drive.google.com/file/d/1c54_wg1MJUbvSkyT8Pcp0PvV3_Od8Bwz/view?usp=drivesdk,drive,strong,881 Newport,,13,,,,,
migration-20260706-88848e557b02,2026-07-06,881 Newport,,1020,read,50000,Juanito,Garage Painting,PAUL,Paul Paid box,migration,gm-19f390f745f748d4,https://mail.google.com/mail/u/0/#all/19f390f745f748d4,gmail,strong,881 Newport,,14,,,,,
migration-20260706-2755f77def1a,2026-07-06,881 Newport,,1020,read,50000,Mariana,Cleaning,PAUL,Paul Paid box,migration,gm-19f390f745f748d4,https://mail.google.com/mail/u/0/#all/19f390f745f748d4,gmail,strong,881 Newport,,15,,,,,
migration-20260708-742bd49695d3,2026-07-08,881 Newport,,1030,read,1459,Home Depot,Caulk,PAUL,Paul Paid box,migration,gm-19f41acfd298c9d7,https://drive.google.com/file/d/11cCAWolWNeAq5AfFiOhbb5Mf4e3nDdWQ/view?usp=drivesdk,drive,strong,881 Newport,,16,,,,,
migration-20260708-85569c07068d,2026-07-08,881 Newport,,1030,read,1622,Home Depot,Painters Towels,PAUL,Paul Paid box,migration,gm-19f41acfd298c9d7,https://drive.google.com/file/d/11cCAWolWNeAq5AfFiOhbb5Mf4e3nDdWQ/view?usp=drivesdk,drive,strong,881 Newport,,17,,,,,
migration-20260708-e2f6491ce9ee,2026-07-08,881 Newport,,1030,payee (retailer),5112,Home Depot,Towels,PAUL,Paul Paid box,migration,,,,weak,881 Newport,,18,WEAK_MATCH_UNCONFIRMED,,,,
migration-20260708-1eba2e014cf5,2026-07-08,881 Newport,,1030,read,2163,Home Depot,Wall Texture,PAUL,Paul Paid box,migration,gm-19f42c17927282a4,https://mail.google.com/mail/u/0/#all/19f42c17927282a4,gmail,strong,881 Newport,,19,,,,,
migration-20260708-f06c386be5df,2026-07-08,881 Newport,,1030,read,2856,Home Depot,Paint,PAUL,Paul Paid box,migration,gm-19f42c17927282a4,https://mail.google.com/mail/u/0/#all/19f42c17927282a4,gmail,strong,881 Newport,,20,,,,,
migration-20260708-9e6f99e15673,2026-07-08,881 Newport,,1030,read,810,Home Depot,Toilet Paper,PAUL,Paul Paid box,migration,gm-19f43e16247dc4bd,https://drive.google.com/file/d/1puqmQJETnqpovh12tc5uUaoy8h6SN29U/view?usp=drivesdk,drive,strong,881 Newport,,21,,,,,
migration-20260708-a3aa5c727da3,2026-07-08,881 Newport,,1030,read,2856,Home Depot,Paint,PAUL,Paul Paid box,migration,gm-19f43e16247dc4bd,https://drive.google.com/file/d/1puqmQJETnqpovh12tc5uUaoy8h6SN29U/view?usp=drivesdk,drive,strong,881 Newport,,22,,,,,
migration-20260719-ff6230895432,2026-07-19,881 Newport,,1130,payee,11000,Effren - 1372,Landscaping,PAUL,Paul Paid box,migration,,,,none,881 Newport,,23,NO_DOC,,,,
migration-20260830-c7fa3c611882,2026-08-30,881 Newport,,1130,read,11000,Efren - 1390,Landscaping,1401,"Recast Account box (Paul 2026-09-18: all are August-September rows, Citizens 1401)",migration,gm-1a05ab48308800cc,https://mail.google.com/mail/u/0/#all/1a05ab48308800cc,gmail,strong,881 Newport,,24,,,,,
migration-20260905-3e270d79c340,2026-09-05,881 Newport,,1030,read,701,Lowes,Roofing Nails,1401,"Recast Account box (Paul 2026-09-18: all are August-September rows, Citizens 1401)",migration,gm-1a0a0befad5d6040,https://mail.google.com/mail/u/0/#all/1a0a0befad5d6040,gmail,strong,881 Newport,,25,,,,,
migration-20260905-33a45c21d743,2026-09-05,881 Newport,,1030,payee (retailer),647,Lowes,Ashphalt Caulk,1401,"Recast Account box (Paul 2026-09-18: all are August-September rows, Citizens 1401)",migration,,,,weak,881 Newport,,26,WEAK_MATCH_UNCONFIRMED,,,,
migration-20260909-3663d0ddee0f,2026-09-09,881 Newport,,1310,read,37500,Neighborhood Management,HOA Release,1401,"Recast Account box (Paul 2026-09-18: all are August-September rows, Citizens 1401)",migration,gm-1a0a0d8694b4ba83,https://mail.google.com/mail/u/0/#all/1a0a0d8694b4ba83,gmail,strong,881 Newport,,27,,,,,
migration-20260901-1cda3bb1fc34,2026-09-01,469 Brushwood,,1030,read,6162,Home Depot,Door Lock Set,1401,"Recast Account box (Paul 2026-09-18: all are August-September rows, Citizens 1401)",migration,gm-1a05ef58a15ddc6b,https://drive.google.com/file/d/112olxXa0Re96wCdbnOVkCIEH_3HBingi/view?usp=drivesdk,drive,strong,469 Brushwood,,4,,,,,
migration-20260901-50ab93ec130e,2026-09-01,469 Brushwood,,1120,payee,10000,Waxahachie Watwr,Water,1401,"Recast Account box (Paul 2026-09-18: all are August-September rows, Citizens 1401)",migration,,,,none,469 Brushwood,,4,NO_DOC,,,,
migration-20260902-dccfcdccd47d,2026-09-02,469 Brushwood,,1030,read,5409,Home Depot,Front Door Latch,1401,"Recast Account box (Paul 2026-09-18: all are August-September rows, Citizens 1401)",migration,gm-1a0623f8d71b7b81,https://drive.google.com/file/d/1VVBZai5054zzb980qLJEyNEnNvKvTCQe/view?usp=drivesdk,drive,strong,469 Brushwood,,5,,,,,
migration-20260902-b6be780e1e70,2026-09-02,469 Brushwood,,1040,read,33999,Home Depot,Microwave,1401,"Recast Account box (Paul 2026-09-18: all are August-September rows, Citizens 1401)",migration,gm-1a06240c78fa29e2,https://mail.google.com/mail/u/0/#all/1a06240c78fa29e2,gmail,strong,469 Brushwood,,6,,,,,
migration-20260902-0673c6d45c78,2026-09-02,469 Brushwood,,1030,read,-5409,Home Depot,REFUND: Front Door Latch,1401,"Recast Account box (Paul 2026-09-18: all are August-September rows, Citizens 1401)",migration,gm-1a062f72cdc14e33,https://mail.google.com/mail/u/0/#all/1a062f72cdc14e33,gmail,strong,469 Brushwood,,7,,,,,
migration-20260902-4224839e901e,2026-09-02,469 Brushwood,,1030,read,1295,Home Depot,Waether Stripping,1401,"Recast Account box (Paul 2026-09-18: all are August-September rows, Citizens 1401)",migration,gm-1a063139bc9a9a33,https://drive.google.com/file/d/1xTqOhPymTY3Rmsr6cS7cXB6gg6eclsr9/view?usp=drivesdk,drive,strong,469 Brushwood,,8,,,,,
migration-20260902-ab4e22cc5c52,2026-09-02,469 Brushwood,,1030,read,756,Home Depot,Sponges,1401,"Recast Account box (Paul 2026-09-18: all are August-September rows, Citizens 1401)",migration,gm-1a063139bc9a9a33,https://drive.google.com/file/d/1xTqOhPymTY3Rmsr6cS7cXB6gg6eclsr9/view?usp=drivesdk,drive,strong,469 Brushwood,,9,,,,,
migration-20260902-2bafc3fb84a2,2026-09-02,469 Brushwood,,1030,read,816,Home Depot,Door Stops,1401,"Recast Account box (Paul 2026-09-18: all are August-September rows, Citizens 1401)",migration,gm-1a063139bc9a9a33,https://drive.google.com/file/d/1xTqOhPymTY3Rmsr6cS7cXB6gg6eclsr9/view?usp=drivesdk,drive,strong,469 Brushwood,,10,,,,,
migration-20260902-f0b05a61d873,2026-09-02,469 Brushwood,,1030,read,1080,Home Depot,Paint Rollers,1401,"Recast Account box (Paul 2026-09-18: all are August-September rows, Citizens 1401)",migration,gm-1a063139bc9a9a33,https://drive.google.com/file/d/1xTqOhPymTY3Rmsr6cS7cXB6gg6eclsr9/view?usp=drivesdk,drive,strong,469 Brushwood,,11,,,,,
migration-20260902-795fc2598e6d,2026-09-02,469 Brushwood,,1030,read,1945,Home Depot,Scrub Brush,1401,"Recast Account box (Paul 2026-09-18: all are August-September rows, Citizens 1401)",migration,gm-1a063139bc9a9a33,https://drive.google.com/file/d/1xTqOhPymTY3Rmsr6cS7cXB6gg6eclsr9/view?usp=drivesdk,drive,strong,469 Brushwood,,12,,,,,
migration-20260902-21d55d817672,2026-09-02,469 Brushwood,,1030,read,858,Home Depot,Waether Stripping,1401,"Recast Account box (Paul 2026-09-18: all are August-September rows, Citizens 1401)",migration,gm-1a063139bc9a9a33,https://drive.google.com/file/d/1xTqOhPymTY3Rmsr6cS7cXB6gg6eclsr9/view?usp=drivesdk,drive,strong,469 Brushwood,,13,,,,,
migration-20260902-71fdfa8b0d82,2026-09-02,469 Brushwood,,1030,read,1946,Home Depot,Concrete Degreaser,1401,"Recast Account box (Paul 2026-09-18: all are August-September rows, Citizens 1401)",migration,gm-1a063139bc9a9a33,https://drive.google.com/file/d/1xTqOhPymTY3Rmsr6cS7cXB6gg6eclsr9/view?usp=drivesdk,drive,strong,469 Brushwood,,14,,,,,
migration-20260902-35f9d066a9ed,2026-09-02,469 Brushwood,,1030,read,647,Home Depot,Roller Trays,1401,"Recast Account box (Paul 2026-09-18: all are August-September rows, Citizens 1401)",migration,gm-1a063139bc9a9a33,https://drive.google.com/file/d/1xTqOhPymTY3Rmsr6cS7cXB6gg6eclsr9/view?usp=drivesdk,drive,strong,469 Brushwood,,15,,,,,
migration-20260902-e41634cf65c7,2026-09-02,469 Brushwood,,1030,read,1557,Home Depot,Paint,1401,"Recast Account box (Paul 2026-09-18: all are August-September rows, Citizens 1401)",migration,gm-1a063139bc9a9a33,https://drive.google.com/file/d/1xTqOhPymTY3Rmsr6cS7cXB6gg6eclsr9/view?usp=drivesdk,drive,strong,469 Brushwood,,16,,,,,
migration-20260903-ac2804d91eab,2026-09-03,469 Brushwood,,1030,read,377,Home Depot,Liquid Nails,1401,"Recast Account box (Paul 2026-09-18: all are August-September rows, Citizens 1401)",migration,gm-1a0679d10dfb58fc,https://drive.google.com/file/d/1Cc5n079-sBSgOR_WLedbPXyISMXyWHyF/view?usp=drivesdk,drive,strong,469 Brushwood,,17,,,,,
migration-20260903-b6251164eca9,2026-09-03,469 Brushwood,,1030,read,539,Home Depot,Goo Gone,1401,"Recast Account box (Paul 2026-09-18: all are August-September rows, Citizens 1401)",migration,gm-1a0679d10dfb58fc,https://drive.google.com/file/d/1Cc5n079-sBSgOR_WLedbPXyISMXyWHyF/view?usp=drivesdk,drive,strong,469 Brushwood,,18,,,,,
migration-20260903-39c7eff2d016,2026-09-03,469 Brushwood,,1030,read,4655,Home Depot,Paint,1401,"Recast Account box (Paul 2026-09-18: all are August-September rows, Citizens 1401)",migration,gm-1a0679d10dfb58fc,https://drive.google.com/file/d/1Cc5n079-sBSgOR_WLedbPXyISMXyWHyF/view?usp=drivesdk,drive,strong,469 Brushwood,,19,,,,,
migration-20260903-3d45481fe747,2026-09-03,469 Brushwood,,1030,read,4241,Floor & Decor,Flooring Transition,1401,"Recast Account box (Paul 2026-09-18: all are August-September rows, Citizens 1401)",migration,gm-1a067bd438f39de3,https://drive.google.com/file/d/1Q02T9GHJ95gMXo_uuAVTsq6KWmjwq3aW/view?usp=drivesdk,drive,strong,469 Brushwood,,20,,,,,
migration-20260904-57185db2a717,2026-09-04,469 Brushwood,,1030,read,1470,Home Depot,Kilz Primer,1401,"Recast Account box (Paul 2026-09-18: all are August-September rows, Citizens 1401)",migration,gm-1a06cc096121cd45,https://drive.google.com/file/d/1SrVW2xhnQQLyTqumgemDQsFuMLEogMmR/view?usp=drivesdk,drive,strong,469 Brushwood,,21,,,,,
migration-20260904-00928b70508a,2026-09-04,469 Brushwood,,1030,read,1405,Lowes,Mop,1401,"Recast Account box (Paul 2026-09-18: all are August-September rows, Citizens 1401)",migration,gm-1a06da589b0fc446,https://mail.google.com/mail/u/0/#all/1a06da589b0fc446,gmail,strong,469 Brushwood,,22,,,,,
migration-20260904-c5fd4094b591,2026-09-04,469 Brushwood,,1030,read,4328,Lowes,Garage Floor Paint,1401,"Recast Account box (Paul 2026-09-18: all are August-September rows, Citizens 1401)",migration,gm-1a06da589b0fc446,https://mail.google.com/mail/u/0/#all/1a06da589b0fc446,gmail,strong,469 Brushwood,,23,,,,,
migration-20260904-35062e59cac6,2026-09-04,469 Brushwood,,1030,read,756,Lowes,Paint Roller,1401,"Recast Account box (Paul 2026-09-18: all are August-September rows, Citizens 1401)",migration,gm-1a06da589b0fc446,https://mail.google.com/mail/u/0/#all/1a06da589b0fc446,gmail,strong,469 Brushwood,,24,,,,,
migration-20260904-7fe3c251bc9a,2026-09-04,469 Brushwood,,1030,read,1459,Lowes,Caulk,1401,"Recast Account box (Paul 2026-09-18: all are August-September rows, Citizens 1401)",migration,gm-1a06da589b0fc446,https://mail.google.com/mail/u/0/#all/1a06da589b0fc446,gmail,strong,469 Brushwood,,25,,,,,
migration-20260905-036988446f02,2026-09-05,469 Brushwood,,1030,read,810,Lowes,Spray Paint,1401,"Recast Account box (Paul 2026-09-18: all are August-September rows, Citizens 1401)",migration,gm-1a0a0befad5d6040,https://mail.google.com/mail/u/0/#all/1a0a0befad5d6040,gmail,strong,469 Brushwood,,26,,,,,
migration-20260907-81be79990300,2026-09-07,469 Brushwood,,1030,read,4155,Home Depot,Stain,1401,"Recast Account box (Paul 2026-09-18: all are August-September rows, Citizens 1401)",migration,gm-1a07c578a33b385e,https://drive.google.com/file/d/1SElXPZ95McrkuklcFeL5EqwLN7uVnKHk/view?usp=drivesdk,drive,strong,469 Brushwood,,27,,,,,
migration-20260906-46c1614bf08e,2026-09-06,469 Brushwood,,1030,read,3241,Home Depot,Brushes,1401,"Recast Account box (Paul 2026-09-18: all are August-September rows, Citizens 1401)",migration,gm-1a07d2aab4818b57,https://drive.google.com/file/d/17PlZo5qE07wHrcX6SXH1naJdzryIEujX/view?usp=drivesdk,drive,strong,469 Brushwood,,28,,,,,
migration-20260906-f4035cd612a5,2026-09-06,469 Brushwood,,1030,payee (retailer),4155,Home Depot,Stain,1401,"Recast Account box (Paul 2026-09-18: all are August-September rows, Citizens 1401)",migration,,,,weak,469 Brushwood,,29,WEAK_MATCH_UNCONFIRMED,,,,
migration-20260907-b820e72b1603,2026-09-07,469 Brushwood,,1020,payee (labor),25000,Mariana,Cleaning,PAUL,Paul Paid box,migration,gm-1a07ec26660d7659,https://mail.google.com/mail/u/0/#all/1a07ec26660d7659,gmail,strong,469 Brushwood,,30,,,,,
migration-20260906-992dd6525c0f,2026-09-06,469 Brushwood,,1330,read,29900,Joe Iley,Listing Fee,1401,"Recast Account box (Paul 2026-09-18: all are August-September rows, Citizens 1401)",migration,gm-1a080c871b33bb67,https://mail.google.com/mail/u/0/#all/1a080c871b33bb67,gmail,strong,469 Brushwood,,31,,,,,
migration-20260908-5e5f2770bc62,2026-09-08,469 Brushwood,,1030,read,431,Home Depot,Painters Caulk,1401,"Recast Account box (Paul 2026-09-18: all are August-September rows, Citizens 1401)",migration,gm-1a0818cc8dbe30b9,https://drive.google.com/file/d/1r1WV1kDeiDE_qC024Kbpt9Snmiee18iY/view?usp=drivesdk,drive,strong,469 Brushwood,,32,,,,,
migration-20260908-5692399b83c4,2026-09-08,469 Brushwood,,1030,read,268,Home Depot,Wall Switch Plate,1401,"Recast Account box (Paul 2026-09-18: all are August-September rows, Citizens 1401)",migration,gm-1a0818cc8dbe30b9,https://drive.google.com/file/d/1r1WV1kDeiDE_qC024Kbpt9Snmiee18iY/view?usp=drivesdk,drive,strong,469 Brushwood,,33,,,,,
migration-20260908-7052278e016a,2026-09-08,469 Brushwood,,1330,read,5000,FedEx,Marketing Sheets,PAUL,Paul Paid box,migration,gm-1a0837b410c8a58a,https://mail.google.com/mail/u/0/#all/1a0837b410c8a58a,gmail,strong,469 Brushwood,,34,,,,,
migration-20260910-ccdfd569f392,2026-09-10,469 Brushwood,,1330,read,38429,"Homes,com",Advertising,1401,"Recast Account box (Paul 2026-09-18: all are August-September rows, Citizens 1401)",migration,gm-1a08cc9b0171c64c,https://mail.google.com/mail/u/0/#all/1a08cc9b0171c64c,gmail,strong,469 Brushwood,,35,,,,,
migration-20260815-3c7c31512720,2026-08-15,366 Mesa,,1030,read,50000,Carlos,Siding Supplies,1401,"Recast Account box (Paul 2026-09-18: all are August-September rows, Citizens 1401)",migration,gm-1a007f1fdf7903ee,https://mail.google.com/mail/u/0/#all/1a007f1fdf7903ee,gmail,strong,366 Mesa,,3,,,,,
migration-20260819-01bbdf67424d,2026-08-19,366 Mesa,,1020,payee (labor),20000,HILCO,Electricity,1401,"Recast Account box (Paul 2026-09-18: all are August-September rows, Citizens 1401)",migration,gm-1a06e6d1987f7d9c,https://mail.google.com/mail/u/0/#all/1a06e6d1987f7d9c,gmail,strong,366 Mesa,,3,,,,,
migration-20260819-af25cd7190ac,2026-08-19,366 Mesa,,1030,read,50000,Carlos,Siding Insatll,1401,"Recast Account box (Paul 2026-09-18: all are August-September rows, Citizens 1401)",migration,gm-1a01c99454c93634,https://mail.google.com/mail/u/0/#all/1a01c99454c93634,gmail,strong,366 Mesa,,4,,,,,
migration-20260819-01352758e087,2026-08-19,366 Mesa,,1030,read,50000,Carlos,Siding Insatll,1401,"Recast Account box (Paul 2026-09-18: all are August-September rows, Citizens 1401)",migration,gm-1a01c9a4ebc0197d,https://mail.google.com/mail/u/0/#all/1a01c9a4ebc0197d,gmail,strong,366 Mesa,,5,,,,,
migration-20260819-0f3f851fae6d,2026-08-19,366 Mesa,,1030,read,50000,Carlos,Siding Insatll,1401,"Recast Account box (Paul 2026-09-18: all are August-September rows, Citizens 1401)",migration,gm-1a01c9ab2e4af43b,https://mail.google.com/mail/u/0/#all/1a01c9ab2e4af43b,gmail,strong,366 Mesa,,6,,,,,
migration-20260820-0ddd4b018cad,2026-08-20,366 Mesa,,1030,read,50000,Carlos,Siding Insatll,1401,"Recast Account box (Paul 2026-09-18: all are August-September rows, Citizens 1401)",migration,gm-1a01f29ba390b80f,https://mail.google.com/mail/u/0/#all/1a01f29ba390b80f,gmail,strong,366 Mesa,,7,,,,,
migration-20260828-416b87968b1e,2026-08-28,366 Mesa,,1020,payee (labor),150000,Carlos -  Check 1146,Siding Insatll,DENNIS,Dennis Paid box,migration,,,,none,366 Mesa,,8,NO_DOC,,,,
migration-20260828-71656c2d81db,2026-08-28,366 Mesa,,1020,payee (labor),200000,Juanito -  Check 1147,Painting,DENNIS,Dennis Paid box,migration,,,,none,366 Mesa,,9,NO_DOC,,,,
migration-20260826-eb6baa542688,2026-08-26,366 Mesa,,1020,payee (labor),150000,James Haroce,Siding ,DENNIS,Dennis Paid box,migration,,,,none,366 Mesa,,10,NO_DOC,,,,
migration-20260818-46dc910a72b3,2026-08-18,366 Mesa,,1020,payee (labor),22000,Carlos,Soffit,DENNIS,Dennis Paid box,migration,,,,none,366 Mesa,,11,NO_DOC,,,,
migration-20260818-5d8b843b7d12,2026-08-18,366 Mesa,,1030,payee (retailer),118,Home Depot,Pipe coupling,DENNIS,Dennis Paid box,migration,,,,weak,366 Mesa,,12,WEAK_MATCH_UNCONFIRMED,,,,
migration-20260902-7f2d2f5fb4e2,2026-09-02,366 Mesa,,1030,payee (retailer),2072,Home Depot,?,DENNIS,Dennis Paid box,migration,,,,none,366 Mesa,,14,NO_DOC,,,,
migration-20260803-52e20515027e,2026-08-03,366 Mesa,,1030,payee (retailer),1966,Home Depot,?,DENNIS,Dennis Paid box,migration,,,,none,366 Mesa,,15,NO_DOC,,,,
migration-20260811-1e2bbbe99740,2026-08-11,366 Mesa,,1030,read,3659,Amazon,Door Lock,1401,"Recast Account box (Paul 2026-09-18: all are August-September rows, Citizens 1401)",migration,gm-19ff0fce9ebc581d,https://mail.google.com/mail/u/0/#all/19ff0fce9ebc581d,gmail,strong,366 Mesa,,16,,,,,
migration-20260813-1810fa915369,2026-08-13,366 Mesa,,1030,read,14789,Home Depot,5/4 PT Siding Trim,1401,"Recast Account box (Paul 2026-09-18: all are August-September rows, Citizens 1401)",migration,gm-19ffb6db8e1403dc,https://drive.google.com/file/d/1irpLOXO1cq_Z_d8aAhLrspJ4vAUhse_7/view?usp=drivesdk,drive,strong,366 Mesa,,17,,,,,
migration-20260813-b5ad5ffa6a11,2026-08-13,366 Mesa,,1030,read,6057,Lowe's,Exterior Lights,1401,"Recast Account box (Paul 2026-09-18: all are August-September rows, Citizens 1401)",migration,gm-19ffbab89c6e794c,https://mail.google.com/mail/u/0/#all/19ffbab89c6e794c,gmail,strong,366 Mesa,,18,,,,,
migration-20260813-1398faf46a2f,2026-08-13,366 Mesa,,1030,read,972,Lowe's,Light Bulbs,1401,"Recast Account box (Paul 2026-09-18: all are August-September rows, Citizens 1401)",migration,gm-19ffbab89c6e794c,https://mail.google.com/mail/u/0/#all/19ffbab89c6e794c,gmail,strong,366 Mesa,,19,,,,,
migration-20260813-331b1177afce,2026-08-13,366 Mesa,,1030,read,4384,Lowe's,Nail Guards,1401,"Recast Account box (Paul 2026-09-18: all are August-September rows, Citizens 1401)",migration,gm-19ffbab89c6e794c,https://mail.google.com/mail/u/0/#all/19ffbab89c6e794c,gmail,strong,366 Mesa,,20,,,,,
migration-20260813-75069ea77be3,2026-08-13,366 Mesa,,1030,read,20470,Lowe's,1x4 x10 PT Siding Trim,1401,"Recast Account box (Paul 2026-09-18: all are August-September rows, Citizens 1401)",migration,gm-19ffbab89c6e794c,https://mail.google.com/mail/u/0/#all/19ffbab89c6e794c,gmail,strong,366 Mesa,,21,,,,,
migration-20260813-b2410019721a,2026-08-13,366 Mesa,,1030,read,14809,Lowe's,1x3x8 For Pergola,1401,"Recast Account box (Paul 2026-09-18: all are August-September rows, Citizens 1401)",migration,gm-19ffbab89c6e794c,https://mail.google.com/mail/u/0/#all/19ffbab89c6e794c,gmail,strong,366 Mesa,,22,,,,,
migration-20260813-a62a16957f90,2026-08-13,366 Mesa,,1030,read,7547,Lowe's,Flashing,1401,"Recast Account box (Paul 2026-09-18: all are August-September rows, Citizens 1401)",migration,gm-19ffbab89c6e794c,https://mail.google.com/mail/u/0/#all/19ffbab89c6e794c,gmail,strong,366 Mesa,,23,,,,,
migration-20260813-5a0b5ffcd4c3,2026-08-13,366 Mesa,,1030,read,59500,Lowe's,Skirting,1401,"Recast Account box (Paul 2026-09-18: all are August-September rows, Citizens 1401)",migration,gm-19ffbf99b1ac47e9,https://mail.google.com/mail/u/0/#all/19ffbf99b1ac47e9,gmail,strong,366 Mesa,,24,,,,,
migration-20260814-b906d6aece29,2026-08-14,366 Mesa,,1030,read,1188,Home Depot,SCrews,1401,"Recast Account box (Paul 2026-09-18: all are August-September rows, Citizens 1401)",migration,gm-1a000805d296df8b,https://drive.google.com/file/d/1OC65derKXGQVjdxfhUbk9VOAiEt8kw68/view?usp=drivesdk,drive,strong,366 Mesa,,25,,,,,
migration-20260814-65787b16181a,2026-08-14,366 Mesa,,1030,payee (retailer),6961,Home Depot,Door Lock Sets,1401,"Recast Account box (Paul 2026-09-18: all are August-September rows, Citizens 1401)",migration,,,,weak,366 Mesa,,26,WEAK_MATCH_UNCONFIRMED,,,,
migration-20260814-ad2022230c01,2026-08-14,366 Mesa,,1030,read,4408,Home Depot,5/4 PT Siding Trim,1401,"Recast Account box (Paul 2026-09-18: all are August-September rows, Citizens 1401)",migration,gm-1a00080eaf1523dd,https://drive.google.com/file/d/16Ft5kyDOG2kb8sc8_dFDsWyhVJgrfmI9/view?usp=drivesdk,drive,strong,366 Mesa,,27,,,,,
migration-20260903-0571591632fd,2026-09-03,366 Mesa,,1030,read,23900,Lowe's,Skirting,1401,"Recast Account box (Paul 2026-09-18: all are August-September rows, Citizens 1401)",migration,gm-1a0670481531c3e9,https://mail.google.com/mail/u/0/#all/1a0670481531c3e9,gmail,strong,366 Mesa,,28,,,,,
migration-20260625-15e6d8735621,2026-06-25,136 Bowling Green,,1030,read,3103,Amazon,Door Lock,PAUL,Paul Paid box,migration,gm-19f00ab9125115f9,https://mail.google.com/mail/u/0/#all/19f00ab9125115f9,gmail,strong,136 Bowling Green,,3,,,,,
migration-20260625-6b101781a8b4,2026-06-25,136 Bowling Green,,1030,read,647,Home Depot,Roller Trays,PAUL,Paul Paid box,migration,gm-19f00c2049c512fe,https://mail.google.com/mail/u/0/#all/19f00c2049c512fe,gmail,strong,136 Bowling Green,,4,,,,,
migration-20260625-2dfa0e94c087,2026-06-25,136 Bowling Green,,1030,read,756,Home Depot,Drywall Panel,PAUL,Paul Paid box,migration,gm-19f00c2049c512fe,https://mail.google.com/mail/u/0/#all/19f00c2049c512fe,gmail,strong,136 Bowling Green,,5,,,,,
migration-20260625-d4ee5777305c,2026-06-25,136 Bowling Green,,1030,read,3328,Home Depot,9V Batteries,PAUL,Paul Paid box,migration,gm-19f00c2049c512fe,https://mail.google.com/mail/u/0/#all/19f00c2049c512fe,gmail,strong,136 Bowling Green,,6,,,,,
migration-20260625-33c7d979b926,2026-06-25,136 Bowling Green,,1030,read,1171,Home Depot,Drywayll Mud,PAUL,Paul Paid box,migration,gm-19f00c2049c512fe,https://mail.google.com/mail/u/0/#all/19f00c2049c512fe,gmail,strong,136 Bowling Green,,7,,,,,
migration-20260627-da5bb54c675f,2026-06-27,136 Bowling Green,,1120,read,11615,City of Red Oak,Water,PAUL,Paul Paid box,migration,gm-19ed16988e311cba,https://drive.google.com/file/d/1QtkxGkRIR_9pbGyo_PXm62fbGXo1NLs7/view?usp=drivesdk,drive,strong,136 Bowling Green,,7,,,,,
migration-20260625-19afd8d5c51f,2026-06-25,136 Bowling Green,,1030,read,6059,Home Depot,Paint,PAUL,Paul Paid box,migration,gm-19f00c2049c512fe,https://mail.google.com/mail/u/0/#all/19f00c2049c512fe,gmail,strong,136 Bowling Green,,8,,,,,
migration-20260729-6d8bd7570de1,2026-07-29,136 Bowling Green,,1120,read,10212,TXU,Electricity,PAUL,Paul Paid box,migration,gm-19f98341582eb450,https://mail.google.com/mail/u/0/#all/19f98341582eb450,gmail,strong,136 Bowling Green,,8,,,,,
migration-20260625-4eef03cc5dce,2026-06-25,136 Bowling Green,,1030,read,4597,Home Depot,Door Lock Set,PAUL,Paul Paid box,migration,gm-19f00c2049c512fe,https://mail.google.com/mail/u/0/#all/19f00c2049c512fe,gmail,strong,136 Bowling Green,,9,,,,,
migration-20260818-a57704baba59,2026-08-18,136 Bowling Green,,1120,payee,44747,City of Red Oak,Water,PAUL,Paul Paid box,migration,gm-1a0161453c5660f8,https://mail.google.com/mail/u/0/#all/1a0161453c5660f8,gmail,strong,136 Bowling Green,,9,,,,,
migration-20260626-1e672b475cc1,2026-06-26,136 Bowling Green,,1030,read,804,Home Depot,Toilet Paper,PAUL,Paul Paid box,migration,gm-19f0e8b993f57cd0,https://drive.google.com/file/d/1LDbnvaDUWaehYpm43Pn3u2YCPeYJv8cg/view?usp=drivesdk,drive,strong,136 Bowling Green,,10,,,,,
migration-20260626-c166d943be22,2026-06-26,136 Bowling Green,,1030,read,1438,Home Depot,Drywall Tape,PAUL,Paul Paid box,migration,gm-19f059f5de8379eb,https://mail.google.com/mail/u/0/#all/19f059f5de8379eb,gmail,strong,136 Bowling Green,,11,,,,,
migration-20260626-a3549acac88a,2026-06-26,136 Bowling Green,,1030,read,1171,Home Depot,Drywayll Mud,PAUL,Paul Paid box,migration,gm-19f00c2049c512fe,https://mail.google.com/mail/u/0/#all/19f00c2049c512fe,gmail,strong,136 Bowling Green,,12,,,,,
migration-20260626-636f707d1ced,2026-06-26,136 Bowling Green,,1030,read,1622,Home Depot,Pole Sander,PAUL,Paul Paid box,migration,gm-19fd34b701a40539,https://drive.google.com/file/d/1sq8446TZvhxr_BFR4TW2IKiXmVWj-FsF/view?usp=drivesdk,drive,strong,136 Bowling Green,,13,,,,,
migration-20260626-8848452ba0ca,2026-06-26,136 Bowling Green,,1030,read,1297,Home Depot,Taping Knife,PAUL,Paul Paid box,migration,gm-19f059f5de8379eb,https://mail.google.com/mail/u/0/#all/19f059f5de8379eb,gmail,strong,136 Bowling Green,,14,,,,,
migration-20260626-cbdc3ff17397,2026-06-26,136 Bowling Green,,1030,payee (retailer),647,Home Depot,Sand Paper,PAUL,Paul Paid box,migration,,,,none,136 Bowling Green,,15,NO_DOC,,,,
migration-20260626-9a552ad9e8e5,2026-06-26,136 Bowling Green,,1030,read,1285,Home Depot,9V Batteries,PAUL,Paul Paid box,migration,gm-19f059f5de8379eb,https://mail.google.com/mail/u/0/#all/19f059f5de8379eb,gmail,strong,136 Bowling Green,,16,,,,,
migration-20260626-1ee7330001e1,2026-06-26,136 Bowling Green,,1030,read,1901,Home Depot,Light Bulbs,PAUL,Paul Paid box,migration,gm-19f059f5de8379eb,https://mail.google.com/mail/u/0/#all/19f059f5de8379eb,gmail,strong,136 Bowling Green,,17,,,,,
migration-20260626-38620c2b4c7d,2026-06-26,136 Bowling Green,,1030,read,4321,Home Depot,Front Door Handle,PAUL,Paul Paid box,migration,gm-19f059f5de8379eb,https://mail.google.com/mail/u/0/#all/19f059f5de8379eb,gmail,strong,136 Bowling Green,,18,,,,,
migration-20260627-90b64efd23e3,2026-06-27,136 Bowling Green,,1030,read,4326,Home Depot,Wall Texture,PAUL,Paul Paid box,migration,gm-19f093595e1ff13a,https://drive.google.com/file/d/1kkeID76RIeJjxLdCHEu9In3d-gdnYuT_/view?usp=drivesdk,drive,strong,136 Bowling Green,,19,,,,,
migration-20260627-760e54130e0e,2026-06-27,136 Bowling Green,,1020,read,31500,Effren,Landscaping,DENNIS,Dennis Paid box,migration,gm-19f0b0b7538d446b,https://mail.google.com/mail/u/0/#all/19f0b0b7538d446b,gmail,strong,136 Bowling Green,,20,,,,,
migration-20260628-c4c93c59c008,2026-06-28,136 Bowling Green,,1030,read,10717,Home Depot,Stain Striker,PAUL,Paul Paid box,migration,gm-19f0e855936a44de,https://drive.google.com/file/d/1M85y1sckxBG5wVdCnzJ2D1nMK63R4-No/view?usp=drivesdk,drive,strong,136 Bowling Green,,21,,,,,
migration-20260628-cbd02ea52f51,2026-06-28,136 Bowling Green,,1030,read,197,Home Depot,Screws,PAUL,Paul Paid box,migration,gm-19f0e855936a44de,https://drive.google.com/file/d/1M85y1sckxBG5wVdCnzJ2D1nMK63R4-No/view?usp=drivesdk,drive,strong,136 Bowling Green,,22,,,,,
migration-20260628-7ac7b22d96b9,2026-06-28,136 Bowling Green,,1030,read,506,Home Depot,Rolloer Covers,PAUL,Paul Paid box,migration,gm-19f0e855936a44de,https://drive.google.com/file/d/1M85y1sckxBG5wVdCnzJ2D1nMK63R4-No/view?usp=drivesdk,drive,strong,136 Bowling Green,,23,,,,,
migration-20260628-8c3a323a3da5,2026-06-28,136 Bowling Green,,1030,read,485,Home Depot,Great Stuff,PAUL,Paul Paid box,migration,gm-19f0e855936a44de,https://drive.google.com/file/d/1M85y1sckxBG5wVdCnzJ2D1nMK63R4-No/view?usp=drivesdk,drive,strong,136 Bowling Green,,24,,,,,
migration-20260628-ed387b83e256,2026-06-28,136 Bowling Green,,1030,read,2163,Home Depot,Wall Texture,PAUL,Paul Paid box,migration,gm-19f0e855936a44de,https://drive.google.com/file/d/1M85y1sckxBG5wVdCnzJ2D1nMK63R4-No/view?usp=drivesdk,drive,strong,136 Bowling Green,,25,,,,,
migration-20260628-a83228bff19e,2026-06-28,136 Bowling Green,,1030,read,2379,Home Depot,Bondo,PAUL,Paul Paid box,migration,gm-19f0e855936a44de,https://drive.google.com/file/d/1M85y1sckxBG5wVdCnzJ2D1nMK63R4-No/view?usp=drivesdk,drive,strong,136 Bowling Green,,26,,,,,
migration-20260630-650507e2efd4,2026-06-30,136 Bowling Green,,1030,read,324,Ace Hardware,Door Stop,PAUL,Paul Paid box,migration,gm-19f1a71858c0d365,https://mail.google.com/mail/u/0/#all/19f1a71858c0d365,gmail,strong,136 Bowling Green,,27,,,,,
migration-20260630-bba03e573d6a,2026-06-30,136 Bowling Green,,1030,read,432,Ace Hardware,Toilet Roll Bar,PAUL,Paul Paid box,migration,gm-19f1a71858c0d365,https://mail.google.com/mail/u/0/#all/19f1a71858c0d365,gmail,strong,136 Bowling Green,,28,,,,,
migration-20260630-ca5df05b5afc,2026-06-30,136 Bowling Green,,1130,read,6276,Ace Hardware,Weed & Feed,PAUL,Paul Paid box,migration,gm-19f1a71858c0d365,https://mail.google.com/mail/u/0/#all/19f1a71858c0d365,gmail,strong,136 Bowling Green,,29,,,,,
migration-20260602-45d482ef1ea5,2026-06-02,136 Bowling Green,,1030,read,5736,Ace Hardware,Door Locks,DENNIS,Dennis Paid box,migration,gm-19f3f696a2755181,https://drive.google.com/file/d/1AmxXx39zdByBTNK79XAZcedLRHlfU3ci/view?usp=drivesdk,drive,strong,136 Bowling Green,,30,,,,,
migration-20260628-7782f5813d2d,2026-06-28,136 Bowling Green,,1030,read,1081,Ace Hardware,Paint Roller,PAUL,Paul Paid box,migration,gm-19f0ee822c4aa5ef,https://mail.google.com/mail/u/0/#all/19f0ee822c4aa5ef,gmail,strong,136 Bowling Green,,31,,,,,
migration-20260628-d84831197b73,2026-06-28,136 Bowling Green,,1040,read,12217,Hunter,Fan Remotes,PAUL,Paul Paid box,migration,gm-19f0f64b937a63fa,https://mail.google.com/mail/u/0/#all/19f0f64b937a63fa,gmail,strong,136 Bowling Green,,32,,,,,
migration-20260628-d12d0d247bc1,2026-06-28,136 Bowling Green,,1030,read,12984,Lowes,Garage Floor Paint,PAUL,Paul Paid box,migration,gm-19f0fbce663c9387,https://drive.google.com/file/d/18AHF8I-xkG6ZKOyBKz5NUN--vR47mqfv/view?usp=drivesdk,drive,strong,136 Bowling Green,,33,,,,,
migration-20260628-9ab7fd5c2080,2026-06-28,136 Bowling Green,,1030,read,1455,Lowes,Wasp Spray,PAUL,Paul Paid box,migration,gm-19f0fbce663c9387,https://drive.google.com/file/d/18AHF8I-xkG6ZKOyBKz5NUN--vR47mqfv/view?usp=drivesdk,drive,strong,136 Bowling Green,,34,,,,,
migration-20260628-165055f20e36,2026-06-28,136 Bowling Green,,1030,read,1405,Lowes,Door Matt,PAUL,Paul Paid box,migration,gm-19f0fbce663c9387,https://drive.google.com/file/d/18AHF8I-xkG6ZKOyBKz5NUN--vR47mqfv/view?usp=drivesdk,drive,strong,136 Bowling Green,,35,,,,,
migration-20260629-70a9e08b5cc0,2026-06-29,136 Bowling Green,,1020,read,50000,Mariana,Cleaning,PAUL,Paul Paid box,migration,gm-19f138efc8a67a8f,https://mail.google.com/mail/u/0/#all/19f138efc8a67a8f,gmail,strong,136 Bowling Green,,36,,,,,
migration-20260701-10c73c8c0138,2026-07-01,136 Bowling Green,,1060,read,2580,City of Corsicana,Dump,DENNIS,Dennis Paid box,migration,gm-19f3f6a3d8a8000d,https://drive.google.com/file/d/1hNQpK-N75exrsr1D8ta2q_NbikCad0y1/view?usp=drivesdk,drive,strong,136 Bowling Green,,37,,,,,
migration-20260630-0287e172a11b,2026-06-30,136 Bowling Green,,1020,payee (labor),16000,Lupe,Carpet Laying,DENNIS,Dennis Paid box,migration,,,,none,136 Bowling Green,,38,NO_DOC;CORRECTED,C-13 2026-09-18: both Paul Paid and Dennis Paid were ticked on the old row. Paul: 'dennis paid',,,
migration-20260707-73922606b0f9,2026-07-07,136 Bowling Green,,1130,read,5500,Effren - 1372,Landscaping,PAUL,Paul Paid box,migration,gm-19f99daa6dab8453,https://mail.google.com/mail/u/0/#all/19f99daa6dab8453,gmail,strong,136 Bowling Green,,39,,,,,
migration-20260629-416ecfd00a44,2026-06-29,136 Bowling Green,,1030,payee (retailer),43121,Lowe's,Carpet ,DENNIS,Dennis Paid box,migration,,,,none,136 Bowling Green,,40,NO_DOC,,,,
migration-20260719-54dda1562b6d,2026-07-19,136 Bowling Green,,1130,payee,11000,Effren - 1373,Landscaping,PAUL,Paul Paid box,migration,,,,none,136 Bowling Green,,41,NO_DOC,,,,
migration-20260805-fe3ac1b12ea4,2026-08-05,136 Bowling Green,,1030,read,3277,Home Depot,Door Jamb Repair Kit,PAUL,Paul Paid box,migration,gm-19fd3a7c839fa873,https://drive.google.com/file/d/16J_uc0dKVexvwouWiDivXbIbcXK5EPqK/view?usp=drivesdk,drive,strong,136 Bowling Green,,42,,,,,
migration-20260805-dab4d33eea3f,2026-08-05,136 Bowling Green,,1030,read,2299,Ace Hardware,Padlock,PAUL,Paul Paid box,migration,gm-19fd4002e0935c03,https://drive.google.com/file/d/1EfY_Lfa7b7guZgzZkT84kPFDcgUemzxo/view?usp=drivesdk,drive,strong,136 Bowling Green,,43,,,,,
migration-20260806-59fd76d78248,2026-08-06,136 Bowling Green,,1030,read,4556,McCoy's,Trim,PAUL,Paul Paid box,migration,gm-19fd7f3f3ed0e605,https://drive.google.com/file/d/128f00XZRGnTA0ue9E_DhO7l4bXIDo7nd/view?usp=drivesdk,drive,strong,136 Bowling Green,,44,,,,,
migration-20260806-8f6fc7c5de09,2026-08-06,136 Bowling Green,,1030,read,713,Ace Hardware,Caulk,PAUL,Paul Paid box,migration,gm-19fd84c06f959785,https://drive.google.com/file/d/1AVuvBfrDLS-HhPPf38KF47bsvG6QqPoi/view?usp=drivesdk,drive,strong,136 Bowling Green,,45,,,,,
migration-20260803-8e490acaeacd,2026-08-03,136 Bowling Green,,1030,payee (retailer),10715,The Home Depot,HWTSTAT - Honeywell T5 7-Day 2-Stage Programmable Thermostat (SKU 085267851534),PAUL,Paul Paid box,migration,,,,none,136 Bowling Green,,46,NO_DOC,,,,
migration-20260112-17dcb0e9743a,2026-01-12,104 Ashburne,Paint & Flooring,1020,payee (labor),700000,Juan Garcia,Drywall/Supplies/Painting,PAUL,D-026.2 (before August),migration,,,,none,104 Ashburne,Paint & Flooring,3,NO_DOC,,,,
migration-20260112-fbfd4487126b,2026-01-12,104 Ashburne,Trash,1060,read,2730,City of Corsicana,Dump,PAUL,read,migration,gm-19bb34a7b73dc87b,https://drive.google.com/file/d/18PVt8jQSgoufqdxiBzCI32CzaXeCjxtj/view?usp=drivesdk,drive,strong,104 Ashburne,Trash,3,,,,,
migration-20260116-c6a6d38295e0,2026-01-16,104 Ashburne,Lighting & Electrical,1030,read,2594,Home Depot,Light Bulbs,PAUL,read,migration,gm-19badcf888c0b1cb,https://drive.google.com/file/d/18kwSM9i62HT2pKEvr0gnuCMlvVbSj008/view?usp=drivesdk,drive,strong,104 Ashburne,Lighting & Electrical,3,,,,,
migration-20260210-986d26f38e4d,2026-02-10,104 Ashburne,Master Bath,1030,read,75006,Floor & Decor,Shower Tile,PAUL,read,migration,gm-19c47f0f4b6b4731,https://mail.google.com/mail/u/0/#all/19c47f0f4b6b4731,gmail,strong,104 Ashburne,Master Bath,3,,,,,
migration-20260217-34c4c20805b8,2026-02-17,104 Ashburne,Small Baths,1030,payee (retailer),4499,Home Depot,Shark Bite Toilet Connectors,PAUL,D-026.2 (before August),migration,,,,weak,104 Ashburne,Small Baths,3,WEAK_MATCH_UNCONFIRMED,,,,
migration-20260105-57e8a1846aaa,2026-01-05,104 Ashburne,Pool,1020,payee (labor),20000,Julio,Clean out,PAUL,D-026.2 (before August),migration,,,,none,104 Ashburne,Pool,3,NO_DOC,,,,
migration-20260112-d117bbccbfc9,2026-01-12,104 Ashburne,Landscaping,1020,payee (labor),20000,Julio,Labor,PAUL,D-026.2 (before August),migration,,,,none,104 Ashburne,Landscaping,3,NO_DOC,,,,
migration-20260115-4419aef5ee95,2026-01-15,104 Ashburne,Chimney/FIreplace/Glass,1020,read,100000,Juan Gonzalez,Chimney repair,PAUL,read,migration,gm-19bc4405fa0bc7e5,https://mail.google.com/mail/u/0/#all/19bc4405fa0bc7e5,gmail,strong,104 Ashburne,Chimney/FIreplace/Glass,3,,,,,
migration-20260219-2a90d730eb81,2026-02-19,104 Ashburne,Kitchen,1040,read,39944,Lowes,Kitchen Sink,PAUL,read,migration,gm-19c9b3740b02575c,https://mail.google.com/mail/u/0/#all/19c9b3740b02575c,gmail,strong,104 Ashburne,Kitchen,3,,,,,
migration-20260227-6ac5a27b08ac,2026-02-27,104 Ashburne,Appliances,1040,read,173199,Amazon,Cooktop,PAUL,read,migration,gm-19c9f7ea96a8f794,https://mail.google.com/mail/u/0/#all/19c9f7ea96a8f794,gmail,strong,104 Ashburne,Appliances,3,,,,,
migration-20260114-97c3f8113a1e,2026-01-14,104 Ashburne,HVAC,1040,read,37847,eBay,Control Unit,PAUL,read,migration,gm-19c01a73986c43df,https://mail.google.com/mail/u/0/#all/19c01a73986c43df,gmail,strong,104 Ashburne,HVAC,3,,,,,
migration-20260114-daaa35949332,2026-01-14,104 Ashburne,House Hardware,1030,"read (65xx on a property -> 1030, D-026.3)",433,Home Depot,Wall Plates,PAUL,read,migration,gm-19bc4186ab17e432,https://mail.google.com/mail/u/0/#all/19bc4186ab17e432,gmail,strong,104 Ashburne,House Hardware,3,,,,,
migration-20260220-cebdccad611c,2026-02-20,104 Ashburne,Countertops & Backsplash,1020,read,355800,Shalom Granite,Counters ,PAUL,read,migration,gm-19cc51b6b845dd1f,https://mail.google.com/mail/u/0/#all/19cc51b6b845dd1f,gmail,strong,104 Ashburne,Countertops & Backsplash,3,,,,,
migration-20260505-a68070d6a2b5,2026-05-05,104 Ashburne,Equipment Rentals,1030,read,90418,Sunstate,Lift,PAUL,read,migration,gm-19f0781872fdb552,https://mail.google.com/mail/u/0/#all/19f0781872fdb552,gmail,strong,104 Ashburne,Equipment Rentals,3,,,,,
migration-20260114-2c3965cb4dd8,2026-01-14,104 Ashburne,Pest Control,1130,block map,27063,Berret Pest Control,Pest Control,PAUL,D-026.2 (before August),migration,,,,none,104 Ashburne,Pest Control,3,NO_DOC,,,,
migration-20260114-f7890583033a,2026-01-14,104 Ashburne,Insurance - Farmers Insurance,1110,read,39262,Foremost Insurance Group,FIrst payment,PAUL,read,migration,gm-19bc1adbcf652922,https://mail.google.com/mail/u/0/#all/19bc1adbcf652922,gmail,strong,104 Ashburne,Insurance - Farmers Insurance,3,,,,,
migration-20260105-6d65ecf14303,2026-01-05,104 Ashburne,Utilities,1120,read,15000,City of Ovilla,Deposit,PAUL,read,migration,gm-19b8f5147938f4fc,https://drive.google.com/file/d/19fi_x3yLOTjBTua8E6r-7rXG1IQNgUq_/view?usp=drivesdk,drive,strong,104 Ashburne,Utilities,3,,,,,
migration-20260108-22b4a4d83cb6,2026-01-08,104 Ashburne,Cleaning,1030,read,1243,Home Depot,Dish Soap,PAUL,read,migration,gm-19b9ef373c8332d3,https://mail.google.com/mail/u/0/#all/19b9ef373c8332d3,gmail,strong,104 Ashburne,Cleaning,3,,,,,
migration-20260110-f1fd8c7d4c3a,2026-01-10,104 Ashburne,Supplies,1030,read,648,Shell,Batteries,PAUL,read,migration,gm-19ba9077d85c3222,https://drive.google.com/file/d/1WiBrl6ixD6eLw81yo_f1Grc-pjvHBllg/view?usp=drivesdk,drive,strong,104 Ashburne,Supplies,3,,,,,
migration-20260112-27e00f147e91,2026-01-12,OVERHEAD,Gas/Truck/Trailer,6600,D-026.9 fuel block,4614,Shell,Gas,PAUL,read,migration,gm-19bb302267f0364b,https://mail.google.com/mail/u/0/#all/19bb302267f0364b,gmail,strong,104 Ashburne,Gas/Truck/Trailer,3,MOVED_TO_OVERHEAD:104 Ashburne,,,Migrated from the old books (Gas/Truck/Trailer): Gas,
migration-20260424-759645a9774a,2026-04-24,104 Ashburne,Marketing,1330,read,62800,Aces Photography,Photos,PAUL,read,migration,gm-19dc05be6c2af277,https://mail.google.com/mail/u/0/#all/19dc05be6c2af277,gmail,strong,104 Ashburne,Marketing,3,,,,,
migration-20260123-0df1f5099f29,2026-01-23,104 Ashburne,Paint & Flooring,1030,payee (retailer),700000,Juan Garcia,Paint & Floor Installation,PAUL,D-026.2 (before August),migration,,,,none,104 Ashburne,Paint & Flooring,4,NO_DOC,,,,
migration-20260116-78166d6a8ee9,2026-01-16,104 Ashburne,Trash,1060,read,2730,City of Corsicana,Dump,PAUL,read,migration,gm-19bc7ad57db634c2,https://drive.google.com/file/d/1-CPiSo4x_RAREbQ_kLcs1T782zFvALOc/view?usp=drivesdk,drive,strong,104 Ashburne,Trash,4,,,,,
migration-20260210-09d24b14d2d2,2026-02-10,104 Ashburne,Lighting & Electrical,1030,payee (retailer),17318,Lowes,Entry Chandelier,PAUL,read,migration,gm-19c484998d6bf67a,https://mail.google.com/mail/u/0/#all/19c484998d6bf67a,gmail,strong,104 Ashburne,Lighting & Electrical,4,,,,,
migration-20260208-c670e6978f02,2026-02-08,104 Ashburne,Master Bath,1030,payee (retailer),81618,Wayfair,Tub & Faucet,PAUL,D-026.2 (before August),migration,gm-19c3e59aff100239,https://mail.google.com/mail/u/0/#all/19c3e59aff100239,gmail,strong,104 Ashburne,Master Bath,4,,,,,
migration-20260217-ac51f871af8c,2026-02-17,104 Ashburne,Small Baths,1030,read,695,Home Depot,1/2 Wall Flanges,PAUL,read,migration,gm-19caba0d41d86d9b,https://mail.google.com/mail/u/0/#all/19caba0d41d86d9b,gmail,strong,104 Ashburne,Small Baths,4,,,,,
migration-20260212-844ee49fc34c,2026-02-12,104 Ashburne,Pool,1020,read,200000,Atlas Pools,Deposit,PAUL,D-026.2 (before August),migration,gm-19ce3f5cb26f1b83,https://mail.google.com/mail/u/0/#all/19ce3f5cb26f1b83,gmail,strong,104 Ashburne,Pool,4,,,,,
migration-20260113-84754db88827,2026-01-13,104 Ashburne,Landscaping,1020,payee (labor),20000,Julio,Labor,PAUL,D-026.2 (before August),migration,,,,none,104 Ashburne,Landscaping,4,NO_DOC,,,,
migration-20260330-5484f0639f09,2026-03-30,104 Ashburne,Chimney/FIreplace/Glass,1020,read,51878,Waxahachie Glass,Window Replacement,PAUL,read,migration,gm-19d405df0d679aff,https://mail.google.com/mail/u/0/#all/19d405df0d679aff,gmail,strong,104 Ashburne,Chimney/FIreplace/Glass,4,,,DROPPED_BY_PAUL C-7: 2026-09-18: Waxahachie Glass $518.78 was typed in two blocks - 'use the deposit only',,
migration-20260306-f66da88f8276,2026-03-06,104 Ashburne,Kitchen,1040,read,12882,Home Depot,Kitchen Faucet,PAUL,read,migration,gm-19cc49cbe08d9420,https://drive.google.com/file/d/127aDgHlWffvBjEcyqBY_leGPWk8R_NQe/view?usp=drivesdk,drive,strong,104 Ashburne,Kitchen,4,,,,,
migration-20260421-64da7a1e4cad,2026-04-21,104 Ashburne,Appliances,1040,read,17500,Luxury 4 Less Appliance,Cooktop install,PAUL,read,migration,gm-19d985398a604372,https://mail.google.com/mail/u/0/#all/19d985398a604372,gmail,strong,104 Ashburne,Appliances,4,,,,,
migration-20260120-77da97e75f7d,2026-01-20,104 Ashburne,HVAC,1030,read,6968,Amazon,Pipe Tape,PAUL,read,migration,gm-19c01b8a81785554,https://mail.google.com/mail/u/0/#all/19c01b8a81785554,gmail,strong,104 Ashburne,HVAC,4,,,,,
migration-20260109-937c51bc0423,2026-01-09,104 Ashburne,House Hardware,1030,read,3611,Amazon,Door Lock,PAUL,read,migration,gm-19c01b786d4e78d7,https://mail.google.com/mail/u/0/#all/19c01b786d4e78d7,gmail,strong,104 Ashburne,House Hardware,4,,,,,
migration-20260306-50553ebeddf7,2026-03-06,104 Ashburne,Countertops & Backsplash,1020,read,495000,Shalom Granite,Counters ,PAUL,read,migration,gm-19cc51b6b845dd1f,https://mail.google.com/mail/u/0/#all/19cc51b6b845dd1f,gmail,strong,104 Ashburne,Countertops & Backsplash,4,,,,,
migration-20260208-b28ced0c9246,2026-02-08,104 Ashburne,Insurance - Farmers Insurance,1110,read,37458,Foremost Insurance Group,Feb,PAUL,read,migration,gm-19c3d95342917012,https://mail.google.com/mail/u/0/#all/19c3d95342917012,gmail,strong,104 Ashburne,Insurance - Farmers Insurance,4,,,,,
migration-20260113-bf9539e2a447,2026-01-13,104 Ashburne,Utilities,1120,block map,4357,Energy Texas,Electricity,PAUL,D-026.2 (before August),migration,,,,weak,104 Ashburne,Utilities,4,WEAK_MATCH_UNCONFIRMED,,,,
migration-20260416-54a614b6fb29,2026-04-16,104 Ashburne,Cleaning,1020,read,85868,Window Man,WIndow Cleaning,PAUL,read,migration,gm-19d98540dce2874d,https://mail.google.com/mail/u/0/#all/19d98540dce2874d,gmail,strong,104 Ashburne,Cleaning,4,,,,,
migration-20260110-fceb1e5a5e60,2026-01-10,104 Ashburne,Supplies,1030,read,474,Home Depot,Batteries,PAUL,read,migration,gm-19ba9590cb81d5f0,https://drive.google.com/file/d/1kyud80EphC9da3rlTatYeYUsZMeiEeRj/view?usp=drivesdk,drive,strong,104 Ashburne,Supplies,4,,,,,
migration-20260114-688cc6c7ff98,2026-01-14,OVERHEAD,Gas/Truck/Trailer,6600,D-026.9 fuel block,4930,Shell,Gas,PAUL,read,migration,gm-19bbcabe2cd4e9fa,https://mail.google.com/mail/u/0/#all/19bbcabe2cd4e9fa,gmail,strong,104 Ashburne,Gas/Truck/Trailer,4,MOVED_TO_OVERHEAD:104 Ashburne,,,Migrated from the old books (Gas/Truck/Trailer): Gas,
migration-20260508-95408dfa23a5,2026-05-08,104 Ashburne,Marketing,1330,block map,40604,Vista Print,SIgnage,PAUL,read,migration,gm-19e0966e7b7f7240,https://mail.google.com/mail/u/0/#all/19e0966e7b7f7240,gmail,strong,104 Ashburne,Marketing,4,,,,,
migration-20260209-744c051d774c,2026-02-09,104 Ashburne,Paint & Flooring,1030,payee (retailer),700000,Juan Garcia,Paint & Floor Installation,PAUL,D-026.2 (before August),migration,,,,none,104 Ashburne,Paint & Flooring,5,NO_DOC,,,,
migration-20260116-26715974e11d,2026-01-16,104 Ashburne,Trash,1060,read,2250,City of Corsicana,Dump,PAUL,read,migration,gm-19bca1bc45709266,https://drive.google.com/file/d/1NwIpQxLSUM2y5278LBf97M4h9CCjUQQN/view?usp=drivesdk,drive,strong,104 Ashburne,Trash,5,CORRECTED,C-15 2026-09-18: typed $27.30; the two City of Corsicana receipts of 01-16 read $27.30 and $22.50. Paul: 'most likely yes' (the second load was $22.50). Ashburne is $4.80 below the old tab,,,
migration-20260210-5f4cf4047234,2026-02-10,104 Ashburne,Lighting & Electrical,1030,read,8651,Home Depot,Light Bulbs,PAUL,read,migration,gm-19c488e7c2b56593,https://drive.google.com/file/d/1DKM42Kn2v0aYUyOxH7gYQM0cCdCY4j_C/view?usp=drivesdk,drive,strong,104 Ashburne,Lighting & Electrical,5,,,,,
migration-20260211-4e1b4ed7b322,2026-02-11,104 Ashburne,Master Bath,1040,read,32474,Amazon,Shower Glass,PAUL,read,migration,gm-19c51e93e64f8c9d,https://mail.google.com/mail/u/0/#all/19c51e93e64f8c9d,gmail,strong,104 Ashburne,Master Bath,5,CORRECTED,"C-3 2026-09-18: date typed 2/11/0126, read as 2026-02-11",,,
migration-20260218-bf06a4147125,2026-02-18,104 Ashburne,Small Baths,1030,read,1942,Home Depot,Wax Rings,PAUL,read,migration,gm-19c7092d542413e0,https://drive.google.com/file/d/1ZaeV34-njGwfksiujmaF7ZrC-ABFg6bA/view?usp=drivesdk,drive,strong,104 Ashburne,Small Baths,5,,,,,
migration-20260301-c2dcb0daf391,2026-03-01,104 Ashburne,Pool,1020,read,200000,Atlas Pools,Deposit,PAUL,read,migration,gm-19cab7819599377d,https://mail.google.com/mail/u/0/#all/19cab7819599377d,gmail,strong,104 Ashburne,Pool,5,,,,,
migration-20260114-c942c217ffc3,2026-01-14,104 Ashburne,Landscaping,1020,payee (labor),20000,Julio,Labor,PAUL,D-026.2 (before August),migration,,,,none,104 Ashburne,Landscaping,5,NO_DOC,,,,
migration-20260421-32506a85b5e6,2026-04-21,104 Ashburne,Chimney/FIreplace/Glass,1020,read,87818,Waxahachie Glass,Window Replacement,PAUL,read,migration,gm-19db09cc256ad72b,https://mail.google.com/mail/u/0/#all/19db09cc256ad72b,gmail,strong,104 Ashburne,Chimney/FIreplace/Glass,5,,,,,
migration-20260309-2d97e543bd41,2026-03-09,104 Ashburne,Kitchen,1040,read,25450,Barker Door,Drawers,PAUL,read,migration,gm-19cd4e0777d35c4c,https://mail.google.com/mail/u/0/#all/19cd4e0777d35c4c,gmail,strong,104 Ashburne,Kitchen,5,,,,,
migration-20260410-7129eefda415,2026-04-10,104 Ashburne,Appliances,1040,read,1031956,Luxury 4 Less Appliance,Appliaces,PAUL,D-026.2 (before August),migration,gm-19d782091362f18d,https://mail.google.com/mail/u/0/#all/19d782091362f18d,gmail,strong,104 Ashburne,Appliances,5,,,,,
migration-20260120-e5f1e563e782,2026-01-20,104 Ashburne,HVAC,1030,read,636,Amazon,6 Pack Electrical Tape,PAUL,read,migration,gm-19c01b8ce2add604,https://mail.google.com/mail/u/0/#all/19c01b8ce2add604,gmail,strong,104 Ashburne,HVAC,5,,,,,
migration-20260210-411d5c91579c,2026-02-10,104 Ashburne,House Hardware,1030,read,32466,Amazon,Hinges,PAUL,read,migration,gm-19c51f0d0ef588d9,https://mail.google.com/mail/u/0/#all/19c51f0d0ef588d9,gmail,strong,104 Ashburne,House Hardware,5,,,,,
migration-20260307-e02e50d4a389,2026-03-07,104 Ashburne,Countertops & Backsplash,1040,block map,24839,Floor & Decor,Backsplash TIle,PAUL,D-026.2 (before August),migration,,,,weak,104 Ashburne,Countertops & Backsplash,5,WEAK_MATCH_UNCONFIRMED,,,,
migration-20260310-e959754b1d47,2026-03-10,104 Ashburne,Insurance - Farmers Insurance,1110,read,37458,Foremost Insurance Group,March,PAUL,read,migration,gm-19cd8c81d22de209,https://mail.google.com/mail/u/0/#all/19cd8c81d22de209,gmail,strong,104 Ashburne,Insurance - Farmers Insurance,5,,,,,
migration-20260308-83ffef369717,2026-03-08,104 Ashburne,Utilities,1120,block map,64260,Atmos Energy,Natural Gas,PAUL,read,migration,gm-19c69f8e2ceb81a7,https://mail.google.com/mail/u/0/#all/19c69f8e2ceb81a7,gmail,strong,104 Ashburne,Utilities,5,,,,,
migration-20260114-1a0b0a327eee,2026-01-14,104 Ashburne,Cleaning,1020,payee (labor),50000,Marianna,Cleaning,PAUL,D-026.2 (before August),migration,,,,none,104 Ashburne,Cleaning,5,NO_DOC,,,,
migration-20260111-96410d006948,2026-01-11,104 Ashburne,Supplies,1030,read,448,Home Depot,Dowel,PAUL,read,migration,gm-19badcf888c0b1cb,https://drive.google.com/file/d/18kwSM9i62HT2pKEvr0gnuCMlvVbSj008/view?usp=drivesdk,drive,strong,104 Ashburne,Supplies,5,,,,,
migration-20260116-6cae6b2a4980,2026-01-16,OVERHEAD,Gas/Truck/Trailer,6600,D-026.9 fuel block,5298,Shell,Gas,PAUL,read,migration,gm-19bc8a7d88d9c798,https://mail.google.com/mail/u/0/#all/19bc8a7d88d9c798,gmail,strong,104 Ashburne,Gas/Truck/Trailer,5,MOVED_TO_OVERHEAD:104 Ashburne,,,Migrated from the old books (Gas/Truck/Trailer): Gas,
migration-20260210-dbe7157633c4,2026-02-10,104 Ashburne,Paint & Flooring,1030,payee (retailer),1350000,Chinos LLC,Flooring,PAUL,D-026.2 (before August),migration,gm-19c521cfa5452bd9,https://mail.google.com/mail/u/0/#all/19c521cfa5452bd9,gmail,strong,104 Ashburne,Paint & Flooring,6,,,,,
migration-20260109-aa10cf4b54c9,2026-01-09,104 Ashburne,Trash,1020,block map,20000,Julio,Labor,PAUL,D-026.2 (before August),migration,,,,none,104 Ashburne,Trash,6,NO_DOC,,,,
migration-20260210-b4931f27406f,2026-02-10,104 Ashburne,Lighting & Electrical,1030,read,755,Home Depot,Spray Paint for chandeliers,PAUL,read,migration,gm-19c488e7c2b56593,https://drive.google.com/file/d/1DKM42Kn2v0aYUyOxH7gYQM0cCdCY4j_C/view?usp=drivesdk,drive,strong,104 Ashburne,Lighting & Electrical,6,,,,,
migration-20260209-e88c27e9c601,2026-02-09,104 Ashburne,Master Bath,1040,read,4978,Amazon,Tub drain,PAUL,read,migration,gm-19c51f2daddbeabd,https://mail.google.com/mail/u/0/#all/19c51f2daddbeabd,gmail,strong,104 Ashburne,Master Bath,6,,,,,
migration-20260219-4d80e96a5d3a,2026-02-19,104 Ashburne,Small Baths,1020,read,40000,Ideal Resurfacing,Tub REsurface,PAUL,read,migration,gm-19c7351495140b60,https://drive.google.com/file/d/1Cv5ACcyG7-ukhwUMreGs9k9x5AWPUfyT/view?usp=drivesdk,drive,strong,104 Ashburne,Small Baths,6,,,,,
migration-20260306-5481469e82a5,2026-03-06,104 Ashburne,Pool,1020,read,202500,Atlas Pools,Deposit,1402,read,migration,gm-19cc11e7f5b50560,https://mail.google.com/mail/u/0/#all/19cc11e7f5b50560,gmail,strong,104 Ashburne,Pool,6,,,,,
migration-20260115-3041754eb40c,2026-01-15,104 Ashburne,Landscaping,1020,payee (labor),20000,Julio,Labor,PAUL,D-026.2 (before August),migration,,,,none,104 Ashburne,Landscaping,6,NO_DOC,,,,
migration-20260421-7241dc8add8a,2026-04-21,104 Ashburne,Chimney/FIreplace/Glass,1030,read,92226,Sunstate Ren tals,Lift Rental,PAUL,read,migration,gm-19e3b8a5fee70d22,https://mail.google.com/mail/u/0/#all/19e3b8a5fee70d22,gmail,strong,104 Ashburne,Chimney/FIreplace/Glass,6,,,,,
migration-20260317-a66a1995d7a8,2026-03-17,104 Ashburne,Kitchen,1130,read,15453,Amazon,Under Cabinet Lights,PAUL,read,migration,gm-19cfbe563f75f960,https://mail.google.com/mail/u/0/#all/19cfbe563f75f960,gmail,strong,104 Ashburne,Kitchen,6,,,,,
migration-20260117-a712f0a05917,2026-01-17,104 Ashburne,HVAC,1030,read,1806,Lowes,Pipe insulation,PAUL,read,migration,gm-19bcc629a4d83e4e,https://mail.google.com/mail/u/0/#all/19bcc629a4d83e4e,gmail,strong,104 Ashburne,HVAC,6,,,,,
migration-20260209-fddee1af9416,2026-02-09,104 Ashburne,House Hardware,1040,read,24997,Amazon,Drawer pulls,PAUL,D-026.2 (before August),migration,gm-19c3e95a4b9ed901,https://mail.google.com/mail/u/0/#all/19c3e95a4b9ed901,gmail,strong,104 Ashburne,House Hardware,6,,,,,
migration-20260308-91c61672d586,2026-03-08,104 Ashburne,Countertops & Backsplash,1030,read,1438,Home Depot,Drywall for backsplash,PAUL,read,migration,gm-19ccf1f38113d4f9,https://drive.google.com/file/d/1YZP3vIlLKmDqA2Z2GYHiZhc4rLiQN0Xv/view?usp=drivesdk,drive,strong,104 Ashburne,Countertops & Backsplash,6,,,,,
migration-20260409-6f3087df080a,2026-04-09,104 Ashburne,Insurance - Farmers Insurance,1110,read,37458,Foremost Insurance Group,April,PAUL,read,migration,gm-19d22c0ca88727d6,https://mail.google.com/mail/u/0/#all/19d22c0ca88727d6,gmail,strong,104 Ashburne,Insurance - Farmers Insurance,6,,,,,
migration-20260130-5b5355bbe1d4,2026-01-30,104 Ashburne,Utilities,1130,read,25909,HOA,Ashburne Glen Homeowners Association,PAUL,read,migration,gm-19c0fc92279d93d1,https://mail.google.com/mail/u/0/#all/19c0fc92279d93d1,gmail,strong,104 Ashburne,Utilities,6,,,,,
migration-20260907-1d54956ddf3a,2026-09-07,104 Ashburne,Cleaning,1020,payee (labor),45000,Marianna,Cleaning,PAUL,Paul: 2026-09-18: the other 33 August-onward rows with no payer - 'all personal card ending in 9166',migration,gm-1a07ec26660d7659,https://mail.google.com/mail/u/0/#all/1a07ec26660d7659,gmail,strong,104 Ashburne,Cleaning,6,,,,,
migration-20260111-1f702620eb70,2026-01-11,104 Ashburne,Supplies,1030,read,1691,Home Depot,Screws,PAUL,read,migration,gm-19badcf888c0b1cb,https://drive.google.com/file/d/18kwSM9i62HT2pKEvr0gnuCMlvVbSj008/view?usp=drivesdk,drive,strong,104 Ashburne,Supplies,6,,,,,
migration-20260201-a32dee77d684,2026-02-01,OVERHEAD,Gas/Truck/Trailer,6600,D-026.9 fuel block,4945,Shell,Gas,PAUL,read,migration,gm-19c1afb3be5acff0,https://mail.google.com/mail/u/0/#all/19c1afb3be5acff0,gmail,strong,104 Ashburne,Gas/Truck/Trailer,6,MOVED_TO_OVERHEAD:104 Ashburne,,,Migrated from the old books (Gas/Truck/Trailer): Gas,
migration-20260220-9cf657f5e831,2026-02-20,104 Ashburne,Paint & Flooring,1030,payee (retailer),700000,Juan Garcia,Paint & Floor Installation,PAUL,D-026.2 (before August),migration,,,,none,104 Ashburne,Paint & Flooring,7,NO_DOC,,,,
migration-20260116-2d0e3724cd52,2026-01-16,104 Ashburne,Trash,1020,block map,20000,Julio,Labor,PAUL,D-026.2 (before August),migration,,,,none,104 Ashburne,Trash,7,NO_DOC,,,,
migration-20260216-deec4d5e77b4,2026-02-16,104 Ashburne,Lighting & Electrical,1030,read,5620,Home Depot,Light Bulbs,PAUL,read,migration,gm-19c66a1cdb487a56,https://drive.google.com/file/d/1LWOHxyo0yarxeZRyUfHTkNcRJF-6NklW/view?usp=drivesdk,drive,strong,104 Ashburne,Lighting & Electrical,7,,,,,
migration-20260209-edc43962caaf,2026-02-09,104 Ashburne,Master Bath,1040,read,4101,Amazon,Tub drain,PAUL,read,migration,gm-19c51f2daddbeabd,https://mail.google.com/mail/u/0/#all/19c51f2daddbeabd,gmail,strong,104 Ashburne,Master Bath,7,,,,,
migration-20260220-c404238bb576,2026-02-20,104 Ashburne,Small Baths,1030,payee (retailer),4499,Home Depot,Shark Bite Toilet Connectors,PAUL,D-026.2 (before August),migration,,,,weak,104 Ashburne,Small Baths,7,WEAK_MATCH_UNCONFIRMED,,,,
migration-20260313-591053b989d1,2026-03-13,104 Ashburne,Pool,1020,read,402500,Atlas Pools,Payment,1402,read,migration,gm-19ce4d01e565051f,https://mail.google.com/mail/u/0/#all/19ce4d01e565051f,gmail,strong,104 Ashburne,Pool,7,,,,,
migration-20260113-84157dec6e86,2026-01-13,104 Ashburne,Landscaping,1060,read,1342,Lowes,Yard debris bags,PAUL,read,migration,gm-19bb77e42342d32c,https://mail.google.com/mail/u/0/#all/19bb77e42342d32c,gmail,strong,104 Ashburne,Landscaping,7,,,,,
migration-20260317-888912138824,2026-03-17,104 Ashburne,Kitchen,1030,payee (retailer),3246,Amazon,Under Cabinet Lights,PAUL,D-026.2 (before August),migration,,,,none,104 Ashburne,Kitchen,7,NO_DOC,,,,
migration-20260110-a010c91f4580,2026-01-10,104 Ashburne,HVAC,1030,read,3787,Home Depot,Thermostat,PAUL,read,migration,gm-19ba9590cb81d5f0,https://drive.google.com/file/d/1kyud80EphC9da3rlTatYeYUsZMeiEeRj/view?usp=drivesdk,drive,strong,104 Ashburne,HVAC,7,,,,,
migration-20260204-795b9fe4d16e,2026-02-04,104 Ashburne,House Hardware,1030,read,21914,Lowes,Door Knobs,PAUL,read,migration,gm-19c54bfd346362be,https://mail.google.com/mail/u/0/#all/19c54bfd346362be,gmail,strong,104 Ashburne,House Hardware,7,,,,,
migration-20260403-92b18c5bbe32,2026-04-03,104 Ashburne,Countertops & Backsplash,1040,read,70142,Seconds & Surplus,Bath Vanities,PAUL,read,migration,gm-19d5549008d4307d,https://mail.google.com/mail/u/0/#all/19d5549008d4307d,gmail,strong,104 Ashburne,Countertops & Backsplash,7,,,,,
migration-20260509-8d93990c0a67,2026-05-09,104 Ashburne,Insurance - Farmers Insurance,1110,read,37458,Foremost Insurance Group,May,PAUL,read,migration,gm-19f076ae56b2925a,https://mail.google.com/mail/u/0/#all/19f076ae56b2925a,gmail,strong,104 Ashburne,Insurance - Farmers Insurance,7,,,,,
migration-20260306-eefeb31ef92c,2026-03-06,104 Ashburne,Utilities,1120,read,24017,Energy Texas,Electricity,PAUL,read,migration,gm-19c727fe5c8e59ee,https://mail.google.com/mail/u/0/#all/19c727fe5c8e59ee,gmail,strong,104 Ashburne,Utilities,7,,,,,
migration-20260111-e715db2c83c4,2026-01-11,104 Ashburne,Supplies,1030,read,312,Home Depot,Electrical Tape,PAUL,read,migration,gm-19badcf888c0b1cb,https://drive.google.com/file/d/18kwSM9i62HT2pKEvr0gnuCMlvVbSj008/view?usp=drivesdk,drive,strong,104 Ashburne,Supplies,7,,,,,
migration-20260201-50e637cab62a,2026-02-01,OVERHEAD,Gas/Truck/Trailer,6600,D-026.9 fuel block,7351,Jiffy Lube,Oil Chnege,PAUL,read,migration,gm-19c1afb84540f732,https://drive.google.com/file/d/1x03DsJLQm6hfnb6SImRSSftj5cMFPJnh/view?usp=drivesdk,drive,strong,104 Ashburne,Gas/Truck/Trailer,7,MOVED_TO_OVERHEAD:104 Ashburne,,,Migrated from the old books (Gas/Truck/Trailer): Oil Chnege,
migration-20260217-db1ce02a17e2,2026-02-17,104 Ashburne,Paint & Flooring,1030,read,12334,Home Depot,Floor Protection,PAUL,read,migration,gm-19c6cab5d43c229e,https://drive.google.com/file/d/1lN409tbYx_e2N3E3JktiQo-QrT14GoQt/view?usp=drivesdk,drive,strong,104 Ashburne,Paint & Flooring,8,,,,,
migration-20260107-cfb3eb3d62dc,2026-01-07,104 Ashburne,Trash,1030,"read (65xx on a property -> 1030, D-026.3)",6489,Home Depot,Garbage Bags,PAUL,read,migration,gm-19bae80800798f37,https://drive.google.com/file/d/1ZVDEqXlk7twrRuzyK-JsTl3VhzsqLH7I/view?usp=drivesdk,drive,strong,104 Ashburne,Trash,8,,,,,
migration-20260219-130027771142,2026-02-19,104 Ashburne,Lighting & Electrical,1040,read,6489,Home Depot,Hall & Closet Lights,PAUL,read,migration,gm-19c768d3b6197026,https://drive.google.com/file/d/1981pmNyhpzmog5-cgUGTTb3rjMxSE14Q/view?usp=drivesdk,drive,strong,104 Ashburne,Lighting & Electrical,8,,,,,
migration-20260203-2112c609c89d,2026-02-03,104 Ashburne,Master Bath,1040,read,31284,Home Depot,Shower Faucet,PAUL,read,migration,gm-19c262a76958d691,https://drive.google.com/file/d/1UAhQFpqev5DrbpMBz-G_cCflzkr6YVe5/view?usp=drivesdk,drive,strong,104 Ashburne,Master Bath,8,,,,,
migration-20260220-0b2ce374a909,2026-02-20,104 Ashburne,Small Baths,1030,read,7280,Home Depot,Angle Stops,PAUL,read,migration,gm-19c7bb272d77da5a,https://drive.google.com/file/d/10cINuDYio3iwttUc8IRW1OR-px6sXc6V/view?usp=drivesdk,drive,strong,104 Ashburne,Small Baths,8,,,,,
migration-20260329-dbfac49f5a0e,2026-03-29,104 Ashburne,Pool,1020,read,217700,Atlas Pools,Payment,PAUL,D-026.2 (before August),migration,gm-19d48c027c0e05fa,https://mail.google.com/mail/u/0/#all/19d48c027c0e05fa,gmail,strong,104 Ashburne,Pool,8,,,,,
migration-20260114-261202f72914,2026-01-14,104 Ashburne,Landscaping,1030,read,6489,Home Depot,Trash Bags,PAUL,read,migration,gm-19bbd023b3e85f3b,https://drive.google.com/file/d/11D2rAyQ11i3VuQZKdgQQxhW2SYdh1s4o/view?usp=drivesdk,drive,strong,104 Ashburne,Landscaping,8,,,,,
migration-20260314-23d4a9f3cc02,2026-03-14,104 Ashburne,Kitchen,1020,read,70000,Salvador Campos,Kitchen Backsplash,PAUL,read,migration,gm-19cfcae97bf0260e,https://mail.google.com/mail/u/0/#all/19cfcae97bf0260e,gmail,strong,104 Ashburne,Kitchen,8,,,,,
migration-20260110-b40f9b86a005,2026-01-10,104 Ashburne,HVAC,1040,read,7573,Home Depot,Thermostat,PAUL,read,migration,gm-19bae832dd56cffa,https://drive.google.com/file/d/1MSEWqlv-p5Io13ETuZrQjNog8nPylIEO/view?usp=drivesdk,drive,strong,104 Ashburne,HVAC,8,,,,,
migration-20260204-cb7331179346,2026-02-04,104 Ashburne,House Hardware,1030,payee (retailer),14068,Lowes,Door Knobs,PAUL,D-026.2 (before August),migration,,,,none,104 Ashburne,House Hardware,8,NO_DOC,,,,
migration-20260411-0e7ae012ff40,2026-04-11,104 Ashburne,Countertops & Backsplash,1040,read,43298,Seconds & Surplus,Butcher Vlock,PAUL,read,migration,gm-19d7ec4e31eef94b,https://mail.google.com/mail/u/0/#all/19d7ec4e31eef94b,gmail,strong,104 Ashburne,Countertops & Backsplash,8,,,,,
migration-20260609-37556ccc3a3f,2026-06-09,104 Ashburne,Insurance - Farmers Insurance,1110,read,37458,Foremost Insurance Group,June,PAUL,read,migration,gm-19f043eebcbd0976,https://mail.google.com/mail/u/0/#all/19f043eebcbd0976,gmail,strong,104 Ashburne,Insurance - Farmers Insurance,8,,,,,
migration-20260223-8add1cffd649,2026-02-23,104 Ashburne,Utilities,1120,read,4914,City of Ovilla,Water,PAUL,read,migration,gm-19c8bf46eab10e3a,https://mail.google.com/mail/u/0/#all/19c8bf46eab10e3a,gmail,strong,104 Ashburne,Utilities,8,,,,,
migration-20260111-ed3b1ff390ec,2026-01-11,104 Ashburne,Supplies,1030,read,539,Home Depot,Wire Nuts,PAUL,read,migration,gm-19badcf888c0b1cb,https://drive.google.com/file/d/18kwSM9i62HT2pKEvr0gnuCMlvVbSj008/view?usp=drivesdk,drive,strong,104 Ashburne,Supplies,8,,,,,
migration-20260121-e5f61de23ec5,2026-01-21,OVERHEAD,Gas/Truck/Trailer,6600,D-026.9 fuel block,1699,Harbor Freight,Trailer Light,PAUL,read,migration,gm-19c15ffa4a0176b8,https://mail.google.com/mail/u/0/#all/19c15ffa4a0176b8,gmail,strong,104 Ashburne,Gas/Truck/Trailer,8,MOVED_TO_OVERHEAD:104 Ashburne,,,Migrated from the old books (Gas/Truck/Trailer): Trailer Light,
migration-20260217-040c9cdc00b6,2026-02-17,104 Ashburne,Paint & Flooring,1030,read,4274,Home Depot,Tape for Floor Protection,PAUL,read,migration,gm-19c6cab5d43c229e,https://drive.google.com/file/d/1lN409tbYx_e2N3E3JktiQo-QrT14GoQt/view?usp=drivesdk,drive,strong,104 Ashburne,Paint & Flooring,9,,,,,
migration-20260106-d465d7cf0df4,2026-01-06,104 Ashburne,Trash,1020,block map,20000,Julio,Labor,PAUL,D-026.2 (before August),migration,,,,none,104 Ashburne,Trash,9,NO_DOC,,,,
migration-20260219-ac2031eacaaf,2026-02-19,104 Ashburne,Lighting & Electrical,1040,read,8657,Home Depot,Master Closet LED lights,PAUL,read,migration,gm-19c768d3b6197026,https://drive.google.com/file/d/1981pmNyhpzmog5-cgUGTTb3rjMxSE14Q/view?usp=drivesdk,drive,strong,104 Ashburne,Lighting & Electrical,9,,,,,
migration-20260203-3471be5c21be,2026-02-03,104 Ashburne,Master Bath,1030,read,9199,Lowes,Shower Niche,PAUL,read,migration,gm-19cf79150281a75a,https://drive.google.com/file/d/1a0DTuwV1XP-1DnlEIGKsY6gJ2GtCfNFI/view?usp=drivesdk,drive,strong,104 Ashburne,Master Bath,9,,,,,
migration-20260302-e5299709adcd,2026-03-02,104 Ashburne,Small Baths,1030,read,1619,Home Depot,Copper Pipe,PAUL,read,migration,gm-19cb001414554a99,https://mail.google.com/mail/u/0/#all/19cb001414554a99,gmail,strong,104 Ashburne,Small Baths,9,,,,,
migration-20260320-f60822df08b4,2026-03-20,104 Ashburne,Pool,1130,read,49000,Atlas Pools,Valve replacements,PAUL,read,migration,gm-19d0df1ad5bf9d6c,https://mail.google.com/mail/u/0/#all/19d0df1ad5bf9d6c,gmail,strong,104 Ashburne,Pool,9,,,,,
migration-20260212-4029bdaa41bc,2026-02-12,104 Ashburne,Landscaping,1020,payee (labor),10000,Julio,Labor,PAUL,D-026.2 (before August),migration,,,,none,104 Ashburne,Landscaping,9,NO_DOC,,,,
migration-20260410-bbf6d569fbe6,2026-04-10,104 Ashburne,Kitchen,1030,payee (retailer),18957,Home Depot,Kitchen Faucet,PAUL,D-026.2 (before August),migration,,,,none,104 Ashburne,Kitchen,9,NO_DOC,,,,
migration-20260124-e2852589a7b1,2026-01-24,104 Ashburne,HVAC,1020,read,60670,Robinson Air,HVAC,PAUL,"D-032 (Ashburne: Dennis's money is the cash advance, not the row)",migration,gm-19c23984521412b9,https://mail.google.com/mail/u/0/#all/19c23984521412b9,gmail,strong,104 Ashburne,HVAC,9,,,,,
migration-20260204-2c568481a93b,2026-02-04,104 Ashburne,House Hardware,1030,read,7010,Lowes,Door Knobs,PAUL,read,migration,gm-19c54bfd346362be,https://mail.google.com/mail/u/0/#all/19c54bfd346362be,gmail,strong,104 Ashburne,House Hardware,9,,,,,
migration-20260709-4a2313d43318,2026-07-09,104 Ashburne,Insurance - Farmers Insurance,1110,read,37458,Foremost Insurance Group,July,PAUL,read,migration,gm-19f4189f59e51a5d,https://mail.google.com/mail/u/0/#all/19f4189f59e51a5d,gmail,strong,104 Ashburne,Insurance - Farmers Insurance,9,,,,,
migration-20260327-26a317dd4b9c,2026-03-27,104 Ashburne,Utilities,1120,block map,14159,Atmos Energy,Natural Gas,PAUL,read,migration,gm-19ce9537b630b426,https://mail.google.com/mail/u/0/#all/19ce9537b630b426,gmail,strong,104 Ashburne,Utilities,9,,,,,
migration-20260111-9be3a2758f02,2026-01-11,104 Ashburne,Supplies,1030,read,756,Home Depot,Old Work Box,PAUL,read,migration,gm-19badcf888c0b1cb,https://drive.google.com/file/d/18kwSM9i62HT2pKEvr0gnuCMlvVbSj008/view?usp=drivesdk,drive,strong,104 Ashburne,Supplies,9,,,,,
migration-20260121-6474bf999041,2026-01-21,OVERHEAD,Gas/Truck/Trailer,6600,D-026.9 fuel block,1699,Harbor Freight,Trailer Light,PAUL,read,migration,gm-19c1616e0c3f33fa,https://mail.google.com/mail/u/0/#all/19c1616e0c3f33fa,gmail,strong,104 Ashburne,Gas/Truck/Trailer,9,MOVED_TO_OVERHEAD:104 Ashburne,,,Migrated from the old books (Gas/Truck/Trailer): Trailer Light,
migration-20260219-2bc1afdb1521,2026-02-19,104 Ashburne,Paint & Flooring,1030,read,756,Home Depot,Spray Paint,PAUL,read,migration,gm-19c768d3b6197026,https://drive.google.com/file/d/1981pmNyhpzmog5-cgUGTTb3rjMxSE14Q/view?usp=drivesdk,drive,strong,104 Ashburne,Paint & Flooring,10,,,,,
migration-20260211-13328d787f60,2026-02-11,104 Ashburne,Trash,1020,block map,20000,Julio,Labor,PAUL,D-026.2 (before August),migration,,,,none,104 Ashburne,Trash,10,NO_DOC,,,,
migration-20260219-9a630cb97258,2026-02-19,104 Ashburne,Lighting & Electrical,1040,read,5514,Home Depot,Light Bulbs,PAUL,read,migration,gm-19c768d3b6197026,https://drive.google.com/file/d/1981pmNyhpzmog5-cgUGTTb3rjMxSE14Q/view?usp=drivesdk,drive,strong,104 Ashburne,Lighting & Electrical,10,,,,,
migration-20260210-aadf4d3eb6e3,2026-02-10,104 Ashburne,Master Bath,1030,read,4954,Home Depot,Angle Stops,PAUL,read,migration,gm-19c488e7c2b56593,https://drive.google.com/file/d/1DKM42Kn2v0aYUyOxH7gYQM0cCdCY4j_C/view?usp=drivesdk,drive,strong,104 Ashburne,Master Bath,10,,,,,
migration-20260302-a12d4f1e8eb9,2026-03-02,104 Ashburne,Small Baths,1030,read,3228,Home Depot,Sharkbite Fittings ,PAUL,read,migration,gm-19cb1495d71c53af,https://drive.google.com/file/d/1j9kHSKKd2f8YHxQtXozOkAzABHel6kcW/view?usp=drivesdk,drive,strong,104 Ashburne,Small Baths,10,,,,,
migration-20260320-4add84f67223,2026-03-20,104 Ashburne,Pool,1020,payee (labor),2165,Atlas Pools,Floaty thing,PAUL,read,migration,gm-19d3c4ca8ef8ddfb,https://mail.google.com/mail/u/0/#all/19d3c4ca8ef8ddfb,gmail,strong,104 Ashburne,Pool,10,,,,,
migration-20260216-2f572ea63a8a,2026-02-16,104 Ashburne,Landscaping,1020,payee (labor),20000,Julio,Labor,PAUL,D-026.2 (before August),migration,,,,none,104 Ashburne,Landscaping,10,NO_DOC,,,,
migration-20260505-54a6301a027e,2026-05-05,104 Ashburne,HVAC,1030,read,106574,Robinson Air,HVAC,PAUL,"D-032 (Ashburne: Dennis's money is the cash advance, not the row)",migration,gm-19dfabd73aaac412,https://mail.google.com/mail/u/0/#all/19dfabd73aaac412,gmail,strong,104 Ashburne,HVAC,10,,,,,
migration-20260204-24459eae892a,2026-02-04,104 Ashburne,House Hardware,1030,read,14895,Lowes,Smokle Detectors,PAUL,read,migration,gm-19c54bfd346362be,https://mail.google.com/mail/u/0/#all/19c54bfd346362be,gmail,strong,104 Ashburne,House Hardware,10,,,,,
migration-20260807-36a67aeefd9c,2026-08-07,104 Ashburne,Insurance - Farmers Insurance,1110,read,37458,Foremost Insurance Group,August,PAUL,read,migration,gm-19fec5d90578892d,https://mail.google.com/mail/u/0/#all/19fec5d90578892d,gmail,strong,104 Ashburne,Insurance - Farmers Insurance,10,,,,,
migration-20260508-c8c15142023e,2026-05-08,104 Ashburne,Utilities,1120,read,19700,Atmos Energy,Natural Gas,PAUL,read,migration,gm-19e09b39421dc9af,https://mail.google.com/mail/u/0/#all/19e09b39421dc9af,gmail,strong,104 Ashburne,Utilities,10,,,,,
migration-20260111-f27d00c3fd03,2026-01-11,104 Ashburne,Supplies,1030,read,816,Home Depot,Lag Screws,PAUL,read,migration,gm-19badcf888c0b1cb,https://drive.google.com/file/d/18kwSM9i62HT2pKEvr0gnuCMlvVbSj008/view?usp=drivesdk,drive,strong,104 Ashburne,Supplies,10,,,,,
migration-20260201-b958f6c69b41,2026-02-01,OVERHEAD,Gas/Truck/Trailer,6600,D-026.9 fuel block,16017,Home Depot,Trailer Lumber,PAUL,read,migration,gm-19c1bbf8d22774d9,https://mail.google.com/mail/u/0/#all/19c1bbf8d22774d9,gmail,strong,104 Ashburne,Gas/Truck/Trailer,10,MOVED_TO_OVERHEAD:104 Ashburne,,,Migrated from the old books (Gas/Truck/Trailer): Trailer Lumber,
migration-20260219-3cfe4f2cf3ff,2026-02-19,104 Ashburne,Paint & Flooring,1030,read,12334,Home Depot,Floor Protection,PAUL,read,migration,gm-19c77180389ec215,https://drive.google.com/file/d/1aGAEU4iZq9B0mlQKKy3xz_MNINxHmsi7/view?usp=drivesdk,drive,strong,104 Ashburne,Paint & Flooring,11,,,,,
migration-20260211-192b1fa1fda3,2026-02-11,104 Ashburne,Trash,1060,read,2250,City of Corsicana,Dump,PAUL,read,migration,gm-19c524a368afa28e,https://drive.google.com/file/d/1yMS9cSU3oiNtAhL_XcX_oGjNwB3UIhyV/view?usp=drivesdk,drive,strong,104 Ashburne,Trash,11,,,,,
migration-20260219-57506f8be5d1,2026-02-19,104 Ashburne,Lighting & Electrical,1040,read,7571,Home Depot,Recessed LED Replacements,PAUL,read,migration,gm-19c77b8ad0ecc11d,https://mail.google.com/mail/u/0/#all/19c77b8ad0ecc11d,gmail,strong,104 Ashburne,Lighting & Electrical,11,,,,,
migration-20260213-3da7ce6da137,2026-02-13,104 Ashburne,Master Bath,1020,payee (labor),388000,Salvador Campos,Shower TIle Labor,PAUL,D-026.2 (before August),migration,,,,none,104 Ashburne,Master Bath,11,NO_DOC,,,,
migration-20260305-e164f94a7320,2026-03-05,104 Ashburne,Small Baths,1030,read,1080,Home Depot,Plunger,PAUL,read,migration,gm-19cf2444d6efb00f,https://drive.google.com/file/d/1-edI43EIwShtWAM_tngrOn0saxuC1osZ/view?usp=drivesdk,drive,strong,104 Ashburne,Small Baths,11,,,,,
migration-20260313-de62fee3887c,2026-03-13,104 Ashburne,Pool,1030,read,4328,Home Depot,Hose,PAUL,read,migration,gm-19ce7aeac97e5535,https://mail.google.com/mail/u/0/#all/19ce7aeac97e5535,gmail,strong,104 Ashburne,Pool,11,,,,,
migration-20260217-b6c9a3e26024,2026-02-17,104 Ashburne,Landscaping,1020,payee (labor),20000,Julio,Labor,PAUL,D-026.2 (before August),migration,,,,none,104 Ashburne,Landscaping,11,NO_DOC,,,,
migration-20260217-c28be960a1c9,2026-02-17,104 Ashburne,House Hardware,1030,read,26815,MyKnobs.com,Double door knobs,PAUL,read,migration,gm-19c72800f7d3e852,https://mail.google.com/mail/u/0/#all/19c72800f7d3e852,gmail,strong,104 Ashburne,House Hardware,11,,,,,
migration-20260907-6059aaf0187b,2026-09-07,104 Ashburne,Insurance - Farmers Insurance,1110,read,37458,Foremost Insurance Group,Sept,PAUL,read,migration,gm-1a0175f65049f28b,https://mail.google.com/mail/u/0/#all/1a0175f65049f28b,gmail,strong,104 Ashburne,Insurance - Farmers Insurance,11,,,,,
migration-20260406-4707dff0feea,2026-04-06,104 Ashburne,Utilities,1120,read,6876,Energy Texas,Electricity,PAUL,read,migration,gm-19d6380481e76f15,https://drive.google.com/file/d/1hadO7lBjlRNR8Ysc1Eap0NyendeWFxGW/view?usp=drivesdk,drive,strong,104 Ashburne,Utilities,11,,,,,
migration-20260107-c7119dddbe92,2026-01-07,104 Ashburne,Supplies,1030,read,106,Home Depot,Paper Towels,PAUL,read,migration,gm-19bae80800798f37,https://drive.google.com/file/d/1ZVDEqXlk7twrRuzyK-JsTl3VhzsqLH7I/view?usp=drivesdk,drive,strong,104 Ashburne,Supplies,11,,,,,
migration-20260203-c7bf979666cd,2026-02-03,OVERHEAD,Gas/Truck/Trailer,6600,D-026.9 fuel block,4517,Shell,Gas,PAUL,read,migration,gm-19c265b1151d57f5,https://mail.google.com/mail/u/0/#all/19c265b1151d57f5,gmail,strong,104 Ashburne,Gas/Truck/Trailer,11,MOVED_TO_OVERHEAD:104 Ashburne,,,Migrated from the old books (Gas/Truck/Trailer): Gas,
migration-20260222-5cbc361e204e,2026-02-22,104 Ashburne,Paint & Flooring,1030,read,69533,Architectual Depot,Quarter Round,PAUL,read,migration,gm-19c86e9af6ee7c6d,https://mail.google.com/mail/u/0/#all/19c86e9af6ee7c6d,gmail,strong,104 Ashburne,Paint & Flooring,12,,,,,
migration-20260212-d6afbf2e59ba,2026-02-12,104 Ashburne,Trash,1020,block map,10000,Julio,Labor,PAUL,D-026.2 (before August),migration,,,,weak,104 Ashburne,Trash,12,WEAK_MATCH_UNCONFIRMED,,DROPPED_BY_PAUL C-9: 2026-09-18: 'the toilet is a duplicate and so are the julio charges if they are the same date',,
migration-20260219-37bc174b7038,2026-02-19,104 Ashburne,Lighting & Electrical,1040,read,3244,Home Depot,Closet Light,PAUL,read,migration,gm-19c768d3b6197026,https://drive.google.com/file/d/1981pmNyhpzmog5-cgUGTTb3rjMxSE14Q/view?usp=drivesdk,drive,strong,104 Ashburne,Lighting & Electrical,12,,,,,
migration-20260212-f602e4bd95c3,2026-02-12,104 Ashburne,Master Bath,1030,"read (65xx on a property -> 1030, D-026.3)",1047,Home Depot,PEX,PAUL,read,migration,gm-19c529f443b9a66e,https://mail.google.com/mail/u/0/#all/19c529f443b9a66e,gmail,strong,104 Ashburne,Master Bath,12,,,,,
migration-20260305-466902c79e91,2026-03-05,104 Ashburne,Small Baths,1040,read,11799,Home Depot,Toilet,PAUL,read,migration,gm-19cc387a05beb25b,https://drive.google.com/file/d/1RR1QxC7JmRWQRmwa5SjyYAV5cRtduf-_/view?usp=drivesdk,drive,strong,104 Ashburne,Small Baths,12,,,,,
migration-20260317-1fc7f042a692,2026-03-17,104 Ashburne,Pool,1130,read,41134,Amazon,Aiper Pool Robot,PAUL,read,migration,gm-19cfbe563f75f960,https://mail.google.com/mail/u/0/#all/19cfbe563f75f960,gmail,strong,104 Ashburne,Pool,12,,,,,
migration-20260218-235ef7560f62,2026-02-18,104 Ashburne,Landscaping,1020,payee (labor),20000,Julio,Labor,PAUL,D-026.2 (before August),migration,,,,none,104 Ashburne,Landscaping,12,NO_DOC,,,,
migration-20260228-d569478fc0a4,2026-02-28,104 Ashburne,House Hardware,1030,read,248,Home Depot,Threaded Rod,PAUL,read,migration,gm-19ca6987ecb649fd,https://drive.google.com/file/d/1GQ3fVGzat5Je9dONMyPGx_wD_7o8GqGD/view?usp=drivesdk,drive,strong,104 Ashburne,House Hardware,12,,,,,
migration-20260504-42b3b376638c,2026-05-04,104 Ashburne,Utilities,1120,read,8022,Energy Texas,Electricity,PAUL,read,migration,gm-19db68cdc0f2c8e2,https://mail.google.com/mail/u/0/#all/19db68cdc0f2c8e2,gmail,strong,104 Ashburne,Utilities,12,,,,,
migration-20260107-d565cdfe6bd3,2026-01-07,104 Ashburne,Supplies,1030,read,1080,Home Depot,Masks,PAUL,read,migration,gm-19bbe393dbd7520b,https://drive.google.com/file/d/1qrl90s8gwpPdMy3Enq5XWHg5wyQQeJm8/view?usp=drivesdk,drive,strong,104 Ashburne,Supplies,12,,,,,
migration-20260204-ebbf69313f03,2026-02-04,OVERHEAD,Gas/Truck/Trailer,6600,D-026.9 fuel block,3104,Home Depot,Trailer Screws etc,PAUL,read,migration,gm-19c293d1acbe9a36,https://drive.google.com/file/d/1Flps6WB1KR2Vb4iXh2MV36jkix2Eufz_/view?usp=drivesdk,drive,strong,104 Ashburne,Gas/Truck/Trailer,12,MOVED_TO_OVERHEAD:104 Ashburne,,,Migrated from the old books (Gas/Truck/Trailer): Trailer Screws etc,
migration-20260301-52459622ef27,2026-03-01,104 Ashburne,Paint & Flooring,1030,read,16445,Home Depot,Floor Protection,PAUL,read,migration,gm-19cab6a1acffa793,https://drive.google.com/file/d/1gqTvSfqhLJi8u00EiPaSDH_dOhybu-28/view?usp=drivesdk,drive,strong,104 Ashburne,Paint & Flooring,13,,,,,
migration-20260211-8b5f07e4976f,2026-02-11,104 Ashburne,Trash,1030,"read (65xx on a property -> 1030, D-026.3)",3244,Home Depot,Garbage Bags,PAUL,read,migration,gm-19c4cb602c2d527c,https://mail.google.com/mail/u/0/#all/19c4cb602c2d527c,gmail,strong,104 Ashburne,Trash,13,,,,,
migration-20260224-4a67f41da173,2026-02-24,104 Ashburne,Lighting & Electrical,1030,payee (retailer),1081,Amazon,Light Bulbs,PAUL,D-026.2 (before August),migration,,,,none,104 Ashburne,Lighting & Electrical,13,NO_DOC,,,,
migration-20260212-7a19b22dc6a3,2026-02-12,104 Ashburne,Master Bath,1030,"read (65xx on a property -> 1030, D-026.3)",3999,Home Depot,Sharkbite Fittings,PAUL,read,migration,gm-19c529f443b9a66e,https://mail.google.com/mail/u/0/#all/19c529f443b9a66e,gmail,strong,104 Ashburne,Master Bath,13,,,,,
migration-20260311-db4ebbbcbb2a,2026-03-11,104 Ashburne,Small Baths,1030,read,3151,Home Depot,Angle Stops,PAUL,read,migration,gm-19cdd47626a096cb,https://drive.google.com/file/d/1GiA2UtFVn8bDxbkOwoZQv7HbeZvQD9TR/view?usp=drivesdk,drive,strong,104 Ashburne,Small Baths,13,,,,,
migration-20260327-9f4a28fc1cbd,2026-03-27,104 Ashburne,Pool,1040,read,54017,Leslies Pool Supply,Polaris,PAUL,read,migration,gm-19d31434155164f2,https://mail.google.com/mail/u/0/#all/19d31434155164f2,gmail,strong,104 Ashburne,Pool,13,,,,,
migration-20260312-a6ed0ac1788b,2026-03-12,104 Ashburne,Landscaping,1030,read,863,Home Depot,Weed Killer,PAUL,read,migration,gm-19cddf3d9dcd3db2,https://drive.google.com/file/d/1j1WViQ7k1WHOmJZyBUSey6ulfsSND2ln/view?usp=drivesdk,drive,strong,104 Ashburne,Landscaping,13,,,,,
migration-20260306-fdc4ef45d02b,2026-03-06,104 Ashburne,House Hardware,1040,read,28969,MyKnobs.com,Double door knobs,PAUL,read,migration,gm-19cc528798a2a3e5,https://drive.google.com/file/d/1BdqHHfnltL2kFcOZwgyB7bb6SOAg-ZAM/view?usp=drivesdk,drive,strong,104 Ashburne,House Hardware,13,,,,,
migration-20260505-fc5411bf9630,2026-05-05,104 Ashburne,Utilities,1120,block map,13153,City of Ovilla,Water,PAUL,D-026.2 (before August),migration,,,,none,104 Ashburne,Utilities,13,NO_DOC,,,,
migration-20260110-5d7b0a05affd,2026-01-10,104 Ashburne,Supplies,1040,read,767,Home Depot,Drywall Achors,PAUL,read,migration,gm-19bae832dd56cffa,https://drive.google.com/file/d/1MSEWqlv-p5Io13ETuZrQjNog8nPylIEO/view?usp=drivesdk,drive,strong,104 Ashburne,Supplies,13,,,,,
migration-20260218-509b6c75befc,2026-02-18,OVERHEAD,Gas/Truck/Trailer,6600,D-026.9 fuel block,5244,Exxon,Gas,PAUL,read,migration,gm-19c4777f162998eb,https://drive.google.com/file/d/1MmUjuMFAEL0ZX5sUUsR45xgIlpayUUrk/view?usp=drivesdk,drive,strong,104 Ashburne,Gas/Truck/Trailer,13,MOVED_TO_OVERHEAD:104 Ashburne,,,Migrated from the old books (Gas/Truck/Trailer): Gas,
migration-20260301-67617a08bfaf,2026-03-01,104 Ashburne,Paint & Flooring,1030,read,4274,Home Depot,Tape for Floor Protection,PAUL,read,migration,gm-19cab6a1acffa793,https://drive.google.com/file/d/1gqTvSfqhLJi8u00EiPaSDH_dOhybu-28/view?usp=drivesdk,drive,strong,104 Ashburne,Paint & Flooring,14,,,,,
migration-20260212-6290603ada85,2026-02-12,104 Ashburne,Trash,1060,read,2730,City of Corsicana,Dump,PAUL,read,migration,gm-19c53f820df5b90c,https://drive.google.com/file/d/1TkAmKZJGHze5D7hWiEebq5Wzu4WSdfFz/view?usp=drivesdk,drive,strong,104 Ashburne,Trash,14,,,,,
migration-20260219-aacdf3aeccbd,2026-02-19,104 Ashburne,Lighting & Electrical,1040,read,86596,Lowes,Celing Fans,PAUL,read,migration,gm-19c9b3740b02575c,https://mail.google.com/mail/u/0/#all/19c9b3740b02575c,gmail,strong,104 Ashburne,Lighting & Electrical,14,,,,,
migration-20260213-6aa741eeba52,2026-02-13,104 Ashburne,Master Bath,1030,read,5408,Lowes,Grout,PAUL,read,migration,gm-19c57380bae96d98,https://mail.google.com/mail/u/0/#all/19c57380bae96d98,gmail,strong,104 Ashburne,Master Bath,14,,,,,
migration-20260311-f923c6ae60da,2026-03-11,104 Ashburne,Small Baths,1130,read,1576,Home Depot,Angle Stop,PAUL,read,migration,gm-19d4ed506ec83c9a,https://drive.google.com/file/d/1xCcg9al8SkPPJ4kXbkqYO4jE0314eIRX/view?usp=drivesdk,drive,strong,104 Ashburne,Small Baths,14,,,,,
migration-20260331-ef8cdbfa3864,2026-03-31,104 Ashburne,Pool,1020,read,212000,Atlas Pools,New Pump,PAUL,read,migration,gm-19d253342e722062,https://mail.google.com/mail/u/0/#all/19d253342e722062,gmail,strong,104 Ashburne,Pool,14,,,,,
migration-20260312-4c0852172086,2026-03-12,104 Ashburne,Landscaping,1030,payee (retailer),7574,Home Depot,Weed & Feed,PAUL,D-026.2 (before August),migration,,,,none,104 Ashburne,Landscaping,14,NO_DOC,,,,
migration-20260321-daf4842a9836,2026-03-21,104 Ashburne,House Hardware,1030,read,9842,Lowes,Door Knobs,PAUL,read,migration,gm-19cf79150281a75a,https://drive.google.com/file/d/1a0DTuwV1XP-1DnlEIGKsY6gJ2GtCfNFI/view?usp=drivesdk,drive,strong,104 Ashburne,House Hardware,14,,,,,
migration-20260604-14ae76431275,2026-06-04,104 Ashburne,Utilities,1120,block map,13921,Energy Texas,Electricity,PAUL,D-026.2 (before August),migration,,,,none,104 Ashburne,Utilities,14,NO_DOC,,,,
migration-20260114-35e5be3350c2,2026-01-14,104 Ashburne,Supplies,1030,read,946,Home Depot,Old Work Boxes,PAUL,read,migration,gm-19bbd41a87b2b698,https://mail.google.com/mail/u/0/#all/19bbd41a87b2b698,gmail,strong,104 Ashburne,Supplies,14,,,,,
migration-20260212-f85fbc2286e5,2026-02-12,OVERHEAD,Gas/Truck/Trailer,6600,D-026.9 fuel block,5373,Shell,Gas,PAUL,read,migration,gm-19c524ab00c8adef,https://mail.google.com/mail/u/0/#all/19c524ab00c8adef,gmail,strong,104 Ashburne,Gas/Truck/Trailer,14,MOVED_TO_OVERHEAD:104 Ashburne,,,Migrated from the old books (Gas/Truck/Trailer): Gas,
migration-20260302-c869973d62b1,2026-03-02,104 Ashburne,Paint & Flooring,1030,read,2852,Lowes,Moldings,PAUL,read,migration,gm-19cb1566e7f23282,https://drive.google.com/file/d/1UHa6Mjac3NkeoahMrgYlbpkGekdHkUud/view?usp=drivesdk,drive,strong,104 Ashburne,Paint & Flooring,15,,,,,
migration-20260220-6e87ec3879e0,2026-02-20,104 Ashburne,Trash,1060,read,2250,City of Corsicana,Dump,PAUL,read,migration,gm-19c7cfac1157869b,https://drive.google.com/file/d/1GngjIqk5wVbsVs6wNCQMSI8l75NutnWX/view?usp=drivesdk,drive,strong,104 Ashburne,Trash,15,,,,,
migration-20260219-57ba7d19bd2b,2026-02-19,104 Ashburne,Lighting & Electrical,1040,read,7034,Lowes,Celing Fan Drownrod,PAUL,read,migration,gm-19c9b3740b02575c,https://mail.google.com/mail/u/0/#all/19c9b3740b02575c,gmail,strong,104 Ashburne,Lighting & Electrical,15,,,,,
migration-20260215-ef143d005c21,2026-02-15,104 Ashburne,Master Bath,1030,read,1533,Home Depot,2x4's,PAUL,read,migration,gm-19caba0d41d86d9b,https://mail.google.com/mail/u/0/#all/19caba0d41d86d9b,gmail,strong,104 Ashburne,Master Bath,15,,,,,
migration-20260316-32f1521461c8,2026-03-16,104 Ashburne,Small Baths,1030,read,2559,Home Depot,Sand Mix,PAUL,read,migration,gm-19cf85c8d2911eb0,https://drive.google.com/file/d/1gKFoJb5b9jxzJG5cRXcjN4XAMoKPnyK9/view?usp=drivesdk,drive,strong,104 Ashburne,Small Baths,15,,,,,
migration-20260404-1ce2f3784677,2026-04-04,104 Ashburne,Pool,1030,read,865,Leslies Pool Supply,Timer pegs,PAUL,read,migration,gm-19d5491d71583652,https://drive.google.com/file/d/1eM2X23zLqe4XjaTHqvGE9mBoK-Wesprn/view?usp=drivesdk,drive,strong,104 Ashburne,Pool,15,,,,,
migration-20260317-6fcf6bb713b2,2026-03-17,104 Ashburne,Landscaping,1020,payee (labor),20000,Julio,Labor,PAUL,D-026.2 (before August),migration,,,,weak,104 Ashburne,Landscaping,15,WEAK_MATCH_UNCONFIRMED,,,,
migration-20260324-bb5c944b8b36,2026-03-24,104 Ashburne,House Hardware,1030,read,11253,Home Depot,Door Weather Stripping,PAUL,read,migration,gm-19d20029c2d90ba7,https://drive.google.com/file/d/1S8fxqig4NLZrLXxXXQBLMeGikCb9G-70/view?usp=drivesdk,drive,strong,104 Ashburne,House Hardware,15,,,,,
migration-20260604-ea439c25c00f,2026-06-04,104 Ashburne,Utilities,1120,block map,3131,Atmos Energy,Natural Gas,PAUL,read,migration,gm-19e2379ba3158c72,https://mail.google.com/mail/u/0/#all/19e2379ba3158c72,gmail,strong,104 Ashburne,Utilities,15,,,,,
migration-20260114-af572d202fb7,2026-01-14,104 Ashburne,Supplies,1030,"read (65xx on a property -> 1030, D-026.3)",647,Home Depot,Old Work Box,PAUL,read,migration,gm-19c66a1cdb487a56,https://drive.google.com/file/d/1LWOHxyo0yarxeZRyUfHTkNcRJF-6NklW/view?usp=drivesdk,drive,strong,104 Ashburne,Supplies,15,,,,,
migration-20260212-63c96e2faa0b,2026-02-12,OVERHEAD,Gas/Truck/Trailer,6600,D-026.9 fuel block,5200,J&P Auto Repair,Trailer Tire,PAUL,read,migration,gm-19c53948b4990f97,https://drive.google.com/file/d/1q639S81PTDpT0OtA1OkNXA0CxbU0vsjR/view?usp=drivesdk,drive,strong,104 Ashburne,Gas/Truck/Trailer,15,MOVED_TO_OVERHEAD:104 Ashburne,,,Migrated from the old books (Gas/Truck/Trailer): Trailer Tire,
migration-20260305-72d9cbefed7a,2026-03-05,104 Ashburne,Paint & Flooring,1030,read,42584,Home Depot,Baseboards & Trim,PAUL,read,migration,gm-19cbe5c17963dd8d,https://drive.google.com/file/d/1gniTPBB0vQqeJoqsmahTyb4DWliz0U-y/view?usp=drivesdk,drive,strong,104 Ashburne,Paint & Flooring,16,,,,,
migration-20260220-706830a130cb,2026-02-20,104 Ashburne,Trash,1020,block map,20000,Julio,Labor,PAUL,D-026.2 (before August),migration,,,,none,104 Ashburne,Trash,16,NO_DOC,,,,
migration-20260219-f5607d4d4b40,2026-02-19,104 Ashburne,Lighting & Electrical,1040,read,6924,Home Depot,Light Switches,PAUL,read,migration,gm-19c768d3b6197026,https://drive.google.com/file/d/1981pmNyhpzmog5-cgUGTTb3rjMxSE14Q/view?usp=drivesdk,drive,strong,104 Ashburne,Lighting & Electrical,16,,,,,
migration-20260218-20c755e231f5,2026-02-18,104 Ashburne,Master Bath,1030,read,1063,Home Depot,Pex Turnsouts,PAUL,read,migration,gm-19c7092d542413e0,https://drive.google.com/file/d/1ZaeV34-njGwfksiujmaF7ZrC-ABFg6bA/view?usp=drivesdk,drive,strong,104 Ashburne,Master Bath,16,,,,,
migration-20260316-c7469394a2fd,2026-03-16,104 Ashburne,Small Baths,1040,read,16129,Home Depot,Shower Faucet,PAUL,read,migration,gm-19cf85c8d2911eb0,https://drive.google.com/file/d/1gKFoJb5b9jxzJG5cRXcjN4XAMoKPnyK9/view?usp=drivesdk,drive,strong,104 Ashburne,Small Baths,16,,,,,
migration-20260417-6b818d4e97f8,2026-04-17,104 Ashburne,Pool,1130,read,180000,Atlas Pools,New Filter,PAUL,read,migration,gm-19d9c07d5c6edf7f,https://mail.google.com/mail/u/0/#all/19d9c07d5c6edf7f,gmail,strong,104 Ashburne,Pool,16,,,,,
migration-20260319-660d1efe4285,2026-03-19,104 Ashburne,Landscaping,1020,read,45000,FNF Irrigation,Controller and DIagnosis,PAUL,read,migration,gm-19d22c318a9ae172,https://drive.google.com/file/d/1c6sGBRyK09VRpgjX7pzmaqvRnUxGQK4O/view?usp=drivesdk,drive,strong,104 Ashburne,Landscaping,16,CORRECTED,"C-1 2026-09-17/18: the cell is the text '450,00' (comma typo) - $450.00; the parser read 45,000. Paul confirmed $450",,,
migration-20260330-0515731a4256,2026-03-30,104 Ashburne,House Hardware,1030,read,26142,Home Depot,Crawl Space Door,PAUL,read,migration,gm-19d46fc2dd5b39fa,https://mail.google.com/mail/u/0/#all/19d46fc2dd5b39fa,gmail,strong,104 Ashburne,House Hardware,16,,,,,
migration-20260706-b561465c77f5,2026-07-06,104 Ashburne,Utilities,1120,read,22682,Energy Texas,Electricity,PAUL,read,migration,gm-19f37bd652dbc0b5,https://mail.google.com/mail/u/0/#all/19f37bd652dbc0b5,gmail,strong,104 Ashburne,Utilities,16,,,,,
migration-20260115-2e4f568b3f4a,2026-01-15,104 Ashburne,Supplies,1030,read,647,Home Depot,Old Work Box,PAUL,read,migration,gm-19bc1e5948839629,https://drive.google.com/file/d/1m86cWbuRY5agVEiIE86k775wH8s0MRT-/view?usp=drivesdk,drive,strong,104 Ashburne,Supplies,16,,,,,
migration-20260214-f2e5513421e6,2026-02-14,OVERHEAD,Gas/Truck/Trailer,6600,D-026.9 fuel block,5000,Shell,Gas,PAUL,read,migration,gm-19c5cde22d3b278d,https://mail.google.com/mail/u/0/#all/19c5cde22d3b278d,gmail,strong,104 Ashburne,Gas/Truck/Trailer,16,MOVED_TO_OVERHEAD:104 Ashburne,,,Migrated from the old books (Gas/Truck/Trailer): Gas,
migration-20260305-ef9a280d2aac,2026-03-05,104 Ashburne,Paint & Flooring,1020,read,9897,Armandre Vega,Flexible Quarter Round,PAUL,read,migration,gm-19cbe5fe4bbbc3d4,https://mail.google.com/mail/u/0/#all/19cbe5fe4bbbc3d4,gmail,strong,104 Ashburne,Paint & Flooring,17,,,,,
migration-20260213-49f0a4e47264,2026-02-13,104 Ashburne,Trash,1020,block map,20000,Julio,Labor,PAUL,D-026.2 (before August),migration,,,,none,104 Ashburne,Trash,17,NO_DOC,,,,
migration-20260305-4bc76e496ad7,2026-03-05,104 Ashburne,Lighting & Electrical,1030,read,857,Home Depot,Old Work Boxes,PAUL,read,migration,gm-19cbf798cd5a28c5,https://drive.google.com/file/d/1-UQRtyYI37yUJ_uLFNClOekeFA_vwrDf/view?usp=drivesdk,drive,strong,104 Ashburne,Lighting & Electrical,17,,,,,
migration-20260222-0c2c58f8e5ef,2026-02-22,104 Ashburne,Master Bath,1030,read,1499,Pebble Tile Shop,Tile Sample,PAUL,read,migration,gm-19c727fc06096c89,https://mail.google.com/mail/u/0/#all/19c727fc06096c89,gmail,strong,104 Ashburne,Master Bath,17,,,,,
migration-20260316-45238018aaf2,2026-03-16,104 Ashburne,Small Baths,1030,read,7899,Home Depot,Shower Niche,PAUL,read,migration,gm-19cf85c8d2911eb0,https://drive.google.com/file/d/1gKFoJb5b9jxzJG5cRXcjN4XAMoKPnyK9/view?usp=drivesdk,drive,strong,104 Ashburne,Small Baths,17,,,,,
migration-20260417-e1fd89d6b269,2026-04-17,104 Ashburne,Pool,1130,read,18500,Atlas Pools,Service,PAUL,read,migration,gm-19d9c2bb83706d3e,https://mail.google.com/mail/u/0/#all/19d9c2bb83706d3e,gmail,strong,104 Ashburne,Pool,17,,,,,
migration-20260330-5e96bd244b2d,2026-03-30,104 Ashburne,Landscaping,1030,read,3934,Home Depot,Fence Boards,PAUL,read,migration,gm-19caba0d41d86d9b,https://mail.google.com/mail/u/0/#all/19caba0d41d86d9b,gmail,strong,104 Ashburne,Landscaping,17,,,,,
migration-20260330-62e78b1f1730,2026-03-30,104 Ashburne,House Hardware,1020,read,51878,Waxahachie Glass,Glass Deposit,PAUL,read,migration,gm-19d405df0d679aff,https://mail.google.com/mail/u/0/#all/19d405df0d679aff,gmail,strong,104 Ashburne,House Hardware,17,,,,,
migration-20260713-92b2542b7d8a,2026-07-13,104 Ashburne,Utilities,1120,read,3160,Atmos Energy,Natural Gas,PAUL,read,migration,gm-19f5c7193197e0a6,https://mail.google.com/mail/u/0/#all/19f5c7193197e0a6,gmail,strong,104 Ashburne,Utilities,17,,,,,
migration-20260115-b044d9b0cc6b,2026-01-15,104 Ashburne,Supplies,1030,read,734,Home Depot,Wood Dowel,PAUL,read,migration,gm-19bc2775a6872115,https://drive.google.com/file/d/1acVtswFO50RlOSwOYQKl42vmBcozM4os/view?usp=drivesdk,drive,strong,104 Ashburne,Supplies,17,,,,,
migration-20260217-af5a25502f1c,2026-02-17,OVERHEAD,Gas/Truck/Trailer,6600,D-026.9 fuel block,2000,HGO Tire SHop,Flat Tire,PAUL,read,migration,gm-19c6bc67c11b5ac6,https://mail.google.com/mail/u/0/#all/19c6bc67c11b5ac6,gmail,strong,104 Ashburne,Gas/Truck/Trailer,17,MOVED_TO_OVERHEAD:104 Ashburne,,,Migrated from the old books (Gas/Truck/Trailer): Flat Tire,
migration-20260305-31a6e1a9f9f4,2026-03-05,104 Ashburne,Paint & Flooring,1030,read,3241,Lowes,Moldings,PAUL,read,migration,gm-19cbe988cb289b26,https://drive.google.com/file/d/1bcxdcWiBvItHY6IRYZ7ytTHGxGv533ry/view?usp=drivesdk,drive,strong,104 Ashburne,Paint & Flooring,18,,,,,
migration-20260218-f2f6b8837175,2026-02-18,104 Ashburne,Trash,1020,block map,20000,Julio,Labor,PAUL,D-026.2 (before August),migration,,,,weak,104 Ashburne,Trash,18,WEAK_MATCH_UNCONFIRMED,,DROPPED_BY_PAUL C-9: 2026-09-18: 'the toilet is a duplicate and so are the julio charges if they are the same date',,
migration-20260305-a324aec048d2,2026-03-05,104 Ashburne,Lighting & Electrical,1030,read,647,Home Depot,Outlets,PAUL,read,migration,gm-19cbf798cd5a28c5,https://drive.google.com/file/d/1-UQRtyYI37yUJ_uLFNClOekeFA_vwrDf/view?usp=drivesdk,drive,strong,104 Ashburne,Lighting & Electrical,18,,,,,
migration-20260219-3b3db0442785,2026-02-19,104 Ashburne,Master Bath,1040,read,14285,Lowes,Sinks,PAUL,read,migration,gm-19c9b3740b02575c,https://mail.google.com/mail/u/0/#all/19c9b3740b02575c,gmail,strong,104 Ashburne,Master Bath,18,,,,,
migration-20260316-5ce6773fe271,2026-03-16,104 Ashburne,Small Baths,1030,read,5077,Home Depot,Backer Board,PAUL,read,migration,gm-19cf85c8d2911eb0,https://drive.google.com/file/d/1gKFoJb5b9jxzJG5cRXcjN4XAMoKPnyK9/view?usp=drivesdk,drive,strong,104 Ashburne,Small Baths,18,,,,,
migration-20260417-956e30e45727,2026-04-17,104 Ashburne,Pool,1130,read,19647,Atlas Pools,Service,PAUL,read,migration,gm-19d9c2bdd7c7d9c1,https://mail.google.com/mail/u/0/#all/19d9c2bdd7c7d9c1,gmail,strong,104 Ashburne,Pool,18,,,,,
migration-20260508-2e9c1d968406,2026-05-08,104 Ashburne,Landscaping,1130,payee,10000,Julio,Lawn Maintenance,PAUL,D-026.2 (before August),migration,,,,none,104 Ashburne,Landscaping,18,NO_DOC,,,,
migration-20260330-ab7cb509e533,2026-03-30,104 Ashburne,House Hardware,1030,read,5949,Lowes,Door Knobs,PAUL,read,migration,gm-19cf79150281a75a,https://drive.google.com/file/d/1a0DTuwV1XP-1DnlEIGKsY6gJ2GtCfNFI/view?usp=drivesdk,drive,strong,104 Ashburne,House Hardware,18,,,,,
migration-20260803-80c7797461f1,2026-08-03,104 Ashburne,Utilities,1120,read,37116,Energy Texas,Electricity,PAUL,Paul: 2026-09-18: the other 33 August-onward rows with no payer - 'all personal card ending in 9166',migration,gm-19fc8ca461cafa79,https://mail.google.com/mail/u/0/#all/19fc8ca461cafa79,gmail,strong,104 Ashburne,Utilities,18,,,,,
migration-20260210-2be474c37cc9,2026-02-10,104 Ashburne,Supplies,1030,read,377,Home Depot,Shop Towels,PAUL,read,migration,gm-19c488e7c2b56593,https://drive.google.com/file/d/1DKM42Kn2v0aYUyOxH7gYQM0cCdCY4j_C/view?usp=drivesdk,drive,strong,104 Ashburne,Supplies,18,,,,,
migration-20260217-ca8a7b00846d,2026-02-17,OVERHEAD,Gas/Truck/Trailer,6600,D-026.9 fuel block,345,O'Reily,Lug Nut,PAUL,read,migration,gm-19c6bce6982d294b,https://drive.google.com/file/d/183Y2DLyc7jPK3dOA9KRu7ePJnZuLj0Cm/view?usp=drivesdk,drive,strong,104 Ashburne,Gas/Truck/Trailer,18,MOVED_TO_OVERHEAD:104 Ashburne,,,Migrated from the old books (Gas/Truck/Trailer): Lug Nut,
migration-20260306-c9022b06c204,2026-03-06,104 Ashburne,Paint & Flooring,1020,read,250000,Juan Garcia,Paint & Floor Installation,PAUL,read,migration,gm-19cc51b9d5d50855,https://mail.google.com/mail/u/0/#all/19cc51b9d5d50855,gmail,strong,104 Ashburne,Paint & Flooring,19,,,,,
migration-20260304-ff9a82d253bb,2026-03-04,104 Ashburne,Trash,1030,"read (65xx on a property -> 1030, D-026.3)",3244,Home Depot,Garbage Bags,PAUL,read,migration,gm-19cb9e86dc1c5092,https://mail.google.com/mail/u/0/#all/19cb9e86dc1c5092,gmail,strong,104 Ashburne,Trash,19,,,,,
migration-20260305-1c2bbf86d198,2026-03-05,104 Ashburne,Lighting & Electrical,1030,read,585,Home Depot,Outlet Covers,PAUL,read,migration,gm-19caba0d41d86d9b,https://mail.google.com/mail/u/0/#all/19caba0d41d86d9b,gmail,strong,104 Ashburne,Lighting & Electrical,19,,,,,
migration-20260215-ddbfd9f51edb,2026-02-15,104 Ashburne,Master Bath,1030,read,6079,Home Depot,PT 2x4's,PAUL,read,migration,gm-19caba0d41d86d9b,https://mail.google.com/mail/u/0/#all/19caba0d41d86d9b,gmail,strong,104 Ashburne,Master Bath,19,,,,,
migration-20260318-002664ab404d,2026-03-18,104 Ashburne,Small Baths,1030,read,37894,Floor & Decor,Shower Tile,PAUL,read,migration,gm-19d01359eb674ac2,https://drive.google.com/file/d/1jo8RBJdJW8NOtY_k7v8kOzor43LhD1in/view?usp=drivesdk,drive,strong,104 Ashburne,Small Baths,19,,,,,
migration-20260518-822711ccec45,2026-05-18,104 Ashburne,Pool,1130,read,35000,Atlas Pools,New Timer,PAUL,read,migration,gm-19e3b9d4d703ee57,https://mail.google.com/mail/u/0/#all/19e3b9d4d703ee57,gmail,strong,104 Ashburne,Pool,19,,,,,
migration-20260402-dbbbce70ec0e,2026-04-02,104 Ashburne,Landscaping,1030,payee (retailer),20506,Home Depot,Grass Seed,PAUL,D-026.2 (before August),migration,,,,none,104 Ashburne,Landscaping,19,NO_DOC,,,,
migration-20260401-fdd6c1f40ce5,2026-04-01,104 Ashburne,House Hardware,1030,payee (retailer),2250,Home Depot,oor weather stripping,PAUL,read,migration,gm-19d63f17bf22f9fa,https://mail.google.com/mail/u/0/#all/19d63f17bf22f9fa,gmail,strong,104 Ashburne,House Hardware,19,,,,,
migration-20260810-3d2ce8df9a60,2026-08-10,104 Ashburne,Utilities,1120,read,3579,Atmos Energy,Natural Gas,PAUL,Paul: 2026-09-18: the other 33 August-onward rows with no payer - 'all personal card ending in 9166',migration,gm-19fecb16f5663e40,https://mail.google.com/mail/u/0/#all/19fecb16f5663e40,gmail,strong,104 Ashburne,Utilities,19,,,,,
migration-20260211-a675ca2d2136,2026-02-11,104 Ashburne,Supplies,1030,"read (65xx on a property -> 1030, D-026.3)",917,Home Depot,Gloves,PAUL,read,migration,gm-19c4cb602c2d527c,https://mail.google.com/mail/u/0/#all/19c4cb602c2d527c,gmail,strong,104 Ashburne,Supplies,19,,,,,
migration-20260218-9be4d6ffff8c,2026-02-18,OVERHEAD,Gas/Truck/Trailer,6600,D-026.9 fuel block,5148,Shell,Gas,PAUL,read,migration,gm-19c72576226cdb22,https://mail.google.com/mail/u/0/#all/19c72576226cdb22,gmail,strong,104 Ashburne,Gas/Truck/Trailer,19,MOVED_TO_OVERHEAD:104 Ashburne,,,Migrated from the old books (Gas/Truck/Trailer): Gas,
migration-20260312-13ef1363eb4d,2026-03-12,104 Ashburne,Paint & Flooring,1030,read,5253,Home Depot,Quarter Round,PAUL,read,migration,gm-19caba0d41d86d9b,https://mail.google.com/mail/u/0/#all/19caba0d41d86d9b,gmail,strong,104 Ashburne,Paint & Flooring,20,,,,,
migration-20260310-874b15718b2d,2026-03-10,104 Ashburne,Trash,1060,read,2730,City of Corsicana,Dump,PAUL,read,migration,gm-19cd97e8d0053cdd,https://drive.google.com/file/d/1e4NBHjsQXTYVs-bLaZsszO7nHl-vjZAB/view?usp=drivesdk,drive,strong,104 Ashburne,Trash,20,,,,,
migration-20260305-fb0b202d4a6b,2026-03-05,104 Ashburne,Lighting & Electrical,1040,read,30297,Home Depot,LED Strip Lights For Cabinets,PAUL,read,migration,gm-19cbf798cd5a28c5,https://drive.google.com/file/d/1-UQRtyYI37yUJ_uLFNClOekeFA_vwrDf/view?usp=drivesdk,drive,strong,104 Ashburne,Lighting & Electrical,20,,,,,
migration-20260305-d7a5f5729af9,2026-03-05,104 Ashburne,Master Bath,1040,read,36589,Home Depot,Sink Faucets,PAUL,read,migration,gm-19cbddb92c61a37a,https://drive.google.com/file/d/1PTryUvANB6Fx8ykStIvCg1uEpZ_3RG7p/view?usp=drivesdk,drive,strong,104 Ashburne,Master Bath,20,,,,,
migration-20260318-c1993e0c39ad,2026-03-18,104 Ashburne,Small Baths,1030,read,5402,Lowes,Slutters,PAUL,read,migration,gm-19d025886a028690,https://drive.google.com/file/d/1Yqm8I-U56AKcl8JdVFww8-qKH18VLPN8/view?usp=drivesdk,drive,strong,104 Ashburne,Small Baths,20,,,,,
migration-20260518-9189cdb94e2c,2026-05-18,104 Ashburne,Pool,1130,read,25601,Atlas Pools,Service,PAUL,read,migration,gm-19e3b9e38c92919f,https://mail.google.com/mail/u/0/#all/19e3b9e38c92919f,gmail,strong,104 Ashburne,Pool,20,,,,,
migration-20260402-7c384d469ecb,2026-04-02,104 Ashburne,Landscaping,1020,payee (labor),20000,Julio,Labor,PAUL,D-026.2 (before August),migration,,,,weak,104 Ashburne,Landscaping,20,WEAK_MATCH_UNCONFIRMED,,,,
migration-20260401-1de07c181ae1,2026-04-01,104 Ashburne,House Hardware,1030,read,2055,Lowes,Door Knobs,PAUL,read,migration,gm-19d492744d5f21c2,https://drive.google.com/file/d/1YkAr1WEdFP_PiUVk3AkFQ4ob9RdZeaZs/view?usp=drivesdk,drive,strong,104 Ashburne,House Hardware,20,,,,,
migration-20260810-ba9c55f515d0,2026-08-10,104 Ashburne,Utilities,1120,read,18267,City of Ovilla,Water,PAUL,read,migration,gm-19fed3edc8e2cd4e,https://drive.google.com/file/d/1lpDUwXOosWJdAbKGZ96bIXAp_hIWx5x5/view?usp=drivesdk,drive,strong,104 Ashburne,Utilities,20,,,,,
migration-20260213-c3a78a785cd8,2026-02-13,104 Ashburne,Supplies,1030,read,377,Home Depot,Shop Towels,PAUL,read,migration,gm-19c576d1036e4a39,https://drive.google.com/file/d/1deGUzi8y68f1aSrD8FP3YYWyuViEaNoI/view?usp=drivesdk,drive,strong,104 Ashburne,Supplies,20,,,,,
migration-20260220-de517407751d,2026-02-20,OVERHEAD,Gas/Truck/Trailer,6600,D-026.9 fuel block,5515,Shell,Gas,PAUL,read,migration,gm-19c7cfbc9a6c86a0,https://mail.google.com/mail/u/0/#all/19c7cfbc9a6c86a0,gmail,strong,104 Ashburne,Gas/Truck/Trailer,20,MOVED_TO_OVERHEAD:104 Ashburne,,,Migrated from the old books (Gas/Truck/Trailer): Gas,
migration-20260313-fdc6da763d61,2026-03-13,104 Ashburne,Paint & Flooring,1030,read,4832,Lowes,Quarter Round,PAUL,read,migration,gm-19ce7245dbb4ed86,https://drive.google.com/file/d/1gn9pyhkWH1jzk9eyvwixamTRYDtx4l2p/view?usp=drivesdk,drive,strong,104 Ashburne,Paint & Flooring,21,,,,,
migration-20260310-7ed5bb620477,2026-03-10,104 Ashburne,Trash,1020,block map,20000,Julio,Labor,PAUL,D-026.2 (before August),migration,,,,none,104 Ashburne,Trash,21,NO_DOC,,,,
migration-20260309-0d8c936b0a34,2026-03-09,104 Ashburne,Lighting & Electrical,1040,read,15262,Wayfiar,Dining Room Light,PAUL,read,migration,gm-19cd60fc58534aca,https://mail.google.com/mail/u/0/#all/19cd60fc58534aca,gmail,strong,104 Ashburne,Lighting & Electrical,21,CORRECTED,"C-2 2026-09-18: the cell is the text '152,62' (comma typo) - $152.62, never $15,262; the inventory parser misread it",,,
migration-20260307-4630a1b692d2,2026-03-07,104 Ashburne,Master Bath,1030,read,37367,The Tile Shop,Tile for bathtub plaform,PAUL,read,migration,gm-19cc98e8a2850d78,https://drive.google.com/file/d/1yAgF-YnqQt0T17-tr3DS2cS9P1siNpIw/view?usp=drivesdk,drive,strong,104 Ashburne,Master Bath,21,,,,,
migration-20260319-0cceba234c83,2026-03-19,104 Ashburne,Small Baths,1030,read,5408,Lowes,Grout,PAUL,read,migration,gm-19d069c13314e2b8,https://drive.google.com/file/d/19CDPV6LBlECOIoOzvbWhAXCfix7yM4qa/view?usp=drivesdk,drive,strong,104 Ashburne,Small Baths,21,,,,,
migration-20260611-8959b7760cdb,2026-06-11,104 Ashburne,Pool,1130,read,25601,Atlas Pools,Service,PAUL,read,migration,gm-19eb746f47e8d76d,https://drive.google.com/file/d/1AKHtDpYA579pSSXTG3wJed7663Z8_g9F/view?usp=drivesdk,drive,strong,104 Ashburne,Pool,21,,,,,
migration-20260403-81cd501b2172,2026-04-03,104 Ashburne,Landscaping,1020,payee (labor),20000,Julio,Labor,PAUL,D-026.2 (before August),migration,,,,none,104 Ashburne,Landscaping,21,NO_DOC,,,,
migration-20260401-bc7fa5699adf,2026-04-01,104 Ashburne,House Hardware,1030,read,1586,Home Depot,Door stops,PAUL,read,migration,gm-19d4a3ee589e436a,https://drive.google.com/file/d/1bv7Pp9Yb2Xc7unJLH327L9MUkbbPuswv/view?usp=drivesdk,drive,strong,104 Ashburne,House Hardware,21,,,,,
migration-20260212-35b4e46fa937,2026-02-12,104 Ashburne,Supplies,1030,read,1566,Home Depot,Screws,PAUL,read,migration,gm-19c529f443b9a66e,https://mail.google.com/mail/u/0/#all/19c529f443b9a66e,gmail,strong,104 Ashburne,Supplies,21,,,,,
migration-20260304-ad8729ec53c6,2026-03-04,OVERHEAD,Gas/Truck/Trailer,6600,D-026.9 fuel block,5596,Shell,Gas,PAUL,read,migration,gm-19cba38a160751ad,https://mail.google.com/mail/u/0/#all/19cba38a160751ad,gmail,strong,104 Ashburne,Gas/Truck/Trailer,21,MOVED_TO_OVERHEAD:104 Ashburne,,,Migrated from the old books (Gas/Truck/Trailer): Gas,
migration-20260313-e3673afd4960,2026-03-13,104 Ashburne,Paint & Flooring,1030,read,1190,FedEx,Shipping to Felxitions,PAUL,read,migration,gm-19ce84ad1be595c1,https://mail.google.com/mail/u/0/#all/19ce84ad1be595c1,gmail,strong,104 Ashburne,Paint & Flooring,22,,,,,
migration-20260323-9b99e6cab989,2026-03-23,104 Ashburne,Trash,1020,read,20000,Julio,Labor,PAUL,read,migration,gm-19d1cc95a5026d98,https://mail.google.com/mail/u/0/#all/19d1cc95a5026d98,gmail,strong,104 Ashburne,Trash,22,,,,,
migration-20260313-624977e5ae70,2026-03-13,104 Ashburne,Lighting & Electrical,1040,read,12081,Lumens,Laundry Bath Light,PAUL,read,migration,gm-19ce9e96ec55aec5,https://mail.google.com/mail/u/0/#all/19ce9e96ec55aec5,gmail,strong,104 Ashburne,Lighting & Electrical,22,,,,,
migration-20260307-7bf9930a40c3,2026-03-07,104 Ashburne,Master Bath,1030,payee (retailer),13640,Floor & Decor,Tile for bathtub plaform,PAUL,D-026.2 (before August),migration,,,,weak,104 Ashburne,Master Bath,22,WEAK_MATCH_UNCONFIRMED,,,,
migration-20260319-44f69825308c,2026-03-19,104 Ashburne,Small Baths,1040,read,54527,Home Depot,Vanith Top,PAUL,read,migration,gm-19d06dcf2f70ce53,https://mail.google.com/mail/u/0/#all/19d06dcf2f70ce53,gmail,strong,104 Ashburne,Small Baths,22,,,,,
migration-20260630-ba1bcd2f9ed4,2026-06-30,104 Ashburne,Pool,1020,payee (labor),25601,Atlas Pools,Service,PAUL,D-026.2 (before August),migration,,,,none,104 Ashburne,Pool,22,NO_DOC,,"DROPPED_BY_PAUL C-18: 2026-09-18: Atlas Pools' portal shows five monthly service payments (05/18, 06/11, 07/25, 09/01, 09/01); the books have six. Paul: 'use the screenshots i gave you as the guide. that is what was paid.' The 06-30 Service $256.01 has no payment behind it - dropped",,
migration-20260405-ccf66fa3f547,2026-04-05,104 Ashburne,Landscaping,1020,payee (labor),20000,Julio,Labor,PAUL,D-026.2 (before August),migration,,,,none,104 Ashburne,Landscaping,22,NO_DOC,,,,
migration-20260403-15f62de49213,2026-04-03,104 Ashburne,House Hardware,1030,read,15694,Lowes,Front Door Lock Set,PAUL,read,migration,gm-19d535a923f6b186,https://mail.google.com/mail/u/0/#all/19d535a923f6b186,gmail,strong,104 Ashburne,House Hardware,22,,,,,
migration-20260215-aec736dc1cf0,2026-02-15,104 Ashburne,Supplies,1030,read,1691,Home Depot,Screws,PAUL,read,migration,gm-19cd8db842855d26,https://drive.google.com/file/d/1KGu234JiirQkoSSD4_KDCDuwVGj4oBzY/view?usp=drivesdk,drive,strong,104 Ashburne,Supplies,22,,,,,
migration-20260307-b13187cebe5a,2026-03-07,OVERHEAD,Gas/Truck/Trailer,6600,D-026.9 fuel block,5925,Shell,Gas,PAUL,read,migration,gm-19cc95f39c8dcc89,https://mail.google.com/mail/u/0/#all/19cc95f39c8dcc89,gmail,strong,104 Ashburne,Gas/Truck/Trailer,22,MOVED_TO_OVERHEAD:104 Ashburne,,,Migrated from the old books (Gas/Truck/Trailer): Gas,
migration-20260316-bcbaa37dbd4e,2026-03-16,104 Ashburne,Paint & Flooring,1030,read,46573,Lowes,"3/4 round, garage trim and stair faces",PAUL,read,migration,gm-19cf78c3c07ff0f6,https://mail.google.com/mail/u/0/#all/19cf78c3c07ff0f6,gmail,strong,104 Ashburne,Paint & Flooring,23,,,,,
migration-20260323-0514a104bc21,2026-03-23,104 Ashburne,Trash,1060,read,2730,City of Corsicana,Dump,PAUL,read,migration,gm-19d1cd018ff7d685,https://drive.google.com/file/d/17Dt4fIHGmFwmqfuqOmSxeh3PRza2qg0X/view?usp=drivesdk,drive,strong,104 Ashburne,Trash,23,,,,,
migration-20260321-ea700318ca4a,2026-03-21,104 Ashburne,Lighting & Electrical,1040,read,7685,Wauyfair,Single Bath Light Fixture,PAUL,read,migration,gm-19d0446213881f8d,https://mail.google.com/mail/u/0/#all/19d0446213881f8d,gmail,strong,104 Ashburne,Lighting & Electrical,23,,,,,
migration-20260308-4683596206bc,2026-03-08,104 Ashburne,Master Bath,1030,read,5408,Home Depot,OSB Subfloor,PAUL,read,migration,gm-19ccf1f38113d4f9,https://drive.google.com/file/d/1YZP3vIlLKmDqA2Z2GYHiZhc4rLiQN0Xv/view?usp=drivesdk,drive,strong,104 Ashburne,Master Bath,23,,,,,
migration-20260319-c70eaa7d97ec,2026-03-19,104 Ashburne,Small Baths,1030,payee (retailer),-12102,Floor & Decor,RETURN,PAUL,D-026.2 (before August),migration,,,,none,104 Ashburne,Small Baths,23,NO_DOC,,,,
migration-20260730-8eb0bd1a3915,2026-07-30,104 Ashburne,Pool,1130,read,25601,Atlas Pools,Service,PAUL,read,migration,gm-19f99e711bce8059,https://mail.google.com/mail/u/0/#all/19f99e711bce8059,gmail,strong,104 Ashburne,Pool,23,,,,,
migration-20260406-e955febb5e3d,2026-04-06,104 Ashburne,Landscaping,1020,payee (labor),20000,Julio,Labor,PAUL,D-026.2 (before August),migration,,,,none,104 Ashburne,Landscaping,23,NO_DOC,,,,
migration-20260403-3ed4e67e230e,2026-04-03,104 Ashburne,House Hardware,1130,read,11364,Home Depot,Front Door Lock Set,PAUL,read,migration,gm-19d4ed506ec83c9a,https://drive.google.com/file/d/1xCcg9al8SkPPJ4kXbkqYO4jE0314eIRX/view?usp=drivesdk,drive,strong,104 Ashburne,House Hardware,23,,,,,
migration-20260216-e8267e12f909,2026-02-16,104 Ashburne,Supplies,1030,read,3975,Home Depot,Screws,PAUL,read,migration,gm-19c66a1cdb487a56,https://drive.google.com/file/d/1LWOHxyo0yarxeZRyUfHTkNcRJF-6NklW/view?usp=drivesdk,drive,strong,104 Ashburne,Supplies,23,,,,,
migration-20260310-08aa8f14e9fc,2026-03-10,OVERHEAD,Gas/Truck/Trailer,6600,D-026.9 fuel block,6927,Shell,Gas,PAUL,D-026.2 (before August),migration,,,,none,104 Ashburne,Gas/Truck/Trailer,23,NO_DOC;MOVED_TO_OVERHEAD:104 Ashburne,,,Migrated from the old books (Gas/Truck/Trailer): Gas,
migration-20260317-8ce6e7cbef72,2026-03-17,104 Ashburne,Paint & Flooring,1030,read,6463,Home Depot,Quarter Round,PAUL,read,migration,gm-19cfc93a35021f22,https://drive.google.com/file/d/1McppFin3WD0b7-8GS6Vv1CbkAKvbFS-f/view?usp=drivesdk,drive,strong,104 Ashburne,Paint & Flooring,24,,,,,
migration-20260408-e35d9094dc1a,2026-04-08,104 Ashburne,Trash,1060,read,2730,City of Corsicana,Dump,PAUL,read,migration,gm-19d6e8c47f186ff0,https://drive.google.com/file/d/1mv1tqjBRkMPM3sKLDkGbXTVhuB_pxyuW/view?usp=drivesdk,drive,strong,104 Ashburne,Trash,24,,,,,
migration-20260321-627e31a7aeee,2026-03-21,104 Ashburne,Lighting & Electrical,1030,read,1897,Lowes,Downrod,PAUL,read,migration,gm-19d11a93764263f8,https://drive.google.com/file/d/1HM8VakTScJcmLg3JbX6vNGs2Uvnn0vx9/view?usp=drivesdk,drive,strong,104 Ashburne,Lighting & Electrical,24,,,,,
migration-20260312-2932a133fa4b,2026-03-12,104 Ashburne,Master Bath,1030,payee (retailer),7586,Home Depot,Molding,PAUL,read,migration,gm-19d63f17bf22f9fa,https://mail.google.com/mail/u/0/#all/19d63f17bf22f9fa,gmail,strong,104 Ashburne,Master Bath,24,,,,,
migration-20260319-e194a7e6fe80,2026-03-19,104 Ashburne,Small Baths,1030,read,1871,Floor & Decor,Tile,PAUL,read,migration,gm-19d07518d663dbfe,https://drive.google.com/file/d/1iymiaOKtrlJ5dRVrqJqpyvtVmhquXSlf/view?usp=drivesdk,drive,strong,104 Ashburne,Small Baths,24,,,,,
migration-20260901-2be3b551edba,2026-09-01,104 Ashburne,Pool,1130,read,25601,Atlas Pools,Service - August,PAUL,read,migration,gm-1a05e91af6af152b,https://mail.google.com/mail/u/0/#all/1a05e91af6af152b,gmail,strong,104 Ashburne,Pool,24,,,,,
migration-20260407-e43164823151,2026-04-07,104 Ashburne,Landscaping,1020,payee (labor),20000,Julio,Labor,PAUL,D-026.2 (before August),migration,,,,none,104 Ashburne,Landscaping,24,NO_DOC,,,,
migration-20260626-f88233d90036,2026-06-26,104 Ashburne,House Hardware,1030,read,92788,Shade Screen Solutions,Window Screens,PAUL,read,migration,gm-19f03e5017a7c259,https://mail.google.com/mail/u/0/#all/19f03e5017a7c259,gmail,strong,104 Ashburne,House Hardware,24,,,,,
migration-20260216-858c6b410afb,2026-02-16,104 Ashburne,Supplies,1030,read,416,Home Depot,Thread Dope,PAUL,read,migration,gm-19c66a1cdb487a56,https://drive.google.com/file/d/1LWOHxyo0yarxeZRyUfHTkNcRJF-6NklW/view?usp=drivesdk,drive,strong,104 Ashburne,Supplies,24,,,,,
migration-20260313-766a1302e231,2026-03-13,OVERHEAD,Gas/Truck/Trailer,6600,D-026.9 fuel block,7060,Shell,Gas,PAUL,read,migration,gm-19ce7f2d328e4ac8,https://mail.google.com/mail/u/0/#all/19ce7f2d328e4ac8,gmail,strong,104 Ashburne,Gas/Truck/Trailer,24,MOVED_TO_OVERHEAD:104 Ashburne,,,Migrated from the old books (Gas/Truck/Trailer): Gas,
migration-20260318-b21a587326c4,2026-03-18,104 Ashburne,Paint & Flooring,1030,read,65334,Flexitions,Curved Stair Moldings,PAUL,read,migration,gm-19d02f0310a87049,https://mail.google.com/mail/u/0/#all/19d02f0310a87049,gmail,strong,104 Ashburne,Paint & Flooring,25,,,,,
migration-20260321-67fa3ff64cc3,2026-03-21,104 Ashburne,Lighting & Electrical,1030,payee (retailer),-10823,Lowes,RETURN celing fan,PAUL,D-026.2 (before August),migration,,,,weak,104 Ashburne,Lighting & Electrical,25,WEAK_MATCH_UNCONFIRMED,,,,
migration-20260312-b72aeed986da,2026-03-12,104 Ashburne,Master Bath,1130,read,3299,Home Depot,FJP 1x6,PAUL,read,migration,gm-19d4ed506ec83c9a,https://drive.google.com/file/d/1xCcg9al8SkPPJ4kXbkqYO4jE0314eIRX/view?usp=drivesdk,drive,strong,104 Ashburne,Master Bath,25,,,,,
migration-20260319-5d6274227c72,2026-03-19,104 Ashburne,Small Baths,1030,read,1871,Floor & Decor,Tile,PAUL,read,migration,gm-19d07810db483152,https://drive.google.com/file/d/1wA77AihdL7z3i1jWrWTYCcijdfnjwTbo/view?usp=drivesdk,drive,strong,104 Ashburne,Small Baths,25,,,,,
migration-20260901-30e7ed2748db,2026-09-01,104 Ashburne,Pool,1130,read,25601,Atlas Pools,Service - Sept,PAUL,read,migration,gm-1a05e92632b068ee,https://mail.google.com/mail/u/0/#all/1a05e92632b068ee,gmail,strong,104 Ashburne,Pool,25,,,,,
migration-20260408-ac531dbfc06a,2026-04-08,104 Ashburne,Landscaping,1030,read,25915,The Greenery,Mulch,PAUL,read,migration,gm-19d6ec0ee16a06b1,https://drive.google.com/file/d/1prvG_qA1CUtGWhs1xWYNQlU0MtrGGKN3/view?usp=drivesdk,drive,strong,104 Ashburne,Landscaping,25,,,,,
migration-20260216-5e7e77c674c6,2026-02-16,104 Ashburne,Supplies,1030,read,215,Harbor Freight,Staples,PAUL,read,migration,gm-19c678226649aa40,https://mail.google.com/mail/u/0/#all/19c678226649aa40,gmail,strong,104 Ashburne,Supplies,25,,,,,
migration-20260316-25e20561c43d,2026-03-16,OVERHEAD,Gas/Truck/Trailer,6600,D-026.9 fuel block,7208,Shell,Gas,PAUL,read,migration,gm-19cf81ba91c8c90f,https://mail.google.com/mail/u/0/#all/19cf81ba91c8c90f,gmail,strong,104 Ashburne,Gas/Truck/Trailer,25,MOVED_TO_OVERHEAD:104 Ashburne,,,Migrated from the old books (Gas/Truck/Trailer): Gas,
migration-20260324-548b126a7153,2026-03-24,104 Ashburne,Paint & Flooring,1020,read,388900,Armander Vega,Exterior Paint,PAUL,read,migration,gm-19d20ce0a13a68af,https://mail.google.com/mail/u/0/#all/19d20ce0a13a68af,gmail,strong,104 Ashburne,Paint & Flooring,26,,,,,
migration-20260319-b1ad7406bb70,2026-03-19,104 Ashburne,Lighting & Electrical,1030,read,89830,Lowes,Celing Fans,PAUL,D-026.2 (before August),migration,gm-19d0befa5bef8dc0,https://mail.google.com/mail/u/0/#all/19d0befa5bef8dc0,gmail,strong,104 Ashburne,Lighting & Electrical,26,,,,,
migration-20260312-72ede646ac0b,2026-03-12,104 Ashburne,Master Bath,1030,payee (retailer),7821,Home Depot,Backer Board,PAUL,D-026.2 (before August),migration,,,,none,104 Ashburne,Master Bath,26,NO_DOC,,,,
migration-20260320-8f36d13729c4,2026-03-20,104 Ashburne,Small Baths,1020,read,291000,Salvador Campos,Shower Tile,PAUL,read,migration,gm-19d0d690ad99ec5c,https://mail.google.com/mail/u/0/#all/19d0d690ad99ec5c,gmail,strong,104 Ashburne,Small Baths,26,,,,,
migration-20260408-315790a2a148,2026-04-08,104 Ashburne,Landscaping,1030,read,87931,Home Depot,Landscape Fabric & Supplies,PAUL,read,migration,gm-19d6ee18dbed6f84,https://mail.google.com/mail/u/0/#all/19d6ee18dbed6f84,gmail,strong,104 Ashburne,Landscaping,26,,,,,
migration-20260216-505330c867a0,2026-02-16,104 Ashburne,Supplies,1030,read,540,Harbor Freight,Wire Nuts,PAUL,read,migration,gm-19c678226649aa40,https://mail.google.com/mail/u/0/#all/19c678226649aa40,gmail,strong,104 Ashburne,Supplies,26,,,,,
migration-20260316-397c6a111d1d,2026-03-16,OVERHEAD,Gas/Truck/Trailer,6600,D-026.9 fuel block,59377,Waltons Brakes & Mufflers,Brakes,PAUL,read,migration,gm-19d018e208f5ce58,https://mail.google.com/mail/u/0/#all/19d018e208f5ce58,gmail,strong,104 Ashburne,Gas/Truck/Trailer,26,MOVED_TO_OVERHEAD:104 Ashburne,,,Migrated from the old books (Gas/Truck/Trailer): Brakes,
migration-20260330-191e7b3ea02f,2026-03-30,104 Ashburne,Paint & Flooring,1020,payee (labor),167000,Juan Garcia,Exterior Paint,PAUL,read,migration,gm-19d40334634a85c4,https://mail.google.com/mail/u/0/#all/19d40334634a85c4,gmail,strong,104 Ashburne,Paint & Flooring,27,,,,,
migration-20260322-3e0dc9dc9e64,2026-03-22,104 Ashburne,Lighting & Electrical,1030,payee (retailer),30717,Home Depot,"Outlets, GFI's & Switches",PAUL,D-026.2 (before August),migration,,,,weak,104 Ashburne,Lighting & Electrical,27,WEAK_MATCH_UNCONFIRMED,,,,
migration-20260313-31f8d23bfcbc,2026-03-13,104 Ashburne,Master Bath,1030,read,6081,Lowes,Grout,PAUL,read,migration,gm-19cf79150281a75a,https://drive.google.com/file/d/1a0DTuwV1XP-1DnlEIGKsY6gJ2GtCfNFI/view?usp=drivesdk,drive,strong,104 Ashburne,Master Bath,27,,,,,
migration-20260323-94e0b45d5919,2026-03-23,104 Ashburne,Small Baths,1030,read,7864,Home Depot,Angle Stops,PAUL,read,migration,gm-19d1b92fe12a4c7d,https://drive.google.com/file/d/1SxCJSApwrx9UUj4JfYT2cJh-XYgoSORO/view?usp=drivesdk,drive,strong,104 Ashburne,Small Baths,27,,,,,
migration-20260409-41984e62aaf2,2026-04-09,104 Ashburne,Landscaping,1020,read,96500,FNF Irrigation,Irrigation Repair,PAUL,read,migration,gm-19d6fecde00f5873,https://mail.google.com/mail/u/0/#all/19d6fecde00f5873,gmail,strong,104 Ashburne,Landscaping,27,,,,,
migration-20260218-33f81b23d9cd,2026-02-18,104 Ashburne,Supplies,1030,read,1532,Home Depot,Screws,PAUL,read,migration,gm-19c7092d542413e0,https://drive.google.com/file/d/1ZaeV34-njGwfksiujmaF7ZrC-ABFg6bA/view?usp=drivesdk,drive,strong,104 Ashburne,Supplies,27,,,,,
migration-20260319-51a72d918337,2026-03-19,OVERHEAD,Gas/Truck/Trailer,6600,D-026.9 fuel block,1306,Shell,Gas,PAUL,read,migration,gm-19d064b856ef56ce,https://mail.google.com/mail/u/0/#all/19d064b856ef56ce,gmail,strong,104 Ashburne,Gas/Truck/Trailer,27,MOVED_TO_OVERHEAD:104 Ashburne,,,Migrated from the old books (Gas/Truck/Trailer): Gas,
migration-20260331-b9cf7adb00ba,2026-03-31,104 Ashburne,Paint & Flooring,1030,payee (retailer),49150,50 Floors,Stair Carpet,PAUL,D-026.2 (before August),migration,,,,none,104 Ashburne,Paint & Flooring,28,NO_DOC,,,,
migration-20260322-261795cb08cb,2026-03-22,104 Ashburne,Lighting & Electrical,1030,payee (retailer),7574,Home Depot,LED Tape for Master Bth Soffet,PAUL,D-026.2 (before August),migration,,,,none,104 Ashburne,Lighting & Electrical,28,NO_DOC,,,,
migration-20260315-ab2581aa0156,2026-03-15,104 Ashburne,Master Bath,1030,read,3672,Home Depot,Brass Plumbing Fittings,PAUL,read,migration,gm-19cf3177d3ee370b,https://drive.google.com/file/d/1Khf1l0UStQxjhBklhnHrIIcDUeXEG_k9/view?usp=drivesdk,drive,strong,104 Ashburne,Master Bath,28,,,,,
migration-20260325-39e4e221d748,2026-03-25,104 Ashburne,Small Baths,1040,read,10717,Lowes,Tiolet,PAUL,read,migration,gm-19d2556d29835a4b,https://drive.google.com/file/d/1OBt5kC3UTMvyjrtjyKU1K851MqIr7JWA/view?usp=drivesdk,drive,strong,104 Ashburne,Small Baths,28,,,DROPPED_BY_PAUL C-9: 2026-09-18: 'the toilet is a duplicate and so are the julio charges if they are the same date',,
migration-20260408-34690af1455e,2026-04-08,104 Ashburne,Landscaping,1030,read,115615,The Greenery,Mulch & Rock,PAUL,read,migration,gm-19d78e051da2f255,https://mail.google.com/mail/u/0/#all/19d78e051da2f255,gmail,strong,104 Ashburne,Landscaping,28,,,,,
migration-20260218-af767fe43242,2026-02-18,104 Ashburne,Supplies,1030,read,473,Home Depot,Zip Ties,PAUL,read,migration,gm-19c7092d542413e0,https://drive.google.com/file/d/1ZaeV34-njGwfksiujmaF7ZrC-ABFg6bA/view?usp=drivesdk,drive,strong,104 Ashburne,Supplies,28,,,,,
migration-20260320-01fbdbec76df,2026-03-20,OVERHEAD,Gas/Truck/Trailer,6600,D-026.9 fuel block,7547,Shell,Gas,PAUL,read,migration,gm-19d0b8a1ba69dd09,https://mail.google.com/mail/u/0/#all/19d0b8a1ba69dd09,gmail,strong,104 Ashburne,Gas/Truck/Trailer,28,MOVED_TO_OVERHEAD:104 Ashburne,,,Migrated from the old books (Gas/Truck/Trailer): Gas,
migration-20260401-57f84a155c08,2026-04-01,104 Ashburne,Paint & Flooring,1130,read,3878,Home Depot,Quarter Round,PAUL,read,migration,gm-19d4ed506ec83c9a,https://drive.google.com/file/d/1xCcg9al8SkPPJ4kXbkqYO4jE0314eIRX/view?usp=drivesdk,drive,strong,104 Ashburne,Paint & Flooring,29,,,,,
migration-20260322-ccfd62f7ce9f,2026-03-22,104 Ashburne,Lighting & Electrical,1040,read,1783,Home Depot,LED Shower light,PAUL,read,migration,gm-19d2647307183ef9,https://drive.google.com/file/d/1qGwMdOP5f2cSs-B-Ew-6u9yLWGNyeXJo/view?usp=drivesdk,drive,strong,104 Ashburne,Lighting & Electrical,29,,,,,
migration-20260314-fcbd7d5072ee,2026-03-14,104 Ashburne,Master Bath,1020,read,120000,Salvador Campos,Tub Platform Tile,PAUL,read,migration,gm-19cfcae97bf0260e,https://mail.google.com/mail/u/0/#all/19cfcae97bf0260e,gmail,strong,104 Ashburne,Master Bath,29,,,,,
migration-20260325-e944e3d40b1a,2026-03-25,104 Ashburne,Small Baths,1040,read,7792,Lowes,Mirrow,PAUL,read,migration,gm-19d2556d29835a4b,https://drive.google.com/file/d/1OBt5kC3UTMvyjrtjyKU1K851MqIr7JWA/view?usp=drivesdk,drive,strong,104 Ashburne,Small Baths,29,,,,,
migration-20260410-bfc5f567a2ce,2026-04-10,104 Ashburne,Landscaping,1020,payee (labor),80000,Julio & Friend,Labor,PAUL,D-026.2 (before August),migration,,,,none,104 Ashburne,Landscaping,29,NO_DOC,,,,
migration-20260219-00c86cfc3e17,2026-02-19,104 Ashburne,Supplies,1030,read,2367,Home Depot,AAA Batteries,PAUL,read,migration,gm-19c768d3b6197026,https://drive.google.com/file/d/1981pmNyhpzmog5-cgUGTTb3rjMxSE14Q/view?usp=drivesdk,drive,strong,104 Ashburne,Supplies,29,,,,,
migration-20260323-5a4b7e3d9523,2026-03-23,OVERHEAD,Gas/Truck/Trailer,6600,D-026.9 fuel block,3895,AutoXZone,Oil,PAUL,read,migration,gm-19d1aff5eaa6fee2,https://drive.google.com/file/d/1IKvTFnDbZ2SdDEcV3owL7yzvrbUUm3r-/view?usp=drivesdk,drive,strong,104 Ashburne,Gas/Truck/Trailer,29,MOVED_TO_OVERHEAD:104 Ashburne,,,Migrated from the old books (Gas/Truck/Trailer): Oil,
migration-20260401-36eb923bcd75,2026-04-01,104 Ashburne,Paint & Flooring,1030,read,3447,Lowes,Quarter Round,PAUL,read,migration,gm-19d492744d5f21c2,https://drive.google.com/file/d/1YkAr1WEdFP_PiUVk3AkFQ4ob9RdZeaZs/view?usp=drivesdk,drive,strong,104 Ashburne,Paint & Flooring,30,,,,,
migration-20260319-d9c9f081e656,2026-03-19,104 Ashburne,Lighting & Electrical,1030,payee (retailer),2588,Lowes,"18"" Downrod",PAUL,D-026.2 (before August),migration,,,,none,104 Ashburne,Lighting & Electrical,30,NO_DOC,,,,
migration-20260321-0ad08b021ace,2026-03-21,104 Ashburne,Master Bath,1040,read,16000,LightsLux,Pendandt,PAUL,read,migration,gm-19d10a379c030001,https://mail.google.com/mail/u/0/#all/19d10a379c030001,gmail,strong,104 Ashburne,Master Bath,30,,,,,
migration-20260325-f6368e6b4f20,2026-03-25,104 Ashburne,Small Baths,1040,read,11908,Lowes,Pedastal Sink,PAUL,read,migration,gm-19d2556d29835a4b,https://drive.google.com/file/d/1OBt5kC3UTMvyjrtjyKU1K851MqIr7JWA/view?usp=drivesdk,drive,strong,104 Ashburne,Small Baths,30,,,,,
migration-20260410-0b9ee30a44f1,2026-04-10,104 Ashburne,Landscaping,1020,read,40000,Julio & Friend,Labor,PAUL,read,migration,gm-19d7e6e5e1ce5426,https://mail.google.com/mail/u/0/#all/19d7e6e5e1ce5426,gmail,strong,104 Ashburne,Landscaping,30,,,,,
migration-20260219-292421f9560c,2026-02-19,104 Ashburne,Supplies,1130,read,1170,Home Depot,Wire Connectors,PAUL,read,migration,gm-19d4ed506ec83c9a,https://drive.google.com/file/d/1xCcg9al8SkPPJ4kXbkqYO4jE0314eIRX/view?usp=drivesdk,drive,strong,104 Ashburne,Supplies,30,,,,,
migration-20260323-a27461bf979e,2026-03-23,OVERHEAD,Gas/Truck/Trailer,6600,D-026.9 fuel block,6750,Shell,Gas,PAUL,read,migration,gm-19d1b148cdad166d,https://mail.google.com/mail/u/0/#all/19d1b148cdad166d,gmail,strong,104 Ashburne,Gas/Truck/Trailer,30,MOVED_TO_OVERHEAD:104 Ashburne,,,Migrated from the old books (Gas/Truck/Trailer): Gas,
migration-20260403-c8260db65638,2026-04-03,104 Ashburne,Paint & Flooring,1030,payee (retailer),2576,Lowes,Quarter Round,PAUL,D-026.2 (before August),migration,,,,weak,104 Ashburne,Paint & Flooring,31,WEAK_MATCH_UNCONFIRMED,,,,
migration-20260325-a9db809e9a4c,2026-03-25,104 Ashburne,Lighting & Electrical,1030,payee (retailer),1633,Home Depot,New Work Boxes,PAUL,read,migration,gm-19d63f17bf22f9fa,https://mail.google.com/mail/u/0/#all/19d63f17bf22f9fa,gmail,strong,104 Ashburne,Lighting & Electrical,31,,,,,
migration-20260321-fd67de526b2f,2026-03-21,104 Ashburne,Master Bath,1030,read,3101,Lowes,Window Trim,PAUL,read,migration,gm-19cf79150281a75a,https://drive.google.com/file/d/1a0DTuwV1XP-1DnlEIGKsY6gJ2GtCfNFI/view?usp=drivesdk,drive,strong,104 Ashburne,Master Bath,31,,,,,
migration-20260325-8408c43ef1d4,2026-03-25,104 Ashburne,Small Baths,1030,payee (retailer),4975,Home Depot,Hydro Seats,PAUL,read,migration,gm-19d63f17bf22f9fa,https://mail.google.com/mail/u/0/#all/19d63f17bf22f9fa,gmail,strong,104 Ashburne,Small Baths,31,,,,,
migration-20260413-7b01cf7a8428,2026-04-13,104 Ashburne,Landscaping,1030,read,34263,The Greenery,Mulch & Rock,PAUL,read,migration,gm-19d89b71f0d374da,https://drive.google.com/file/d/1tw20ZfTf2v58rlS7c1MowR6JPiOkl4yW/view?usp=drivesdk,drive,strong,104 Ashburne,Landscaping,31,,,,,
migration-20260219-4f0d451d08af,2026-02-19,104 Ashburne,Supplies,1030,"read (65xx on a property -> 1030, D-026.3)",428,Home Depot,Utility Blades,PAUL,read,migration,gm-19ca6cf04236bd89,https://mail.google.com/mail/u/0/#all/19ca6cf04236bd89,gmail,strong,104 Ashburne,Supplies,31,,,,,
migration-20260323-4095180bdaae,2026-03-23,OVERHEAD,Gas/Truck/Trailer,6600,D-026.9 fuel block,13500,HGO Tire SHop,Tire,PAUL,read,migration,gm-19d1bf70a202aea4,https://mail.google.com/mail/u/0/#all/19d1bf70a202aea4,gmail,strong,104 Ashburne,Gas/Truck/Trailer,31,MOVED_TO_OVERHEAD:104 Ashburne,,,Migrated from the old books (Gas/Truck/Trailer): Tire,
migration-20260401-02a9b8feb680,2026-04-01,104 Ashburne,Paint & Flooring,1030,payee (retailer),35028,Home Depot,Stair Moldings,PAUL,D-026.2 (before August),migration,,,,none,104 Ashburne,Paint & Flooring,32,NO_DOC,,,,
migration-20260326-46ec015846c0,2026-03-26,104 Ashburne,Lighting & Electrical,1030,payee (retailer),1708,Home Depot,Wall Plates,PAUL,read,migration,gm-19d63f17bf22f9fa,https://mail.google.com/mail/u/0/#all/19d63f17bf22f9fa,gmail,strong,104 Ashburne,Lighting & Electrical,32,,,,,
migration-20260321-66736242ecf0,2026-03-21,104 Ashburne,Master Bath,1030,read,8625,Lowes,Window Trim,PAUL,read,migration,gm-19cf79150281a75a,https://drive.google.com/file/d/1a0DTuwV1XP-1DnlEIGKsY6gJ2GtCfNFI/view?usp=drivesdk,drive,strong,104 Ashburne,Master Bath,32,,,,,
migration-20260329-cde8d29222d2,2026-03-29,104 Ashburne,Small Baths,1030,read,1011,Home Depot,Toggle Bolts,PAUL,read,migration,gm-19d3a4c4d7090e19,https://mail.google.com/mail/u/0/#all/19d3a4c4d7090e19,gmail,strong,104 Ashburne,Small Baths,32,,,,,
migration-20260414-6172ac7b111a,2026-04-14,104 Ashburne,Landscaping,1030,read,7578,The Greenery,Mulch & Rock,PAUL,read,migration,gm-19d8d1dab8225467,https://drive.google.com/file/d/1lpQtV9vPUlBHzjkRalFhuxurcI2AMOar/view?usp=drivesdk,drive,strong,104 Ashburne,Landscaping,32,,,,,
migration-20260219-3784e0461a4d,2026-02-19,104 Ashburne,Supplies,1030,payee (retailer),5409,Home Depot,Saw Blade,PAUL,D-026.2 (before August),migration,,,,weak,104 Ashburne,Supplies,32,WEAK_MATCH_UNCONFIRMED,,,,
migration-20260325-b0bd051f6e3c,2026-03-25,OVERHEAD,Gas/Truck/Trailer,6600,D-026.9 fuel block,6548,Shell,Gas,PAUL,read,migration,gm-19d253064d2268c2,https://mail.google.com/mail/u/0/#all/19d253064d2268c2,gmail,strong,104 Ashburne,Gas/Truck/Trailer,32,MOVED_TO_OVERHEAD:104 Ashburne,,,Migrated from the old books (Gas/Truck/Trailer): Gas,
migration-20260405-2cb48a69b3f0,2026-04-05,104 Ashburne,Paint & Flooring,1030,payee (retailer),4540,Home Depot,Eurethane,PAUL,D-026.2 (before August),migration,,,,weak,104 Ashburne,Paint & Flooring,33,WEAK_MATCH_UNCONFIRMED,,,,
migration-20260326-2e83f1e137d5,2026-03-26,104 Ashburne,Lighting & Electrical,1030,payee (retailer),918,Home Depot,Old Work Boxes,PAUL,D-026.2 (before August),migration,,,,none,104 Ashburne,Lighting & Electrical,33,NO_DOC,,,,
migration-20260322-bbe93baf0aba,2026-03-22,104 Ashburne,Master Bath,1030,read,5572,Sherwin Williams,Paint Supplies,PAUL,read,migration,gm-19d169241a90532d,https://mail.google.com/mail/u/0/#all/19d169241a90532d,gmail,strong,104 Ashburne,Master Bath,33,,,,,
migration-20260329-5ce1ba4f54df,2026-03-29,104 Ashburne,Small Baths,1030,read,582,Home Depot,P Trap,PAUL,read,migration,gm-19d3a4c4d7090e19,https://mail.google.com/mail/u/0/#all/19d3a4c4d7090e19,gmail,strong,104 Ashburne,Small Baths,33,,,,,
migration-20260413-117c4148cbf3,2026-04-13,104 Ashburne,Landscaping,1020,payee (labor),20000,Julio,Labor,PAUL,D-026.2 (before August),migration,,,,none,104 Ashburne,Landscaping,33,NO_DOC,,,,
migration-20260214-df078927660f,2026-02-14,104 Ashburne,Supplies,1030,"read (65xx on a property -> 1030, D-026.3)",1622,Home Depot,Ram Set Ammo,PAUL,read,migration,gm-19c5d297b5829e55,https://drive.google.com/file/d/1d7L_wzfiuV5TXD1bFSEh-si0uuSZ46y2/view?usp=drivesdk,drive,strong,104 Ashburne,Supplies,33,,,,,
migration-20260325-3051a1440641,2026-03-25,OVERHEAD,Gas/Truck/Trailer,6600,D-026.9 fuel block,6548,Shell,Gas,PAUL,D-026.2 (before August),migration,,,,weak,104 Ashburne,Gas/Truck/Trailer,33,WEAK_MATCH_UNCONFIRMED;MOVED_TO_OVERHEAD:104 Ashburne,,"DROPPED_BY_PAUL C-17: 2026-09-18: Shell $65.48 of 03-25 sits on rows 32 and 33 of Ashburne's Gas block; one receipt (18.714 gal @ $3.499, card 9166) - 'typed twice'. Row 32 keeps the receipt; row 33 is dropped",Migrated from the old books (Gas/Truck/Trailer): Gas,
migration-20260408-f57255d49994,2026-04-08,104 Ashburne,Paint & Flooring,1030,payee (retailer),8122,Home Depot,Floor mats,PAUL,D-026.2 (before August),migration,,,,none,104 Ashburne,Paint & Flooring,34,NO_DOC,,,,
migration-20260326-22a9e53da082,2026-03-26,104 Ashburne,Lighting & Electrical,1040,read,6492,Home Depot,LED light strip,PAUL,read,migration,gm-19d2b6120ef5187f,https://drive.google.com/file/d/1SdDL73kUhzXfcgnbgzkMoV4YkuJbCRVr/view?usp=drivesdk,drive,strong,104 Ashburne,Lighting & Electrical,34,,,,,
migration-20260324-d9c94cde2e2c,2026-03-24,104 Ashburne,Master Bath,1030,read,3241,Home Depot,FJP 1x6,PAUL,read,migration,gm-19d20029c2d90ba7,https://drive.google.com/file/d/1S8fxqig4NLZrLXxXXQBLMeGikCb9G-70/view?usp=drivesdk,drive,strong,104 Ashburne,Master Bath,34,,,,,
migration-20260329-713a37584123,2026-03-29,104 Ashburne,Small Baths,1030,read,581,Home Depot,Extension Tube,PAUL,read,migration,gm-19d3a4c4d7090e19,https://mail.google.com/mail/u/0/#all/19d3a4c4d7090e19,gmail,strong,104 Ashburne,Small Baths,34,,,,,
migration-20260414-22ae97666800,2026-04-14,104 Ashburne,Landscaping,1020,payee (labor),20000,Julio,Labor,PAUL,D-026.2 (before August),migration,,,,none,104 Ashburne,Landscaping,34,NO_DOC,,,,
migration-20260214-16898f9e16d4,2026-02-14,104 Ashburne,Supplies,1030,"read (65xx on a property -> 1030, D-026.3)",3787,Home Depot,Ram Set Nails,PAUL,read,migration,gm-19c5d297b5829e55,https://drive.google.com/file/d/1d7L_wzfiuV5TXD1bFSEh-si0uuSZ46y2/view?usp=drivesdk,drive,strong,104 Ashburne,Supplies,34,,,,,
migration-20260327-896aeb191b8d,2026-03-27,OVERHEAD,Gas/Truck/Trailer,6600,D-026.9 fuel block,7054,Shell,Gas,PAUL,read,migration,gm-19d3118d6bcc3a7f,https://mail.google.com/mail/u/0/#all/19d3118d6bcc3a7f,gmail,strong,104 Ashburne,Gas/Truck/Trailer,34,MOVED_TO_OVERHEAD:104 Ashburne,,,Migrated from the old books (Gas/Truck/Trailer): Gas,
migration-20260408-946b2e0e8ed0,2026-04-08,104 Ashburne,Paint & Flooring,1030,read,4763,Home Depot,Carpet protect film,PAUL,read,migration,gm-19d6d01dadaa68e4,https://drive.google.com/file/d/1Svs9tT6_SFjEh5BgW8lSLJaY_r-gdUjN/view?usp=drivesdk,drive,strong,104 Ashburne,Paint & Flooring,35,,,,,
migration-20260328-b5acaf0ba1a5,2026-03-28,104 Ashburne,Lighting & Electrical,1040,read,36260,Wayfair,Kitchen Pendant Lights,PAUL,read,migration,gm-19d3c382001038d7,https://mail.google.com/mail/u/0/#all/19d3c382001038d7,gmail,strong,104 Ashburne,Lighting & Electrical,35,,,,,
migration-20260325-09080ee52e1c,2026-03-25,104 Ashburne,Master Bath,1040,read,59400,Miffron.com,Vanity Lights,PAUL,read,migration,gm-19d22ca91fcea1b2,https://mail.google.com/mail/u/0/#all/19d22ca91fcea1b2,gmail,strong,104 Ashburne,Master Bath,35,,,,,
migration-20260329-7229fd2594d3,2026-03-29,104 Ashburne,Small Baths,1030,read,1942,Home Depot,Wall Flanges,PAUL,read,migration,gm-19d1b92fe12a4c7d,https://drive.google.com/file/d/1SxCJSApwrx9UUj4JfYT2cJh-XYgoSORO/view?usp=drivesdk,drive,strong,104 Ashburne,Small Baths,35,,,,,
migration-20260415-e5a8527f3891,2026-04-15,104 Ashburne,Landscaping,1020,payee (labor),30000,Julio,Labor,PAUL,D-026.2 (before August),migration,,,,none,104 Ashburne,Landscaping,35,NO_DOC,,,,
migration-20260302-f45282f6bad9,2026-03-02,104 Ashburne,Supplies,1030,read,1405,Home Depot,Paper Towels,PAUL,read,migration,gm-19cb001414554a99,https://mail.google.com/mail/u/0/#all/19cb001414554a99,gmail,strong,104 Ashburne,Supplies,35,,,,,
migration-20260330-dfcbee07e7b6,2026-03-30,OVERHEAD,Gas/Truck/Trailer,6600,D-026.9 fuel block,7495,Shell,Gas,PAUL,read,migration,gm-19d400cec1201a16,https://mail.google.com/mail/u/0/#all/19d400cec1201a16,gmail,strong,104 Ashburne,Gas/Truck/Trailer,35,MOVED_TO_OVERHEAD:104 Ashburne,,,Migrated from the old books (Gas/Truck/Trailer): Gas,
migration-20260408-833be433dd84,2026-04-08,104 Ashburne,Paint & Flooring,1030,read,6274,Home Depot,Paint,PAUL,read,migration,gm-19d7301fafc82a83,https://drive.google.com/file/d/1oVwucDJ4e1Y9iN6uDeSYUKUG_4c3gHI9/view?usp=drivesdk,drive,strong,104 Ashburne,Paint & Flooring,36,,,,,
migration-20260329-3708cfd3890e,2026-03-29,104 Ashburne,Lighting & Electrical,1040,read,8009,Wayfair,Wall Sconce,PAUL,read,migration,gm-19d3c4215ed33ae9,https://mail.google.com/mail/u/0/#all/19d3c4215ed33ae9,gmail,strong,104 Ashburne,Lighting & Electrical,36,,,,,
migration-20260325-095ff399aca4,2026-03-25,104 Ashburne,Master Bath,1040,read,10717,Lowes,Tiolet,PAUL,read,migration,gm-19d2556d29835a4b,https://drive.google.com/file/d/1OBt5kC3UTMvyjrtjyKU1K851MqIr7JWA/view?usp=drivesdk,drive,strong,104 Ashburne,Master Bath,36,,,,,
migration-20260401-503cb2c41ee0,2026-04-01,104 Ashburne,Small Baths,1030,read,3491,Home Depot,P traps,PAUL,read,migration,gm-19d4918fa3edc702,https://drive.google.com/file/d/1DQUzfVhHrQ-KzJy5jqxXXLbJpVT687ld/view?usp=drivesdk,drive,strong,104 Ashburne,Small Baths,36,,,,,
migration-20260521-b055139d9ec7,2026-05-21,104 Ashburne,Landscaping,1020,read,25000,Julio,Labor,PAUL,"D-032 (Ashburne: Dennis's money is the cash advance, not the row)",migration,gm-19e4a94c6d49832a,https://mail.google.com/mail/u/0/#all/19e4a94c6d49832a,gmail,strong,104 Ashburne,Landscaping,36,,,,,
migration-20260304-a044c165e6ef,2026-03-04,104 Ashburne,Supplies,1030,read,751,Home Depot,Packing Tape,PAUL,read,migration,gm-19cb9b1055042f0e,https://drive.google.com/file/d/1Uwei2_T3KI7kMh1xSsLiEKItq95rgaf0/view?usp=drivesdk,drive,strong,104 Ashburne,Supplies,36,,,,,
migration-20260403-b78cb63f3531,2026-04-03,OVERHEAD,Gas/Truck/Trailer,6600,D-026.9 fuel block,7166,Shell,Gas,PAUL,read,migration,gm-19d551c2e7db7daf,https://mail.google.com/mail/u/0/#all/19d551c2e7db7daf,gmail,strong,104 Ashburne,Gas/Truck/Trailer,36,MOVED_TO_OVERHEAD:104 Ashburne,,,Migrated from the old books (Gas/Truck/Trailer): Gas,
migration-20260408-6f4b64fc8978,2026-04-08,104 Ashburne,Paint & Flooring,1030,read,5162,Sherwin Williams,Paint,PAUL,read,migration,gm-19d8d3df9a1c4d81,https://drive.google.com/file/d/12guA2oxynLZSU-pOownJm4o6EqgZi440/view?usp=drivesdk,drive,strong,104 Ashburne,Paint & Flooring,37,,,,,
migration-20260329-bccdf3a9ad35,2026-03-29,104 Ashburne,Lighting & Electrical,1040,read,1783,Home Depot,LED can light,PAUL,read,migration,gm-19d3ee7e210a8af3,https://mail.google.com/mail/u/0/#all/19d3ee7e210a8af3,gmail,strong,104 Ashburne,Lighting & Electrical,37,,,,,
migration-20260325-ae8b96e45851,2026-03-25,104 Ashburne,Master Bath,1030,read,4401,Lowes,FJP 1x8,PAUL,read,migration,gm-19d2556d29835a4b,https://drive.google.com/file/d/1OBt5kC3UTMvyjrtjyKU1K851MqIr7JWA/view?usp=drivesdk,drive,strong,104 Ashburne,Master Bath,37,,,,,
migration-20260401-8578b8282382,2026-04-01,104 Ashburne,Small Baths,1030,read,2700,Home Depot,angle stops,PAUL,read,migration,gm-19d3a708f16b12eb,https://drive.google.com/file/d/1zpsw1UtLt56dMKgx0tBeOEqf_R9zHYQd/view?usp=drivesdk,drive,strong,104 Ashburne,Small Baths,37,,,,,
migration-20260529-7122930011d2,2026-05-29,104 Ashburne,Landscaping,1020,payee (labor),20000,Julio,Labor,PAUL,D-026.2 (before August),migration,,,,weak,104 Ashburne,Landscaping,37,WEAK_MATCH_UNCONFIRMED,,,,
migration-20260304-4354663e9093,2026-03-04,104 Ashburne,Supplies,1030,"read (65xx on a property -> 1030, D-026.3)",573,UPS Store,Packing Tape,PAUL,read,migration,gm-19cbac340f4e5a7b,https://mail.google.com/mail/u/0/#all/19cbac340f4e5a7b,gmail,strong,104 Ashburne,Supplies,37,,,,,
migration-20260406-fda9ea3ea300,2026-04-06,OVERHEAD,Gas/Truck/Trailer,6600,D-026.9 fuel block,7473,Valero,Gas,PAUL,read,migration,gm-19d69ac67a04af90,https://mail.google.com/mail/u/0/#all/19d69ac67a04af90,gmail,strong,104 Ashburne,Gas/Truck/Trailer,37,MOVED_TO_OVERHEAD:104 Ashburne,,,Migrated from the old books (Gas/Truck/Trailer): Gas,
migration-20260330-2f6012e9e7e0,2026-03-30,104 Ashburne,Lighting & Electrical,1040,read,34090,Lowes,Exterior Celing Fans,PAUL,read,migration,gm-19d442100d7bb73f,https://drive.google.com/file/d/1c_vFy0-CaX1yvoPm5R18qlwcnX901ctk/view?usp=drivesdk,drive,strong,104 Ashburne,Lighting & Electrical,38,,,,,
migration-20260319-30a0d900fb58,2026-03-19,104 Ashburne,Master Bath,1120,payee,3325,Lowes,Water Supplies,PAUL,D-026.2 (before August),migration,,,,none,104 Ashburne,Master Bath,38,NO_DOC,,,,
migration-20260402-13e6254c4aa8,2026-04-02,104 Ashburne,Small Baths,1030,payee (retailer),831,Home Depot,Gaskets,PAUL,D-026.2 (before August),migration,,,,weak,104 Ashburne,Small Baths,38,WEAK_MATCH_UNCONFIRMED,,,,
migration-20260624-3d9162a5556b,2026-06-24,104 Ashburne,Landscaping,1020,read,15000,Julio,Labor,PAUL,read,migration,gm-19efaed25d50c403,https://mail.google.com/mail/u/0/#all/19efaed25d50c403,gmail,strong,104 Ashburne,Landscaping,38,,,,,
migration-20260306-2e0c65096b89,2026-03-06,104 Ashburne,Supplies,1030,read,810,Home Depot,Toilet Paper,PAUL,read,migration,gm-19cc387a05beb25b,https://drive.google.com/file/d/1RR1QxC7JmRWQRmwa5SjyYAV5cRtduf-_/view?usp=drivesdk,drive,strong,104 Ashburne,Supplies,38,,,,,
migration-20260409-a8e96ffa38e4,2026-04-09,OVERHEAD,Gas/Truck/Trailer,6600,D-026.9 fuel block,7930,Shell,Gas,PAUL,read,migration,gm-19d74595d34b67cc,https://mail.google.com/mail/u/0/#all/19d74595d34b67cc,gmail,strong,104 Ashburne,Gas/Truck/Trailer,38,MOVED_TO_OVERHEAD:104 Ashburne,,,Migrated from the old books (Gas/Truck/Trailer): Gas,
migration-20260403-f1c2f7b57f67,2026-04-03,104 Ashburne,Lighting & Electrical,1030,read,8006,Lowes,Smolke Detectors,PAUL,read,migration,gm-19d535a923f6b186,https://mail.google.com/mail/u/0/#all/19d535a923f6b186,gmail,strong,104 Ashburne,Lighting & Electrical,39,,,,,
migration-20260226-02c7ebd7fb5f,2026-02-26,104 Ashburne,Master Bath,1030,read,27372,Home Depot,Plumbing & Lumber,PAUL,read,migration,gm-19c9b4b38c3229d6,https://drive.google.com/file/d/12Was8FfTWXZ87N2WLch2xKrh8Zm1B3wQ/view?usp=drivesdk,drive,strong,104 Ashburne,Master Bath,39,,,,,
migration-20260409-448fa7b5fc05,2026-04-09,104 Ashburne,Small Baths,1030,read,4001,Home Depot,Toilet parts,PAUL,read,migration,gm-19d724c5c326c549,https://drive.google.com/file/d/1VynliTBCglRE2pcQ_tceYqI8HUFy36Mu/view?usp=drivesdk,drive,strong,104 Ashburne,Small Baths,39,,,,,
migration-20260323-7bda2e2d51c8,2026-03-23,104 Ashburne,Landscaping,1020,read,30000,Julio,Deck Repair,PAUL,read,migration,gm-19d1cc95a5026d98,https://mail.google.com/mail/u/0/#all/19d1cc95a5026d98,gmail,strong,104 Ashburne,Landscaping,39,,,,,
migration-20260306-0302d2d5ab2e,2026-03-06,104 Ashburne,Supplies,1030,payee (retailer),3674,Home Depot,Multi Tool Blades,PAUL,D-026.2 (before August),migration,,,,none,104 Ashburne,Supplies,39,NO_DOC,,,,
migration-20260411-802531447549,2026-04-11,OVERHEAD,Gas/Truck/Trailer,6600,D-026.9 fuel block,6927,Shell,Gas,PAUL,read,migration,gm-19d86af34f4c2840,https://mail.google.com/mail/u/0/#all/19d86af34f4c2840,gmail,strong,104 Ashburne,Gas/Truck/Trailer,39,MOVED_TO_OVERHEAD:104 Ashburne,,,Migrated from the old books (Gas/Truck/Trailer): Gas,
migration-20260403-e5c4d3fc9ba0,2026-04-03,104 Ashburne,Lighting & Electrical,1030,read,1180,Lowes,Batteries,PAUL,read,migration,gm-19cf79150281a75a,https://drive.google.com/file/d/1a0DTuwV1XP-1DnlEIGKsY6gJ2GtCfNFI/view?usp=drivesdk,drive,strong,104 Ashburne,Lighting & Electrical,40,,,,,
migration-20260326-e0387851e799,2026-03-26,104 Ashburne,Master Bath,1030,payee (retailer),2379,Home Depot,Closet Shelf,PAUL,D-026.2 (before August),migration,,,,none,104 Ashburne,Master Bath,40,NO_DOC,,,,
migration-20260616-5a615d181777,2026-06-16,104 Ashburne,Small Baths,1040,read,2382,Home Depot,Bathroom Fan,PAUL,read,migration,gm-19ed818d6be0fb42,https://drive.google.com/file/d/1THdunvjQR7KaqWX3CA4tsx_oF9rpw-mA/view?usp=drivesdk,drive,strong,104 Ashburne,Small Baths,40,,,,,
migration-20260707-485ba5fb1698,2026-07-07,104 Ashburne,Landscaping,1020,read,15000,Julio,Labor,PAUL,read,migration,gm-19f3cf70fa754ed2,https://mail.google.com/mail/u/0/#all/19f3cf70fa754ed2,gmail,strong,104 Ashburne,Landscaping,40,,,,,
migration-20260306-b1542f8814f1,2026-03-06,104 Ashburne,Supplies,1020,payee (labor),600,Chase,Checks,PAUL,read,migration,gm-19cc48fef5154a25,https://drive.google.com/file/d/1VXCo0Bxsuf5ywkxR9w-3sS-kmHY0mIF1/view?usp=drivesdk,drive,strong,104 Ashburne,Supplies,40,,,,,
migration-20260415-7b5ce8c490b8,2026-04-15,OVERHEAD,Gas/Truck/Trailer,6600,D-026.9 fuel block,1097,Shell,Gas,PAUL,read,migration,gm-19d9299078f0128e,https://mail.google.com/mail/u/0/#all/19d9299078f0128e,gmail,strong,104 Ashburne,Gas/Truck/Trailer,40,MOVED_TO_OVERHEAD:104 Ashburne,,,Migrated from the old books (Gas/Truck/Trailer): Gas,
migration-20260403-6fe8f529c1ff,2026-04-03,104 Ashburne,Lighting & Electrical,1030,read,753,Lowes,Electrical Straps,PAUL,read,migration,gm-19d535a923f6b186,https://mail.google.com/mail/u/0/#all/19d535a923f6b186,gmail,strong,104 Ashburne,Lighting & Electrical,41,,,,,
migration-20260326-580f09fa6961,2026-03-26,104 Ashburne,Master Bath,1030,payee (retailer),253,Home Depot,Hose Clamp,PAUL,D-026.2 (before August),migration,,,,weak,104 Ashburne,Master Bath,41,WEAK_MATCH_UNCONFIRMED,,,,
migration-20260616-d53a3559add7,2026-06-16,104 Ashburne,Small Baths,1030,read,3897,Home Depot,Roof Vent,PAUL,read,migration,gm-19ed8190a6945042,https://mail.google.com/mail/u/0/#all/19ed8190a6945042,gmail,strong,104 Ashburne,Small Baths,41,,,,,
migration-20260830-83916ee0048a,2026-08-30,104 Ashburne,Landscaping,1130,read,15000,Falcon Creek Lawn Care - INV 1390,Trim Bushes,PAUL,Paul: 2026-09-18: the other 33 August-onward rows with no payer - 'all personal card ending in 9166',migration,gm-1a05ab0fab9330ec,https://mail.google.com/mail/u/0/#all/1a05ab0fab9330ec,gmail,strong,104 Ashburne,Landscaping,41,,,,,
migration-20260308-2c1c8e6a0c01,2026-03-08,104 Ashburne,Supplies,1030,read,1837,Home Depot,Multi Tool Blades,PAUL,read,migration,gm-19ccf1f38113d4f9,https://drive.google.com/file/d/1YZP3vIlLKmDqA2Z2GYHiZhc4rLiQN0Xv/view?usp=drivesdk,drive,strong,104 Ashburne,Supplies,41,,,,,
migration-20260504-07d7f94a05de,2026-05-04,OVERHEAD,Gas/Truck/Trailer,6600,D-026.9 fuel block,6651,Shell,Gas,PAUL,read,migration,gm-19df4b2c6e1e5aee,https://mail.google.com/mail/u/0/#all/19df4b2c6e1e5aee,gmail,strong,104 Ashburne,Gas/Truck/Trailer,41,MOVED_TO_OVERHEAD:104 Ashburne,,,Migrated from the old books (Gas/Truck/Trailer): Gas,
migration-20260405-91822b9effc4,2026-04-05,104 Ashburne,Lighting & Electrical,1030,payee (retailer),8542,Home Depot,Smokle Detectors,PAUL,D-026.2 (before August),migration,,,,weak,104 Ashburne,Lighting & Electrical,42,WEAK_MATCH_UNCONFIRMED,,,,
migration-20260326-183eae043d3c,2026-03-26,104 Ashburne,Master Bath,1030,read,1295,Home Depot,Wall Flanges,PAUL,read,migration,gm-19d6d01dadaa68e4,https://drive.google.com/file/d/1Svs9tT6_SFjEh5BgW8lSLJaY_r-gdUjN/view?usp=drivesdk,drive,strong,104 Ashburne,Master Bath,42,,,,,
migration-20260618-2849b4bf00d1,2026-06-18,104 Ashburne,Small Baths,1040,read,55000,Armandre Vega,Bath Fan and Vent,PAUL,read,migration,gm-19edb74b0d81508a,https://mail.google.com/mail/u/0/#all/19edb74b0d81508a,gmail,strong,104 Ashburne,Small Baths,42,,,,,
migration-20260901-b1ca67765da5,2026-09-01,104 Ashburne,Landscaping,1020,read,5000,Keith Pfaff,Irrigation Repair,PAUL,Paul: 2026-09-18: the other 33 August-onward rows with no payer - 'all personal card ending in 9166',migration,gm-1a05e2374d3a2f2d,https://mail.google.com/mail/u/0/#all/1a05e2374d3a2f2d,gmail,strong,104 Ashburne,Landscaping,42,,,,,
migration-20260310-e76fd025c119,2026-03-10,104 Ashburne,Supplies,1030,read,1691,Home Depot,Screws,PAUL,read,migration,gm-19cd8db842855d26,https://drive.google.com/file/d/1KGu234JiirQkoSSD4_KDCDuwVGj4oBzY/view?usp=drivesdk,drive,strong,104 Ashburne,Supplies,42,,,,,
migration-20260507-7b9e734735a1,2026-05-07,OVERHEAD,Gas/Truck/Trailer,6600,D-026.9 fuel block,8243,Shell,Gas,PAUL,read,migration,gm-19e032c2f5fd1063,https://mail.google.com/mail/u/0/#all/19e032c2f5fd1063,gmail,strong,104 Ashburne,Gas/Truck/Trailer,42,MOVED_TO_OVERHEAD:104 Ashburne,,,Migrated from the old books (Gas/Truck/Trailer): Gas,
migration-20260405-cff93458cb5e,2026-04-05,104 Ashburne,Lighting & Electrical,1030,payee (retailer),6376,Home Depot,Light Bulbs,PAUL,D-026.2 (before August),migration,,,,none,104 Ashburne,Lighting & Electrical,43,NO_DOC,,,,
migration-20260326-f4c70ea23de6,2026-03-26,104 Ashburne,Master Bath,1030,read,582,Home Depot,P Trap,PAUL,read,migration,gm-19d2c0314cc37287,https://mail.google.com/mail/u/0/#all/19d2c0314cc37287,gmail,strong,104 Ashburne,Master Bath,43,,,,,
migration-20260630-095dec74d6e0,2026-06-30,104 Ashburne,Small Baths,1030,read,5631,Home Depot,Flange Covers,PAUL,read,migration,gm-19f18b33a88ea898,https://drive.google.com/file/d/1guyOxurOSZaVdn8_ISuDX1PZ02Vfx2YD/view?usp=drivesdk,drive,strong,104 Ashburne,Small Baths,43,,,,,
migration-20260901-e1638c7e2aec,2026-09-01,104 Ashburne,Landscaping,1130,read,15000,Julio,Labor,PAUL,Paul: 2026-09-18: the other 33 August-onward rows with no payer - 'all personal card ending in 9166',migration,gm-1a05e23b4b8b9be7,https://mail.google.com/mail/u/0/#all/1a05e23b4b8b9be7,gmail,strong,104 Ashburne,Landscaping,43,,,,,
migration-20260312-6e1fba0af70b,2026-03-12,104 Ashburne,Supplies,1030,payee (retailer),1605,Home Depot,Screws,PAUL,D-026.2 (before August),migration,,,,weak,104 Ashburne,Supplies,43,WEAK_MATCH_UNCONFIRMED,,,,
migration-20260508-1da7b5420a80,2026-05-08,OVERHEAD,Gas/Truck/Trailer,6600,D-026.9 fuel block,7351,Jiffy Lube,Oil Change,PAUL,read,migration,gm-19e07440dfd3573d,https://drive.google.com/file/d/1Md0WohnlKtYa7dQuwlGD51rvwQ3wuKn8/view?usp=drivesdk,drive,strong,104 Ashburne,Gas/Truck/Trailer,43,MOVED_TO_OVERHEAD:104 Ashburne,,,Migrated from the old books (Gas/Truck/Trailer): Oil Change,
migration-20260409-f8961bd9ac48,2026-04-09,104 Ashburne,Lighting & Electrical,1030,read,1619,Home Depot,wire connectors,PAUL,read,migration,gm-19cb001414554a99,https://mail.google.com/mail/u/0/#all/19cb001414554a99,gmail,strong,104 Ashburne,Lighting & Electrical,44,,,,,
migration-20260703-0ca6cd71021c,2026-07-03,104 Ashburne,Master Bath,1020,read,263667,Verity Plumbing,Hat Water Heater,PAUL,read,migration,gm-19f28677d9f269fb,https://mail.google.com/mail/u/0/#all/19f28677d9f269fb,gmail,strong,104 Ashburne,Master Bath,44,,,,,
migration-20260630-aff67e07e876,2026-06-30,104 Ashburne,Small Baths,1030,payee (retailer),1998,Home Depot,Caulk,PAUL,D-026.2 (before August),migration,,,,weak,104 Ashburne,Small Baths,44,WEAK_MATCH_UNCONFIRMED,,,,
migration-20260905-47389feb92f8,2026-09-05,104 Ashburne,Landscaping,1020,read,13500,Keith Pfaff,Irrigation Repair,PAUL,Paul: 2026-09-18: the other 33 August-onward rows with no payer - 'all personal card ending in 9166',migration,gm-1a0716dcb2254415,https://mail.google.com/mail/u/0/#all/1a0716dcb2254415,gmail,strong,104 Ashburne,Landscaping,44,,,,,
migration-20260312-d403e7a4e07b,2026-03-12,104 Ashburne,Supplies,1030,read,2974,Home Depot,Screws,PAUL,read,migration,gm-19cf2444d6efb00f,https://drive.google.com/file/d/1-edI43EIwShtWAM_tngrOn0saxuC1osZ/view?usp=drivesdk,drive,strong,104 Ashburne,Supplies,44,,,,,
migration-20260508-5890ee7cb60e,2026-05-08,OVERHEAD,Gas/Truck/Trailer,6600,D-026.9 fuel block,28095,Midlothian Municipal Counrt,Traffic TIcket,PAUL,read,migration,gm-19e091cb11fddeec,https://mail.google.com/mail/u/0/#all/19e091cb11fddeec,gmail,strong,104 Ashburne,Gas/Truck/Trailer,44,MOVED_TO_OVERHEAD:104 Ashburne,,,Migrated from the old books (Gas/Truck/Trailer): Traffic TIcket,
migration-20260409-4defd39d44bb,2026-04-09,104 Ashburne,Lighting & Electrical,1030,payee (retailer),16853,Home Depot,Outlets & Testet,PAUL,D-026.2 (before August),migration,,,,none,104 Ashburne,Lighting & Electrical,45,NO_DOC,,,,
migration-20260908-51f50cfa74b4,2026-09-08,104 Ashburne,Landscaping,1020,read,15000,Julio,Labor,PAUL,read,migration,gm-1a0817e06f3faaf4,https://mail.google.com/mail/u/0/#all/1a0817e06f3faaf4,gmail,strong,104 Ashburne,Landscaping,45,,,,,
migration-20260312-d756156df95b,2026-03-12,104 Ashburne,Supplies,1030,read,4761,Home Depot,Finish Nails,PAUL,read,migration,gm-19ce39f32dd9c9c0,https://mail.google.com/mail/u/0/#all/19ce39f32dd9c9c0,gmail,strong,104 Ashburne,Supplies,45,,,,,
migration-20260617-647fdc1ca338,2026-06-17,OVERHEAD,Gas/Truck/Trailer,6600,D-026.9 fuel block,6664,Shell,Gas,PAUL,read,migration,gm-19ed81985682b730,https://mail.google.com/mail/u/0/#all/19ed81985682b730,gmail,strong,104 Ashburne,Gas/Truck/Trailer,45,MOVED_TO_OVERHEAD:104 Ashburne,,,Migrated from the old books (Gas/Truck/Trailer): Gas,
migration-20260415-1c7e6e3046bc,2026-04-15,104 Ashburne,Lighting & Electrical,1030,read,11399,Home Depot,Outlets & Testet,PAUL,read,migration,gm-19d925f537016a06,https://drive.google.com/file/d/1hCKmEkJEW86MG9V_GX5J060lrqvLsuGo/view?usp=drivesdk,drive,strong,104 Ashburne,Lighting & Electrical,46,,,,,
migration-20260315-ac6d78bf97fe,2026-03-15,104 Ashburne,Supplies,1030,read,892,Home Depot,Shims,PAUL,read,migration,gm-19cf2444d6efb00f,https://drive.google.com/file/d/1-edI43EIwShtWAM_tngrOn0saxuC1osZ/view?usp=drivesdk,drive,strong,104 Ashburne,Supplies,46,,,,,
migration-20260630-91c5771fabe2,2026-06-30,104 Ashburne,Lighting & Electrical,1020,read,56400,Cool Hand Electric,60 Amp Dsiconnect,PAUL,read,migration,gm-19f19bb75c14f4c6,https://mail.google.com/mail/u/0/#all/19f19bb75c14f4c6,gmail,strong,104 Ashburne,Lighting & Electrical,47,,,,,
migration-20260315-c6d393729c7b,2026-03-15,104 Ashburne,Supplies,1030,read,2055,Home Depot,Wood Filler,PAUL,read,migration,gm-19cf2444d6efb00f,https://drive.google.com/file/d/1-edI43EIwShtWAM_tngrOn0saxuC1osZ/view?usp=drivesdk,drive,strong,104 Ashburne,Supplies,47,,,,,
migration-20260702-b5a7ae5b7116,2026-07-02,104 Ashburne,Lighting & Electrical,1020,read,120700,Cool Hand Electric,Circuit ground and misc,PAUL,read,migration,gm-19f6bc755fba151a,https://mail.google.com/mail/u/0/#all/19f6bc755fba151a,gmail,strong,104 Ashburne,Lighting & Electrical,48,,,,,
migration-20260315-3d6e9bd62dfb,2026-03-15,104 Ashburne,Supplies,1030,payee (retailer),2156,Home Depot,Sanding Discs,PAUL,D-026.2 (before August),migration,,,,weak,104 Ashburne,Supplies,48,WEAK_MATCH_UNCONFIRMED,,,,
migration-20260315-be4919e2f633,2026-03-15,104 Ashburne,Supplies,1030,read,1837,Home Depot,Dremel DIscs,PAUL,read,migration,gm-19cf2444d6efb00f,https://drive.google.com/file/d/1-edI43EIwShtWAM_tngrOn0saxuC1osZ/view?usp=drivesdk,drive,strong,104 Ashburne,Supplies,49,,,,,
migration-20260315-8b79674e063e,2026-03-15,104 Ashburne,Supplies,1030,read,307,Home Depot,Threaded Rod,PAUL,read,migration,gm-19cf2444d6efb00f,https://drive.google.com/file/d/1-edI43EIwShtWAM_tngrOn0saxuC1osZ/view?usp=drivesdk,drive,strong,104 Ashburne,Supplies,50,,,,,
migration-20260315-077d21550efc,2026-03-15,104 Ashburne,Supplies,1030,read,2852,Home Depot,Screws,PAUL,read,migration,gm-19cf2444d6efb00f,https://drive.google.com/file/d/1-edI43EIwShtWAM_tngrOn0saxuC1osZ/view?usp=drivesdk,drive,strong,104 Ashburne,Supplies,51,,,,,
migration-20260317-feb1abe28f5e,2026-03-17,104 Ashburne,Supplies,1030,"read (65xx on a property -> 1030, D-026.3)",357,UPS Store,Packing Tape,PAUL,read,migration,gm-19cfc60f0514c660,https://drive.google.com/file/d/1BVUUzcHPdsnZP96tGaDOuMUU0kTDYDmr/view?usp=drivesdk,drive,strong,104 Ashburne,Supplies,52,,,,,
migration-20260318-aaefbc6e96a8,2026-03-18,104 Ashburne,Supplies,1030,read,307,Home Depot,Threaded Rod,PAUL,read,migration,gm-19d019ce67d9c5c3,https://drive.google.com/file/d/1hpwvObYLqmaPSSlup2IP9TsvwJ37Q46L/view?usp=drivesdk,drive,strong,104 Ashburne,Supplies,53,,,,,
migration-20260318-896305888c9f,2026-03-18,104 Ashburne,Supplies,1030,read,364,Home Depot,Dowels,PAUL,read,migration,gm-19d019ce67d9c5c3,https://drive.google.com/file/d/1hpwvObYLqmaPSSlup2IP9TsvwJ37Q46L/view?usp=drivesdk,drive,strong,104 Ashburne,Supplies,54,,,,,
migration-20260318-f62b44d3f11b,2026-03-18,104 Ashburne,Supplies,1030,read,4776,Home Depot,Screws,PAUL,read,migration,gm-19d019ce67d9c5c3,https://drive.google.com/file/d/1hpwvObYLqmaPSSlup2IP9TsvwJ37Q46L/view?usp=drivesdk,drive,strong,104 Ashburne,Supplies,55,,,,,
migration-20260318-93a4a525ae95,2026-03-18,104 Ashburne,Supplies,1030,read,7951,Home Depot,Screws,PAUL,read,migration,gm-19d02629b0206123,https://drive.google.com/file/d/1Vfp9cGdLsBuzB9P4KM8DJlqU_Y0RDoYv/view?usp=drivesdk,drive,strong,104 Ashburne,Supplies,56,,,,,
migration-20260321-35fb4351d707,2026-03-21,104 Ashburne,Supplies,1030,read,948,Lowes,Glass Scraper & Blades,PAUL,read,migration,gm-19d11a93764263f8,https://drive.google.com/file/d/1HM8VakTScJcmLg3JbX6vNGs2Uvnn0vx9/view?usp=drivesdk,drive,strong,104 Ashburne,Supplies,57,,,,,
migration-20260321-41888591b1cd,2026-03-21,104 Ashburne,Supplies,1030,read,431,Lowes,Spray Bottle,PAUL,read,migration,gm-19d535a923f6b186,https://mail.google.com/mail/u/0/#all/19d535a923f6b186,gmail,strong,104 Ashburne,Supplies,58,,,,,
migration-20260321-6d0a51ea5913,2026-03-21,104 Ashburne,Supplies,1030,read,1838,Lowes,Multi Tool Blade,PAUL,read,migration,gm-19d535a923f6b186,https://mail.google.com/mail/u/0/#all/19d535a923f6b186,gmail,strong,104 Ashburne,Supplies,59,,,,,
migration-20260322-f9e8db069ebc,2026-03-22,104 Ashburne,Supplies,1030,read,1080,Home Depot,Microfiber Towels,PAUL,read,migration,gm-19cf2444d6efb00f,https://drive.google.com/file/d/1-edI43EIwShtWAM_tngrOn0saxuC1osZ/view?usp=drivesdk,drive,strong,104 Ashburne,Supplies,60,,,,,
migration-20260322-62ad73eb58e1,2026-03-22,104 Ashburne,Supplies,1030,read,106,Home Depot,Teflon Tape,PAUL,read,migration,gm-19d16d3ec604edb7,https://mail.google.com/mail/u/0/#all/19d16d3ec604edb7,gmail,strong,104 Ashburne,Supplies,61,,,,,
migration-20260322-068774854348,2026-03-22,104 Ashburne,Supplies,1030,payee (retailer),1404,Home Depot,Dremel Post,PAUL,D-026.2 (before August),migration,,,,none,104 Ashburne,Supplies,62,NO_DOC,,,,
migration-20260322-266e6ca43927,2026-03-22,104 Ashburne,Supplies,1030,payee (retailer),3786,Home Depot,Shopvac Filters,PAUL,D-026.2 (before August),migration,,,,weak,104 Ashburne,Supplies,63,WEAK_MATCH_UNCONFIRMED,,,,
migration-20260322-f6816b6d781e,2026-03-22,104 Ashburne,Supplies,1030,payee (retailer),2378,Home Depot,Tile Drill Bits,PAUL,D-026.2 (before August),migration,,,,none,104 Ashburne,Supplies,64,NO_DOC,,,,
migration-20260322-cee1d27d29f5,2026-03-22,104 Ashburne,Supplies,1030,payee (retailer),527,Home Depot,Windex,PAUL,D-026.2 (before August),migration,,,,none,104 Ashburne,Supplies,65,NO_DOC,,,,
migration-20260323-cf412f235460,2026-03-23,104 Ashburne,Supplies,1030,payee (retailer),537,Home Depot,Abrasive Cloth,PAUL,D-026.2 (before August),migration,,,,none,104 Ashburne,Supplies,66,NO_DOC,,,,
migration-20260323-98b4a420079d,2026-03-23,104 Ashburne,Supplies,1030,read,1405,Home Depot,Shop Towels,PAUL,read,migration,gm-19cb001414554a99,https://mail.google.com/mail/u/0/#all/19cb001414554a99,gmail,strong,104 Ashburne,Supplies,67,,,,,
migration-20260325-e556d5229c3e,2026-03-25,104 Ashburne,Supplies,1030,read,1091,Lowes,Tri for Garage,PAUL,read,migration,gm-19d2556d29835a4b,https://drive.google.com/file/d/1OBt5kC3UTMvyjrtjyKU1K851MqIr7JWA/view?usp=drivesdk,drive,strong,104 Ashburne,Supplies,68,,,,,
migration-20260319-c97e54d535bc,2026-03-19,104 Ashburne,Supplies,1030,payee (retailer),2096,Lowes,Silicone Caulk,PAUL,D-026.2 (before August),migration,,,,none,104 Ashburne,Supplies,69,NO_DOC,,,,
migration-20260306-812ddb0b5a26,2026-03-06,104 Ashburne,Supplies,1030,read,4328,Amazon,Rat Traps,PAUL,read,migration,gm-19cc5d6126f9b0e8,https://drive.google.com/file/d/1tszB-WTdmS_c3RTee1S_19yMAIwktY8w/view?usp=drivesdk,drive,strong,104 Ashburne,Supplies,70,,,,,
migration-20260325-4449f7a4a1d0,2026-03-25,104 Ashburne,Supplies,1030,payee (retailer),1468,Home Depot,Tapcon Scres & Bit,PAUL,D-026.2 (before August),migration,,,,none,104 Ashburne,Supplies,71,NO_DOC,,,,
migration-20260326-866fc192f545,2026-03-26,104 Ashburne,Supplies,1030,read,756,Home Depot,Clorox Wipes,PAUL,read,migration,gm-19d2a6dc500a3a1c,https://drive.google.com/file/d/1f2q_c3kYtJMlfqZ8mUpluTMBxHHn9C-_/view?usp=drivesdk,drive,strong,104 Ashburne,Supplies,72,,,,,
migration-20260329-ab7e4e6ce188,2026-03-29,104 Ashburne,Supplies,1030,payee (retailer),864,Home Depot,Tapcon Screws,PAUL,D-026.2 (before August),migration,,,,none,104 Ashburne,Supplies,73,NO_DOC,,,,
migration-20260330-bdbf8837df61,2026-03-30,104 Ashburne,Supplies,1030,read,589,Home Depot,Tapcon Screws,PAUL,read,migration,gm-19d4078f56917fbb,https://drive.google.com/file/d/1eH50u6kK3woc7Xgyne6bKbnUkdJgzK_e/view?usp=drivesdk,drive,strong,104 Ashburne,Supplies,74,,,,,
migration-20260401-fc74a05936d1,2026-04-01,104 Ashburne,Supplies,1030,payee (retailer),2537,Home Depot,Angle Grinder discs,PAUL,D-026.2 (before August),migration,,,,none,104 Ashburne,Supplies,75,NO_DOC,,,,
migration-20260401-81c8de733ef8,2026-04-01,104 Ashburne,Supplies,1030,read,1080,Home Depot,Caulk,PAUL,read,migration,gm-19d7d96bd9768097,https://drive.google.com/file/d/1t7itEZhq43AkjmJjP8csWKFd0O7ltlf-/view?usp=drivesdk,drive,strong,104 Ashburne,Supplies,76,,,,,
migration-20260401-ed0f6da98833,2026-04-01,104 Ashburne,Supplies,1030,payee (retailer),1567,Home Depot,Adhesive,PAUL,D-026.2 (before August),migration,,,,none,104 Ashburne,Supplies,77,NO_DOC,,,,
migration-20260401-0bf6b1e18364,2026-04-01,104 Ashburne,Supplies,1030,read,3789,Home Depot,Self Leveler,PAUL,read,migration,gm-19d4a3ee589e436a,https://drive.google.com/file/d/1bv7Pp9Yb2Xc7unJLH327L9MUkbbPuswv/view?usp=drivesdk,drive,strong,104 Ashburne,Supplies,78,,,,,
migration-20260401-0ca830797bfd,2026-04-01,104 Ashburne,Supplies,1030,read,647,Home Depot,Big Gap Filler,PAUL,read,migration,gm-19d4a3ee589e436a,https://drive.google.com/file/d/1bv7Pp9Yb2Xc7unJLH327L9MUkbbPuswv/view?usp=drivesdk,drive,strong,104 Ashburne,Supplies,79,,,,,
migration-20260401-3bb0baaa1bb3,2026-04-01,104 Ashburne,Supplies,1030,read,2267,Home Depot,Spray Paint,PAUL,read,migration,gm-19d4a3ee589e436a,https://drive.google.com/file/d/1bv7Pp9Yb2Xc7unJLH327L9MUkbbPuswv/view?usp=drivesdk,drive,strong,104 Ashburne,Supplies,80,,,,,
migration-20260401-63bb6cb07c95,2026-04-01,104 Ashburne,Supplies,1030,read,1080,Home Depot,Latex Gloves,PAUL,read,migration,gm-19d7d96bd9768097,https://drive.google.com/file/d/1t7itEZhq43AkjmJjP8csWKFd0O7ltlf-/view?usp=drivesdk,drive,strong,104 Ashburne,Supplies,81,,,,,
migration-20260402-6728ead1fe29,2026-04-02,104 Ashburne,Supplies,1030,read,5837,Home Depot,Caulk,PAUL,read,migration,gm-19d4ed506ec83c9a,https://drive.google.com/file/d/1xCcg9al8SkPPJ4kXbkqYO4jE0314eIRX/view?usp=drivesdk,drive,strong,104 Ashburne,Supplies,82,,,,,
migration-20260403-92b802bc9e8a,2026-04-03,104 Ashburne,Supplies,1030,read,1838,Lowes,1/8 sheet plywood,PAUL,read,migration,gm-19d535a923f6b186,https://mail.google.com/mail/u/0/#all/19d535a923f6b186,gmail,strong,104 Ashburne,Supplies,83,,,,,
migration-20260403-1d51da4355d7,2026-04-03,104 Ashburne,Supplies,1030,read,2812,Lowes,sanded plywood,PAUL,read,migration,gm-19d535a923f6b186,https://mail.google.com/mail/u/0/#all/19d535a923f6b186,gmail,strong,104 Ashburne,Supplies,84,,,,,
migration-20260403-c8a7acca36c1,2026-04-03,104 Ashburne,Supplies,1030,read,864,Lowes,Blue Tape,PAUL,read,migration,gm-19d535a923f6b186,https://mail.google.com/mail/u/0/#all/19d535a923f6b186,gmail,strong,104 Ashburne,Supplies,85,,,,,
migration-20260403-d3a232286b4e,2026-04-03,104 Ashburne,Supplies,1030,read,431,Lowes,Titebond Glue,PAUL,read,migration,gm-19d535a923f6b186,https://mail.google.com/mail/u/0/#all/19d535a923f6b186,gmail,strong,104 Ashburne,Supplies,86,,,,,
migration-20260404-fc8bd366b88d,2026-04-04,104 Ashburne,Supplies,1030,read,1730,Lowes,Broom,PAUL,read,migration,gm-19d593d6a8a5082a,https://mail.google.com/mail/u/0/#all/19d593d6a8a5082a,gmail,strong,104 Ashburne,Supplies,87,,,,,
migration-20260405-89040657ee3d,2026-04-05,104 Ashburne,Supplies,1030,payee (retailer),917,Home Depot,Drill Bit,PAUL,D-026.2 (before August),migration,,,,weak,104 Ashburne,Supplies,88,WEAK_MATCH_UNCONFIRMED,,,,
migration-20260405-95105940e5ea,2026-04-05,104 Ashburne,Supplies,1030,payee (retailer),917,Home Depot,Drill Bit,PAUL,D-026.2 (before August),migration,,,,weak,104 Ashburne,Supplies,89,WEAK_MATCH_UNCONFIRMED,,,,
migration-20260405-64c79a624c48,2026-04-05,104 Ashburne,Supplies,1030,payee (retailer),1440,Home Depot,Nuts & Bolts,PAUL,D-026.2 (before August),migration,,,,weak,104 Ashburne,Supplies,90,WEAK_MATCH_UNCONFIRMED,,,,
migration-20260406-77b2ddfb4e25,2026-04-06,104 Ashburne,Supplies,1030,read,2379,Home Depot,Bondo,PAUL,read,migration,gm-19d62dc0a36bb7bd,https://drive.google.com/file/d/1IFn_TDabMSIM9qWlUtXhbMTQKc4Sgbrq/view?usp=drivesdk,drive,strong,104 Ashburne,Supplies,91,,,,,
migration-20260406-df22a5d6f093,2026-04-06,104 Ashburne,Supplies,1030,read,1567,Home Depot,Caulk,PAUL,read,migration,gm-19d6461d769e7e56,https://drive.google.com/file/d/1C7ZiYTILoKbZKdoe7W9l8qekhlNuxSLe/view?usp=drivesdk,drive,strong,104 Ashburne,Supplies,92,,,,,
migration-20260406-b7d1859eca3d,2026-04-06,104 Ashburne,Supplies,1030,read,1834,Home Depot,Drill Bit,PAUL,read,migration,gm-19d6461d769e7e56,https://drive.google.com/file/d/1C7ZiYTILoKbZKdoe7W9l8qekhlNuxSLe/view?usp=drivesdk,drive,strong,104 Ashburne,Supplies,93,,,,,
migration-20260408-44f012d29603,2026-04-08,104 Ashburne,Supplies,1030,read,1295,Home Depot,Windex,PAUL,read,migration,gm-19d6d01dadaa68e4,https://drive.google.com/file/d/1Svs9tT6_SFjEh5BgW8lSLJaY_r-gdUjN/view?usp=drivesdk,drive,strong,104 Ashburne,Supplies,94,,,,,
migration-20260408-f82da9dea3a6,2026-04-08,104 Ashburne,Supplies,1030,read,2161,Home Depot,Micro Filber Roll,PAUL,read,migration,gm-19d6d01dadaa68e4,https://drive.google.com/file/d/1Svs9tT6_SFjEh5BgW8lSLJaY_r-gdUjN/view?usp=drivesdk,drive,strong,104 Ashburne,Supplies,95,,,,,
migration-20260408-ec37e0821b19,2026-04-08,104 Ashburne,Supplies,1030,read,4378,Home Depot,Caulk,PAUL,read,migration,gm-19d6d01dadaa68e4,https://drive.google.com/file/d/1Svs9tT6_SFjEh5BgW8lSLJaY_r-gdUjN/view?usp=drivesdk,drive,strong,104 Ashburne,Supplies,96,,,,,
migration-20260409-d2800e0c46b5,2026-04-09,104 Ashburne,Supplies,1030,read,1509,Home Depot,Screws,PAUL,read,migration,gm-19d7301fafc82a83,https://drive.google.com/file/d/1oVwucDJ4e1Y9iN6uDeSYUKUG_4c3gHI9/view?usp=drivesdk,drive,strong,104 Ashburne,Supplies,97,,,,,
migration-20260410-2e4c3f422ede,2026-04-10,104 Ashburne,Supplies,1030,payee (retailer),15128,Home Depot,Misc Supplies,PAUL,D-026.2 (before August),migration,,,,weak,104 Ashburne,Supplies,98,WEAK_MATCH_UNCONFIRMED,,,,
migration-20260410-aa9c2303ff3b,2026-04-10,104 Ashburne,Supplies,1030,read,7670,Home Depot,Misc Supplies,PAUL,read,migration,gm-19d7842c261c0b2b,https://drive.google.com/file/d/19Hm8DPWDDJJ8gFmqNfDxX_eOrBukVVsL/view?usp=drivesdk,drive,strong,104 Ashburne,Supplies,99,,,,,
migration-20260410-2227c109c440,2026-04-10,104 Ashburne,Supplies,1030,read,26329,Home Depot,Misc Supplies,PAUL,read,migration,gm-19d78c9cf7bcc5c4,https://drive.google.com/file/d/1bOuFpm1xa9Mb-C4-jpV07mgg7LwRAJrC/view?usp=drivesdk,drive,strong,104 Ashburne,Supplies,100,,,,,
migration-20260410-52a0db995673,2026-04-10,104 Ashburne,Supplies,1030,read,1287,Home Depot,Plumbing parts,PAUL,read,migration,gm-19d7d96bd9768097,https://drive.google.com/file/d/1t7itEZhq43AkjmJjP8csWKFd0O7ltlf-/view?usp=drivesdk,drive,strong,104 Ashburne,Supplies,101,,,,,
migration-20260413-7cb85fb706d8,2026-04-13,104 Ashburne,Supplies,1030,read,89700,Home Depot,Misc Supplies,PAUL,read,migration,gm-19d86e82a24ba657,https://mail.google.com/mail/u/0/#all/19d86e82a24ba657,gmail,strong,104 Ashburne,Supplies,102,,,,,
migration-20260413-db53bba49698,2026-04-13,104 Ashburne,Supplies,1030,"read (65xx on a property -> 1030, D-026.3)",6447,Ace Hardware,Misc Supplies,PAUL,read,migration,gm-19d8733a36c6906d,https://drive.google.com/file/d/1vVwFiKglLo03iuhdVa1srThIMJbakKhM/view?usp=drivesdk,drive,strong,104 Ashburne,Supplies,103,,,,,
migration-20260413-85bab1f4423d,2026-04-13,104 Ashburne,Supplies,1040,read,32023,Home Depot,Misc Supplies,PAUL,read,migration,gm-19d887edb5a8b804,https://drive.google.com/file/d/1IU-fIziE4kwinPRHOMv4FJKJ8eihUvun/view?usp=drivesdk,drive,strong,104 Ashburne,Supplies,104,,,,,
migration-20260414-1fe33d5b2e51,2026-04-14,104 Ashburne,Supplies,1040,read,13319,Home Depot,Misc Supplies,PAUL,read,migration,gm-19d8d13776d4e5c2,https://drive.google.com/file/d/1EY8BGdjjKrwxwwoT0nqOPz53PMyOJLXF/view?usp=drivesdk,drive,strong,104 Ashburne,Supplies,105,,,,,
migration-20260415-6fba4e96bc8b,2026-04-15,104 Ashburne,Supplies,1030,payee (retailer),5138,Home Depot,Misc Supplies,PAUL,D-026.2 (before August),migration,,,,weak,104 Ashburne,Supplies,106,WEAK_MATCH_UNCONFIRMED,,,,
migration-20260505-a7f6ae414be8,2026-05-05,104 Ashburne,Supplies,1030,read,11849,Home Depot,Misc Supplies,PAUL,read,migration,gm-19dfd55f48f159ef,https://mail.google.com/mail/u/0/#all/19dfd55f48f159ef,gmail,strong,104 Ashburne,Supplies,107,,,,,
migration-20260507-5abb885a75ad,2026-05-07,104 Ashburne,Supplies,1030,read,15720,Home Depot,Misc Supplies,PAUL,read,migration,gm-19e031bf21a17eeb,https://drive.google.com/file/d/1pGk76vGEE1JNVTouhsUmMF4MPFGHjYmd/view?usp=drivesdk,drive,strong,104 Ashburne,Supplies,108,,,,,
migration-20260507-b06c32d22531,2026-05-07,104 Ashburne,Supplies,1030,read,2378,Home Depot,Misc Supplies,PAUL,read,migration,gm-19e03c938a0f72b2,https://drive.google.com/file/d/1Vv7kn2JEtzPJUjunVg9AbftKYJQQc8tj/view?usp=drivesdk,drive,strong,104 Ashburne,Supplies,109,,,,,
migration-20260507-db768f0ad11d,2026-05-07,104 Ashburne,Supplies,1030,read,680,Lowes,Misc Supplies,PAUL,read,migration,gm-19e0454d3ab6e5b6,https://drive.google.com/file/d/1CPYh6hXbmc6xrRBvjYsRERsk8b--ufod/view?usp=drivesdk,drive,strong,104 Ashburne,Supplies,110,,,,,
migration-20260527-a0fc5557389d,2026-05-27,104 Ashburne,Supplies,1030,read,1026,Home Depot,Spackle,PAUL,read,migration,gm-19e69ec679ab8f42,https://drive.google.com/file/d/1-OIs50ZrKPG9rof0jJp12VUkThYkvuYw/view?usp=drivesdk,drive,strong,104 Ashburne,Supplies,111,,,,,
migration-20260527-21e43552db64,2026-05-27,104 Ashburne,Supplies,1030,read,372,Home Depot,Zip Ties,PAUL,read,migration,gm-19e69ec679ab8f42,https://drive.google.com/file/d/1-OIs50ZrKPG9rof0jJp12VUkThYkvuYw/view?usp=drivesdk,drive,strong,104 Ashburne,Supplies,112,,,,,
migration-20260616-2e32362c4eaf,2026-06-16,104 Ashburne,Supplies,1030,payee (retailer),403,Home Depot,2x4,PAUL,D-026.2 (before August),migration,,,,weak,104 Ashburne,Supplies,113,WEAK_MATCH_UNCONFIRMED,,,,
migration-20260616-7dafe308cb96,2026-06-16,104 Ashburne,Supplies,1030,read,1404,Home Depot,Drill Bit,PAUL,read,migration,gm-19ed8190a6945042,https://mail.google.com/mail/u/0/#all/19ed8190a6945042,gmail,strong,104 Ashburne,Supplies,114,,,,,
migration-20260616-1633cd970208,2026-06-16,104 Ashburne,Supplies,1030,payee (retailer),4403,Home Depot,Screws,PAUL,D-026.2 (before August),migration,,,,weak,104 Ashburne,Supplies,115,WEAK_MATCH_UNCONFIRMED,,,,
migration-20260616-60c90e33ff50,2026-06-16,104 Ashburne,Supplies,1030,payee (retailer),756,Home Depot,Spray Paint,PAUL,D-026.2 (before August),migration,,,,weak,104 Ashburne,Supplies,116,WEAK_MATCH_UNCONFIRMED,,,,
migration-20260616-f116cea1faf2,2026-06-16,104 Ashburne,Supplies,1030,payee (retailer),3320,Home Depot,1x4's,PAUL,D-026.2 (before August),migration,,,,weak,104 Ashburne,Supplies,117,WEAK_MATCH_UNCONFIRMED,,,,
migration-20260616-44ed86cdde32,2026-06-16,104 Ashburne,Supplies,1030,read,3244,Home Depot,Garbage Bags,PAUL,read,migration,gm-19ed8190a6945042,https://mail.google.com/mail/u/0/#all/19ed8190a6945042,gmail,strong,104 Ashburne,Supplies,118,,,,,
migration-20260616-1ffb41695d25,2026-06-16,104 Ashburne,Supplies,1030,payee (retailer),2209,Home Depot,Nuts and bolts,PAUL,D-026.2 (before August),migration,,,,weak,104 Ashburne,Supplies,119,WEAK_MATCH_UNCONFIRMED,,,,
migration-20260616-e36bf6c9c576,2026-06-16,104 Ashburne,Supplies,1030,read,1404,Home Depot,Roofing Nails,PAUL,read,migration,gm-19ed8190a6945042,https://mail.google.com/mail/u/0/#all/19ed8190a6945042,gmail,strong,104 Ashburne,Supplies,120,,,,,
migration-20260616-c1fac1e28942,2026-06-16,104 Ashburne,Supplies,1030,payee (retailer),289,Home Depot,Nuts and Bolts,PAUL,D-026.2 (before August),migration,,,,weak,104 Ashburne,Supplies,121,WEAK_MATCH_UNCONFIRMED,,,,
migration-20260616-cd6a6c2a103c,2026-06-16,104 Ashburne,Supplies,1040,read,2382,Home Depot,Threaded Rod,PAUL,read,migration,gm-19ed818d6be0fb42,https://drive.google.com/file/d/1THdunvjQR7KaqWX3CA4tsx_oF9rpw-mA/view?usp=drivesdk,drive,strong,104 Ashburne,Supplies,122,,,,,
migration-20260616-5d5ba272650b,2026-06-16,104 Ashburne,Supplies,1030,read,1992,Home Depot,1x4,PAUL,read,migration,gm-19ed8190a6945042,https://mail.google.com/mail/u/0/#all/19ed8190a6945042,gmail,strong,104 Ashburne,Supplies,123,,,,,
migration-20260618-f10c14a29cc2,2026-06-18,104 Ashburne,Supplies,1030,read,810,Home Depot,Dryer Vent Tape,PAUL,read,migration,gm-19edabdf68ad91f0,https://drive.google.com/file/d/14Vwq9UQyvA4guQDR9a0hjNvt71QqaZKP/view?usp=drivesdk,drive,strong,104 Ashburne,Supplies,124,,,,,
migration-20260618-0fc15d6951f5,2026-06-18,104 Ashburne,Supplies,1030,read,3984,Home Depot,1x4,PAUL,read,migration,gm-19edabdf68ad91f0,https://drive.google.com/file/d/14Vwq9UQyvA4guQDR9a0hjNvt71QqaZKP/view?usp=drivesdk,drive,strong,104 Ashburne,Supplies,125,,,,,
migration-20260618-f69075259f77,2026-06-18,104 Ashburne,Supplies,1030,read,485,Home Depot,Great Stuff,PAUL,read,migration,gm-19edc17308bcd897,https://mail.google.com/mail/u/0/#all/19edc17308bcd897,gmail,strong,104 Ashburne,Supplies,126,,,,,
migration-20260618-61d785694b1c,2026-06-18,104 Ashburne,Supplies,1030,read,340,Home Depot,Nuts and bolts,PAUL,read,migration,gm-19edc17308bcd897,https://mail.google.com/mail/u/0/#all/19edc17308bcd897,gmail,strong,104 Ashburne,Supplies,127,,,,,
migration-20260619-5740e71b5df3,2026-06-19,104 Ashburne,Supplies,1030,read,2528,Ace Hardware,Screws,PAUL,read,migration,gm-19ee097df3be19ff,https://drive.google.com/file/d/1_CAo0xafGYk37Mg5psoBc-gWeketsOCR/view?usp=drivesdk,drive,strong,104 Ashburne,Supplies,128,,,,,
migration-20260630-089760f33b13,2026-06-30,104 Ashburne,Supplies,1030,read,485,Home Depot,Great Stuff,PAUL,read,migration,gm-19f19badba627de1,https://mail.google.com/mail/u/0/#all/19f19badba627de1,gmail,strong,104 Ashburne,Supplies,129,,,,,
migration-20260630-b54d7d4c2226,2026-06-30,104 Ashburne,Supplies,1030,read,5044,Home Depot,1x5,PAUL,read,migration,gm-19f19badba627de1,https://mail.google.com/mail/u/0/#all/19f19badba627de1,gmail,strong,104 Ashburne,Supplies,130,,,,,
migration-20260811-96aef5d3c4e2,2026-08-11,104 Ashburne,Supplies,1030,read,1285,Home Depot,Batteries,PAUL,read,migration,gm-19ff17e1bc0effd7,https://drive.google.com/file/d/1Sf3mLx-4yZEnb5vdBm4ovpjufF9RS30M/view?usp=drivesdk,drive,strong,104 Ashburne,Supplies,131,,,,,
migration-20260518-ceab4c3d944d,2026-05-18,1616 Granite,,1020,read,38000,Salvador Campos,Roof,PAUL,Paul Paid box,migration,gm-19eb74ea0bc8977b,https://drive.google.com/file/d/1KGgz1oiM2OgyQlCQPpONBphvpEulCm4Q/view?usp=drivesdk,drive,strong,1616 Granite RECONCILED,,3,,,,,
migration-20260527-ae264914f4da,2026-05-27,1616 Granite,,1040,read,59654,Home Depot,Cooktop,PAUL,Paul Paid box,migration,gm-19e8f7613aa25c25,https://mail.google.com/mail/u/0/#all/19e8f7613aa25c25,gmail,strong,1616 Granite RECONCILED,,4,,,,,
migration-20260527-8749578719a3,2026-05-27,1616 Granite,,1030,read,160,Home Depot,Paper Towels,PAUL,Paul Paid box,migration,gm-19e8f76c3b9efa8e,https://drive.google.com/file/d/1KDhFh27_UAb0rDWG8DOgO68S8emtlIBm/view?usp=drivesdk,drive,strong,1616 Granite RECONCILED,,5,,,,,
migration-20260527-f3e22bb1a78b,2026-05-27,1616 Granite,,1120,read,10395,City of Waxahachie,Water,PAUL,Paul Paid box,migration,gm-19e8f76eff8186bc,https://drive.google.com/file/d/1KA7W8a3biUeTpwy4iqLnXFCpnCglvo3D/view?usp=drivesdk,drive,strong,1616 Granite RECONCILED,,5,,,,,
migration-20260527-f6f9d4588c6a,2026-05-27,1616 Granite,,1030,read,377,Home Depot,Sponges,PAUL,Paul Paid box,migration,gm-19e8f76c3b9efa8e,https://drive.google.com/file/d/1KDhFh27_UAb0rDWG8DOgO68S8emtlIBm/view?usp=drivesdk,drive,strong,1616 Granite RECONCILED,,6,,,,,
migration-20260616-b91b0708730b,2026-06-16,1616 Granite,,1120,payee,16117,TXU,Electricity,PAUL,Paul Paid box,migration,gm-19ed0e0fdd1f096a,https://mail.google.com/mail/u/0/#all/19ed0e0fdd1f096a,gmail,strong,1616 Granite RECONCILED,,6,,,,,
migration-20260527-9c1e26ec6efd,2026-05-27,1616 Granite,,1030,read,2163,Home Depot,Orange Peel,PAUL,Paul Paid box,migration,gm-19e8f76c3b9efa8e,https://drive.google.com/file/d/1KDhFh27_UAb0rDWG8DOgO68S8emtlIBm/view?usp=drivesdk,drive,strong,1616 Granite RECONCILED,,7,,,,,
migration-20260725-83dc9a3a7cd2,2026-07-25,1616 Granite,,1120,read,26176,TXU,Electricity,PAUL,Paul Paid box,migration,gm-19f98359d5c7120b,https://drive.google.com/file/d/1NkIRl3lCU_x2OnVeFqB_73AvZzv27acp/view?usp=drivesdk,drive,strong,1616 Granite RECONCILED,,7,,,,,
migration-20260528-70ad66136bed,2026-05-28,1616 Granite,,1030,read,34627,Home Depot,Grass Seed,PAUL,Paul Paid box,migration,gm-19e8f7927b019869,https://drive.google.com/file/d/1-D7gy0eoO-BCQI5WatCIdE_RbkFiYJFN/view?usp=drivesdk,drive,strong,1616 Granite RECONCILED,,8,,,,,
migration-20260729-0994e5046456,2026-07-29,1616 Granite,,1120,read,95002,City of Waxahachie,Water,PAUL,Paul Paid box,migration,gm-19fae353e2050985,https://mail.google.com/mail/u/0/#all/19fae353e2050985,gmail,strong,1616 Granite RECONCILED,,8,,,,,
migration-20260528-a5014150c67b,2026-05-28,1616 Granite,,1030,read,1729,Home Depot,Landscape Fabric Staples,PAUL,Paul Paid box,migration,gm-19e8f7927b019869,https://drive.google.com/file/d/1-D7gy0eoO-BCQI5WatCIdE_RbkFiYJFN/view?usp=drivesdk,drive,strong,1616 Granite RECONCILED,,9,,,,,
migration-20260528-b61d7842b102,2026-05-28,1616 Granite,,1030,read,5712,Home Depot,Paint,PAUL,Paul Paid box,migration,gm-19e8f7902ff23d1b,https://drive.google.com/file/d/1GWLZfqaMYhP-Y4kM5F9NRbBQW_n136mc/view?usp=drivesdk,drive,strong,1616 Granite RECONCILED,,10,,,,,
migration-20260529-8dafde5dbe5a,2026-05-29,1616 Granite,,1030,read,473,Home Depot,Batteries for door lock,PAUL,Paul Paid box,migration,gm-19e8f7c50d0fbad4,https://drive.google.com/file/d/1B1dGPUwTiBzqegKQxibYNT5iewFFY6Bu/view?usp=drivesdk,drive,strong,1616 Granite RECONCILED,,11,,,,,
migration-20260529-71ceff7cc5f0,2026-05-29,1616 Granite,,1030,payee (retailer),2379,Home Depot,Toilet Parts,PAUL,Paul Paid box,migration,,,,weak,1616 Granite RECONCILED,,12,WEAK_MATCH_UNCONFIRMED,,,,
migration-20260529-cb6a3a090a58,2026-05-29,1616 Granite,,1030,read,417,Home Depot,Irrigation Elbos,PAUL,Paul Paid box,migration,gm-19e8f7c1c4dffe11,https://drive.google.com/file/d/1mM6xKvjYrp11VBIzPIs1r8nol5mloVTV/view?usp=drivesdk,drive,strong,1616 Granite RECONCILED,,13,,,,,
migration-20260529-13e0d3cd68eb,2026-05-29,1616 Granite,,1030,read,343,Home Depot,Door Stop,PAUL,Paul Paid box,migration,gm-19e8f7c1c4dffe11,https://drive.google.com/file/d/1mM6xKvjYrp11VBIzPIs1r8nol5mloVTV/view?usp=drivesdk,drive,strong,1616 Granite RECONCILED,,14,,,,,
migration-20260529-933dead69b56,2026-05-29,1616 Granite,,1030,read,7946,Home Depot,Black Mulch,PAUL,Paul Paid box,migration,gm-19e8f79b34b79d66,https://drive.google.com/file/d/1ddFY7shCHFkEovk509ctlzLviMicNutt/view?usp=drivesdk,drive,strong,1616 Granite RECONCILED,,15,,,,,
migration-20260529-5e5870b64f21,2026-05-29,1616 Granite,,1030,read,756,Home Depot,Black Spray Paint,PAUL,Paul Paid box,migration,gm-19e8f79855b1df77,https://mail.google.com/mail/u/0/#all/19e8f79855b1df77,gmail,strong,1616 Granite RECONCILED,,16,,,,,
migration-20260529-45fb410a8f31,2026-05-29,1616 Granite,,1030,read,431,Home Depot,Door Stop,PAUL,Paul Paid box,migration,gm-19e8f79855b1df77,https://mail.google.com/mail/u/0/#all/19e8f79855b1df77,gmail,strong,1616 Granite RECONCILED,,17,,,,,
migration-20260529-e0ad38cf055e,2026-05-29,1616 Granite,,1030,payee (retailer),6453,Home Depot,Lawn Utility Box,PAUL,Paul Paid box,migration,,,,weak,1616 Granite RECONCILED,,18,WEAK_MATCH_UNCONFIRMED,,,,
migration-20260529-2d58e706b646,2026-05-29,1616 Granite,,1030,payee (retailer),3245,Home Depot,Toilet Seat,PAUL,Paul Paid box,migration,,,,weak,1616 Granite RECONCILED,,19,WEAK_MATCH_UNCONFIRMED,,,,
migration-20260529-ead749c28d7e,2026-05-29,1616 Granite,,1030,payee (retailer),371,Home Depot,Irrigation Couplings,PAUL,Paul Paid box,migration,,,,weak,1616 Granite RECONCILED,,20,WEAK_MATCH_UNCONFIRMED,,,,
migration-20260529-21bd2e089304,2026-05-29,1616 Granite,,1030,payee (retailer),19462,Home Depot,Plastic Edging,PAUL,Paul Paid box,migration,,,,weak,1616 Granite RECONCILED,,21,WEAK_MATCH_UNCONFIRMED,,,,
migration-20260530-d723ec1ff97b,2026-05-30,1616 Granite,,1030,payee (retailer),1405,Lowes,Door Mat,PAUL,Paul Paid box,migration,gm-19e79a903622d62d,https://mail.google.com/mail/u/0/#all/19e79a903622d62d,gmail,strong,1616 Granite RECONCILED,,22,,,,,
migration-20260530-1b44e4cee4e7,2026-05-30,1616 Granite,,1030,payee (retailer),92,Lowes,Irrigation Riser,PAUL,Paul Paid box,migration,,,,none,1616 Granite RECONCILED,,23,NO_DOC,,,,
migration-20260530-92cb6df6bbd2,2026-05-30,1616 Granite,,1030,payee (retailer),961,Lowes,Irrigation Sprinkler,PAUL,Paul Paid box,migration,,,,none,1616 Granite RECONCILED,,24,NO_DOC,,,,
migration-20260530-a41850d22fcf,2026-05-30,1616 Granite,,1030,read,485,Home Depot,Wire Nuts,PAUL,Paul Paid box,migration,gm-19e8f7d48435a6ab,https://mail.google.com/mail/u/0/#all/19e8f7d48435a6ab,gmail,strong,1616 Granite RECONCILED,,25,,,,,
migration-20260530-2840f72761fa,2026-05-30,1616 Granite,,1040,read,4329,Home Depot,Ring Door Bell,PAUL,Paul Paid box,migration,gm-19e8f7d279f40059,https://drive.google.com/file/d/1zSpPFW_mjzMdrMO7fK0A4VmO47ZMCLAI/view?usp=drivesdk,drive,strong,1616 Granite RECONCILED,,26,,,,,
migration-20260530-780131e1112d,2026-05-30,1616 Granite,,1030,payee (retailer),187,Home Depot,Irrigation Bubbler,PAUL,Paul Paid box,migration,,,,none,1616 Granite RECONCILED,,27,NO_DOC,,,,
migration-20260531-b1a951fb954a,2026-05-31,1616 Granite,,1030,read,4220,Lowes,Floor Paint,PAUL,Paul Paid box,migration,gm-19e8f7e31d1a4101,https://mail.google.com/mail/u/0/#all/19e8f7e31d1a4101,gmail,strong,1616 Granite RECONCILED,,28,,,,,
migration-20260531-c81408c8e021,2026-05-31,1616 Granite,,1030,read,506,Home Depot,Roller Cover,PAUL,Paul Paid box,migration,gm-19e8f7e6652f7e3e,https://mail.google.com/mail/u/0/#all/19e8f7e6652f7e3e,gmail,strong,1616 Granite RECONCILED,,29,,,,,
migration-20260531-3ad7e96890c2,2026-05-31,1616 Granite,,1030,read,4328,Home Depot,Concrete Stain,PAUL,Paul Paid box,migration,gm-19e8f7927b019869,https://drive.google.com/file/d/1-D7gy0eoO-BCQI5WatCIdE_RbkFiYJFN/view?usp=drivesdk,drive,strong,1616 Granite RECONCILED,,30,,,,,
migration-20260531-b93933f37a27,2026-05-31,1616 Granite,,1030,read,917,Home Depot,Irrigation Sprinkler,PAUL,Paul Paid box,migration,gm-19e8f7e6652f7e3e,https://mail.google.com/mail/u/0/#all/19e8f7e6652f7e3e,gmail,strong,1616 Granite RECONCILED,,31,,,,,
migration-20260529-f9f730182e9c,2026-05-29,1616 Granite,,1020,payee (labor),60000,Julio & Friend,Landscaping,PAUL,Paul Paid box,migration,,,,none,1616 Granite RECONCILED,,32,NO_DOC,,,,
migration-20260527-f7fa57539bcd,2026-05-27,1616 Granite,,1030,payee (retailer),7265,Amazon,Curtain Rods,PAUL,Paul Paid box,migration,,,,none,1616 Granite RECONCILED,,33,NO_DOC,,,,
migration-20260527-4f37fa2c9ca5,2026-05-27,1616 Granite,,1030,payee (retailer),10515,Amazon,Curtain Rods & Door Lock,PAUL,Paul Paid box,migration,,,,none,1616 Granite RECONCILED,,34,NO_DOC,,,,
migration-20260527-3ad8fdd7b92d,2026-05-27,1616 Granite,,1030,payee (retailer),11142,Amazon,Exterior Light,PAUL,Paul Paid box,migration,,,,none,1616 Granite RECONCILED,,35,NO_DOC,,,,
migration-20260527-5a18b1c93862,2026-05-27,1616 Granite,,1030,payee (retailer),3080,Amazon,Curtain Rods,PAUL,Paul Paid box,migration,,,,none,1616 Granite RECONCILED,,36,NO_DOC,,,,
migration-20260601-56c0b6ae6dce,2026-06-01,1616 Granite,,1030,payee (retailer),131900,50floor,Carpet,PAUL,Paul Paid box,migration,,,,none,1616 Granite RECONCILED,,37,NO_DOC,,,,
migration-20260601-9a46e220eb93,2026-06-29,1616 Granite,,1020,payee (labor),50000,Mariana,Mariana,PAUL,Paul Paid box,migration,,,,none,1616 Granite RECONCILED,,38,NO_DOC;CORRECTED,"C-8 2026-09-18: 'mariana, use the email date' (the 6/29 note 'Mariana / Cleaning / $500')",,,
migration-20260602-f9adcca38bdf,2026-06-02,1616 Granite,,1030,read,1945,Tom Thumb,Light Bulbs,PAUL,Paul Paid box,migration,gm-19e8f7ef66615f5a,https://mail.google.com/mail/u/0/#all/19e8f7ef66615f5a,gmail,strong,1616 Granite RECONCILED,,39,,,,,
migration-20260602-84e715aa4f93,2026-06-02,1616 Granite,,1020,payee (labor),60000,Julio + Friend,Landscaping,PAUL,Paul Paid box,migration,,,,none,1616 Granite RECONCILED,,40,NO_DOC,,,,
migration-20260612-e361aaa534ee,2026-06-12,1616 Granite,,1020,read,131900,50floor,Carpet,PAUL,Paul Paid box,migration,gm-19ebc1789358c9a5,https://mail.google.com/mail/u/0/#all/19ebc1789358c9a5,gmail,strong,1616 Granite RECONCILED,,41,,,,,
migration-20260628-bb8c39c01cca,2026-06-28,1616 Granite,,1030,payee (retailer),4001,Home Depot,Toilet Kits,PAUL,Paul Paid box,migration,,,,none,1616 Granite RECONCILED,,43,NO_DOC,,,,
migration-20260626-2cfb7ecabac1,2026-06-26,1616 Granite,,1020,read,20000,Julio,Landscaping,PAUL,Paul Paid box,migration,gm-19f0452f77f79ab8,https://mail.google.com/mail/u/0/#all/19f0452f77f79ab8,gmail,strong,1616 Granite RECONCILED,,44,,,,,
migration-20260629-caed2b57890b,2026-06-29,1616 Granite,,1030,read,3786,Lowes,Furnace Filter,PAUL,Paul Paid box,migration,gm-19f154ce61fa47c1,https://drive.google.com/file/d/1HpPWmv87OLa3ovLJE_5LOtJgZyoFJ-kP/view?usp=drivesdk,drive,strong,1616 Granite RECONCILED,,45,,,,,
migration-20260629-4c3ebd9b4cc2,2026-06-29,1616 Granite,,1030,read,4326,Lowes,Spring Hinges,PAUL,Paul Paid box,migration,gm-19f15bb914268174,https://drive.google.com/file/d/1F69YenaiFerPpinCYk8-9YPs9YYUNIRX/view?usp=drivesdk,drive,strong,1616 Granite RECONCILED,,46,,,,,
migration-20260707-0de70563276b,2026-07-07,1616 Granite,,1310,read,46500,Community Archives,HOA Right to Sell,PAUL,Paul Paid box,migration,gm-19f3f5b5bd0654e2,https://mail.google.com/mail/u/0/#all/19f3f5b5bd0654e2,gmail,strong,1616 Granite RECONCILED,,47,,,,,
migration-20260703-9fb66b59782e,2026-07-03,1616 Granite,,1020,read,30000,Daniel/Roofer,Roof Repair,DENNIS,Dennis Paid box,migration,gm-19f3f6f42dde4929,https://drive.google.com/file/d/1ZJ0zd0LF5MsGnUIJY5UzEjLMRMNLfnn-/view?usp=drivesdk,drive,strong,1616 Granite RECONCILED,,48,,,,,
migration-20260707-cbda3d4542e8,2026-07-07,1616 Granite,,1130,read,7000,Effren - 1372,Landscaping,PAUL,Paul Paid box,migration,gm-19f99daa6dab8453,https://mail.google.com/mail/u/0/#all/19f99daa6dab8453,gmail,strong,1616 Granite RECONCILED,,49,,,,,
migration-20260612-0cd8f575d23f,2026-06-12,1616 Granite,,1020,payee (labor),20000,Julio,Landscaping,DENNIS,Dennis Paid box,migration,,,,none,1616 Granite RECONCILED,,50,NO_DOC,,,,
migration-20260622-00297d7dfd92,2026-06-22,1616 Granite,,1020,payee (labor),20000,Julio,Landscaping,DENNIS,Dennis Paid box,migration,,,,none,1616 Granite RECONCILED,,51,NO_DOC,,,,
migration-20260715-c5a4746b3097,2026-07-15,1616 Granite,,1130,payee,11000,Effren - 1373,Landscaping,PAUL,Paul Paid box,migration,,,,none,1616 Granite RECONCILED,,52,NO_DOC,,,,
migration-20260724-272d1bfb963c,2026-07-24,1616 Granite,,1130,read,7000,Effren - 1374,Landscaping,PAUL,Paul Paid box,migration,gm-19f99daa6dab8453,https://mail.google.com/mail/u/0/#all/19f99daa6dab8453,gmail,strong,1616 Granite RECONCILED,,53,,,,,
migration-20260508-744aa7d86b39,2026-05-08,1616 Granite,,1030,payee (retailer),10706,Home Depot,Weed and Feed,DENNIS,Dennis Paid box,migration,,,,weak,1616 Granite RECONCILED,,54,WEAK_MATCH_UNCONFIRMED,,,,
migration-20260622-409dae2de9cf,2026-06-22,1616 Granite,,1030,payee (retailer),26455,Home Depot,Mulch,DENNIS,Dennis Paid box,migration,,,,none,1616 Granite RECONCILED,,55,NO_DOC,,,,
migration-20260610-422cd22f3367,2026-06-10,1616 Granite,,1030,payee (retailer),3797,Lowes,Floor Paint,DENNIS,Dennis Paid box,migration,,,,none,1616 Granite RECONCILED,,56,NO_DOC,,,,
migration-20260526-e3e6b7e30cfc,2026-05-26,1616 Granite,,1030,payee (retailer),2424,Sherwin WIlliams,Sherwin WIllains,DENNIS,Dennis Paid box,migration,,,,none,1616 Granite RECONCILED,,57,NO_DOC,,,,
migration-20260526-cf4d0bf6b96a,2026-05-26,1616 Granite,,1030,payee (retailer),3381,Sherwin WIlliams,Sherwin WIllains,DENNIS,Dennis Paid box,migration,,,,none,1616 Granite RECONCILED,,58,NO_DOC,,,,
migration-20260805-f4799505fac1,2026-08-05,1616 Granite,,1020,read,152646,Verity Plumbing,Misc plumbing,PAUL,Paul Paid box,migration,gm-19fd4fc19fb9a050,https://mail.google.com/mail/u/0/#all/19fd4fc19fb9a050,gmail,strong,1616 Granite RECONCILED,,59,,,,,
migration-20260620-d29414688440,2026-06-20,280 Sparkling,,1030,read,4326,Home Depot,Paint Supplies,PAUL,Paul Paid box,migration,gm-19ee5f9ddc58dccf,https://mail.google.com/mail/u/0/#all/19ee5f9ddc58dccf,gmail,strong,280 Sparkling RECONCILED,,3,,,,,
migration-20260621-006c93cb55c5,2026-06-21,280 Sparkling,,1030,read,647,Home Depot,Paint Roller Trays,PAUL,Paul Paid box,migration,gm-19eea5d1a93a9656,https://drive.google.com/file/d/1TCuGcstnP2KBJcC9loCD_5AzWMKCGOC1/view?usp=drivesdk,drive,strong,280 Sparkling RECONCILED,,4,,,,,
migration-20260621-e029a438bf41,2026-06-21,280 Sparkling,,1030,read,371,Home Depot,Irrigation Parts,PAUL,Paul Paid box,migration,gm-19eea5d1a93a9656,https://drive.google.com/file/d/1TCuGcstnP2KBJcC9loCD_5AzWMKCGOC1/view?usp=drivesdk,drive,strong,280 Sparkling RECONCILED,,5,,,,,
migration-20260622-1848edb82768,2026-06-22,280 Sparkling,,1030,read,3245,Home Depot,Drop Cloth,PAUL,Paul Paid box,migration,gm-19ef063b7f56ea6f,https://drive.google.com/file/d/1V57oFP9HHqrdCTwVOxZz18JicVofDTa_/view?usp=drivesdk,drive,strong,280 Sparkling RECONCILED,,6,,,,,
migration-20260622-d04f9df89f14,2026-06-22,280 Sparkling,,1030,read,1427,Home Depot,Celing Paint,PAUL,Paul Paid box,migration,gm-19ef063b7f56ea6f,https://drive.google.com/file/d/1V57oFP9HHqrdCTwVOxZz18JicVofDTa_/view?usp=drivesdk,drive,strong,280 Sparkling RECONCILED,,7,,,,,
migration-20260622-b9add65450f4,2026-06-22,280 Sparkling,,1030,read,1254,Home Depot,Paint,PAUL,Paul Paid box,migration,gm-19ef1303ff9ed1ad,https://drive.google.com/file/d/1tGHwVjQ2cNH_-2QnzM_ib79tfKLpsw_h/view?usp=drivesdk,drive,strong,280 Sparkling RECONCILED,,8,,,,,
migration-20260623-f9b9ff9e433d,2026-06-23,280 Sparkling,,1030,read,1080,Home Depot,Roller Covers,PAUL,Paul Paid box,migration,gm-19ef4d5d26caf1e4,https://drive.google.com/file/d/12Dzamd9VRE1uX-U4VIhFdN0oOy-xVPP-/view?usp=drivesdk,drive,strong,280 Sparkling RECONCILED,,9,,,,,
migration-20260623-acd7ed110d73,2026-06-23,280 Sparkling,,1030,read,2163,Home Depot,Wall Texture,PAUL,Paul Paid box,migration,gm-19ef4d5d26caf1e4,https://drive.google.com/file/d/12Dzamd9VRE1uX-U4VIhFdN0oOy-xVPP-/view?usp=drivesdk,drive,strong,280 Sparkling RECONCILED,,10,,,,,
migration-20260623-a2fb71dff5e2,2026-06-23,280 Sparkling,,1030,read,11897,Sherwin Williams,Paint,PAUL,Paul Paid box,migration,gm-19ef53c9b3142449,https://drive.google.com/file/d/1w36fMBjTtsE4LKDMlSaRsNVImhDAauxR/view?usp=drivesdk,drive,strong,280 Sparkling RECONCILED,,11,,,,,
migration-20260628-0f8514f5ca4a,2026-06-28,280 Sparkling,,1030,read,403,Home Depot,PVC Couplings,PAUL,Paul Paid box,migration,gm-19f1083966df0eb6,https://mail.google.com/mail/u/0/#all/19f1083966df0eb6,gmail,strong,280 Sparkling RECONCILED,,12,,,,,
migration-20260628-9c28a190f4a7,2026-06-28,280 Sparkling,,1030,read,279,Home Depot,PVC,PAUL,Paul Paid box,migration,gm-19f13a69198b2b6c,https://drive.google.com/file/d/1FGi9_EegpWd4aTwTVME7KCpdXgTVVCT0/view?usp=drivesdk,drive,strong,280 Sparkling RECONCILED,,13,,,,,
migration-20260628-dbd8fa94ef16,2026-06-28,280 Sparkling,,1030,read,242,Home Depot,PVC Couplings,PAUL,Paul Paid box,migration,gm-19f13a69198b2b6c,https://drive.google.com/file/d/1FGi9_EegpWd4aTwTVME7KCpdXgTVVCT0/view?usp=drivesdk,drive,strong,280 Sparkling RECONCILED,,14,,,,,
migration-20260628-66d225a78bfb,2026-06-28,280 Sparkling,,1030,payee (retailer),993,Home Depot,Painters Towels,PAUL,Paul Paid box,migration,,,,none,280 Sparkling RECONCILED,,15,NO_DOC,,,,
migration-20260628-102085715b3d,2026-06-28,280 Sparkling,,1030,payee (retailer),1622,Home Depot,PVC Cement,PAUL,Paul Paid box,migration,,,,none,280 Sparkling RECONCILED,,16,NO_DOC,,,,
migration-20260604-0bc87bca2c22,2026-06-04,280 Sparkling,,1020,payee (labor),20000,Julio,Landscaping,PAUL,Paul Paid box,migration,,,,none,280 Sparkling RECONCILED,,17,NO_DOC,,,,
migration-20260627-aa1d250fb5cf,2026-06-27,280 Sparkling,,1030,read,201,Home Depot,PVC Couplings,DENNIS,Dennis Paid box,migration,gm-19f3f68f0a53b2e9,https://mail.google.com/mail/u/0/#all/19f3f68f0a53b2e9,gmail,strong,280 Sparkling RECONCILED,,18,,,,,
migration-20260707-d1974567c798,2026-07-07,280 Sparkling,,1130,read,5500,Effren - 1372,Landscaping,PAUL,Paul Paid box,migration,gm-19f3f5c3cbc8f50e,https://mail.google.com/mail/u/0/#all/19f3f5c3cbc8f50e,gmail,strong,280 Sparkling RECONCILED,,19,,,,,
migration-20260625-1207d99f12cd,2026-06-25,280 Sparkling,,1330,payee,29900,Mission Real Estate Group,MLS Listing,DENNIS,Dennis Paid box,migration,,,,none,280 Sparkling RECONCILED,,20,NO_DOC,,,,
migration-20260719-711520ce9fb5,2026-07-19,280 Sparkling,,1130,payee,11000,Effren - 1373,Landscaping,PAUL,Paul Paid box,migration,,,,none,280 Sparkling RECONCILED,,21,NO_DOC,,,,
migration-20260724-be78c090a1c9,2026-07-24,280 Sparkling,,1010,read,48500,Community Archives,HOA release,PAUL,Paul Paid box,migration,gm-19f956c4d89292d8,https://mail.google.com/mail/u/0/#all/19f956c4d89292d8,gmail,strong,280 Sparkling RECONCILED,,22,,,,,
migration-20260803-ba9671bd8013,2026-08-03,280 Sparkling,,1020,read,20000,NEXGEN SEAMLESS GUTTERS,Roof Repair,DENNIS,Dennis Paid box,migration,gm-19fc7a31eae2a240,https://mail.google.com/mail/u/0/#all/19fc7a31eae2a240,gmail,strong,280 Sparkling RECONCILED,,23,,,,,
migration-20260805-29cd14b174a1,2026-08-05,280 Sparkling,,1130,read,5500,Effren - 1374,Landscaping,PAUL,Paul Paid box,migration,gm-19f3f5c3cbc8f50e,https://mail.google.com/mail/u/0/#all/19f3f5c3cbc8f50e,gmail,strong,280 Sparkling RECONCILED,,24,,,,,
migration-20260623-8ef1e65af3af,2026-06-23,280 Sparkling,,1030,read,24815,Home Depot,Mulch,DENNIS,Dennis Paid box,migration,gm-19fdc01a4d613ee4,https://mail.google.com/mail/u/0/#all/19fdc01a4d613ee4,gmail,strong,280 Sparkling RECONCILED,,25,,,,,
migration-20260623-484bc8160843,2026-06-23,280 Sparkling,,1030,read,6056,Home Depot,Laandscape Staples,DENNIS,Dennis Paid box,migration,gm-19fdc01a4d613ee4,https://mail.google.com/mail/u/0/#all/19fdc01a4d613ee4,gmail,strong,280 Sparkling RECONCILED,,26,,,,,
migration-20260701-9cc555b8193b,2026-07-01,280 Sparkling,,1030,read,133,Home Depot,PVC Couplings,DENNIS,Dennis Paid box,migration,gm-19fdc01a4d613ee4,https://mail.google.com/mail/u/0/#all/19fdc01a4d613ee4,gmail,strong,280 Sparkling RECONCILED,,27,,,,,
migration-20260612-cc39d78d823e,2026-06-12,280 Sparkling,,1020,payee (labor),20000,Julio,Landscaping,DENNIS,Dennis Paid box,migration,,,,none,280 Sparkling RECONCILED,,28,NO_DOC,,,,
migration-20260628-e78229f05f7a,2026-06-28,280 Sparkling,,1030,read,647,Home Depot,PVC,DENNIS,Dennis Paid box,migration,gm-19fdc01a4d613ee4,https://mail.google.com/mail/u/0/#all/19fdc01a4d613ee4,gmail,strong,280 Sparkling RECONCILED,,29,,,,,
migration-20260627-e755a7588605,2026-06-27,280 Sparkling,,1030,read,572,Home Depot,PVC,DENNIS,Dennis Paid box,migration,gm-19fdc01a4d613ee4,https://mail.google.com/mail/u/0/#all/19fdc01a4d613ee4,gmail,strong,280 Sparkling RECONCILED,,30,,,,,
migration-20260627-e97f39af419b,2026-06-27,280 Sparkling,,1030,read,14073,Walmart,Fertilizer,DENNIS,Dennis Paid box,migration,gm-19fdc01a4d613ee4,https://mail.google.com/mail/u/0/#all/19fdc01a4d613ee4,gmail,strong,280 Sparkling RECONCILED,,31,,,,,
migration-20260602-cba5a14dfe31,2026-06-02,280 Sparkling,,1030,read,3401,Home Depot,Door Lock Set,DENNIS,Dennis Paid box,migration,gm-19f22f9951be5a8d,https://drive.google.com/file/d/1RLMUeoNO3L3Zv1eHOXoyRmNykG_V3Bs8/view?usp=drivesdk,drive,strong,280 Sparkling RECONCILED,,32,,,,,
migration-20260616-8be01b637aeb,2026-06-16,280 Sparkling,,1120,payee,16117,TXU,Electricity,PAUL,Paul Paid box,migration,,,,none,280 Sparkling RECONCILED,,36,NO_DOC,,,,
migration-20260617-a98281a51ab8,2026-06-17,280 Sparkling,,1120,read,20000,Waxahachie Water,Water,DENNIS,Dennis Paid box,migration,gm-19f3f6e400041553,https://drive.google.com/file/d/1fWwlZii0HrQ8xrzhHdA7m0HCULJa6w8R/view?usp=drivesdk,drive,strong,280 Sparkling RECONCILED,,37,,,,,
migration-20260805-643e09c4a408,2026-08-05,280 Sparkling,,1120,payee,22864,TXU,Electricity,PAUL,Paul Paid box,migration,gm-19fd4f099b40700b,https://mail.google.com/mail/u/0/#all/19fd4f099b40700b,gmail,strong,280 Sparkling RECONCILED,,38,,,,,
migration-20260805-871f2e28618d,2026-08-05,280 Sparkling,,1120,payee,18750,Waxahachie Water,Water,PAUL,Paul Paid box,migration,gm-19fb54e6cdc547ce,https://mail.google.com/mail/u/0/#all/19fb54e6cdc547ce,gmail,strong,280 Sparkling RECONCILED,,39,,,,,
migration-20260901-2c22a2a37a17,2026-09-01,Cost Recapture,280 Sparkling,1120,payee,61291,Waxahachie Water,Water,1401,"Recast Account box (Paul 2026-09-18: all are August-September rows, Citizens 1401)",migration,gm-1a016b2550cd44d5,https://mail.google.com/mail/u/0/#all/1a016b2550cd44d5,gmail,strong,Cost Recapture,280 Sparkling,3,,,,,
migration-20260901-c46200ea6ab0,2026-09-01,Cost Recapture,1616 Granite,1120,payee,44349,Waxahachie Water,Water,1401,"Recast Account box (Paul 2026-09-18: all are August-September rows, Citizens 1401)",migration,gm-1a016b2fac76a50d,https://mail.google.com/mail/u/0/#all/1a016b2fac76a50d,gmail,strong,Cost Recapture,1616 Granite,4,,,,,
migration-20260901-3ea66ac80e09,2026-09-01,Cost Recapture,Sparkling & Granite,1120,payee,4000,Waxahachie Water,Card Service Fee,1401,"Recast Account box (Paul 2026-09-18: all are August-September rows, Citizens 1401)",migration,,,,weak,Cost Recapture,Sparkling & Granite,5,WEAK_MATCH_UNCONFIRMED,,,,
migration-20260818-9152c8f7bd79,2026-08-18,Cost Recapture,280 Sparkling,1120,read,21364,TXU,Electricity,1401,"Recast Account box (Paul 2026-09-18: all are August-September rows, Citizens 1401)",migration,gm-1a01692ff072014f,https://mail.google.com/mail/u/0/#all/1a01692ff072014f,gmail,strong,Cost Recapture,280 Sparkling,6,,,,,
migration-20260602-8ade063ce4f0,2026-06-02,1616 Granite,,1330,payee,29900,Mission Reg,Listing Fee,DENNIS,Dennis Paid box,migration,,,,none,1616 Granite RECONCILED,,42,NO_DOC;CORRECTED,"C-12 2026-09-18: the old row has no date, so the inventory dropped it (independent audit finding 1); inside the header SUM and the tab's Dennis Paid $1,466.63. Paul: 'june 2'",,,
migration-20260408-d6927b018c99,2026-04-08,104 Ashburne,Supplies,1030,Paul/Claude (added),8111,Home Depot,TM Enviroback 3x5 walk-off mats x3,PAUL,receipt,migration,gm-19d6d01dadaa68e4,https://drive.google.com/file/d/1Svs9tT6_SFjEh5BgW8lSLJaY_r-gdUjN/view?usp=drivesdk,drive,added,,,,ADDED_NOT_IN_OLD_BOOKS,C-10 Paul 2026-09-18 (differences batch 1): 'matts are for ashburne. log them',,,
migration-20260616-211c10492d57,2026-06-16,OVERHEAD,,6510,Paul/Claude (added),17212,Home Depot,2 HP EVS plunge router (purchased; returned),PAUL,receipt,migration,gm-19ed8190a6945042,https://mail.google.com/mail/u/0/#all/19ed8190a6945042,gmail,added,,,,RETURN_CONFIRMED_BY_PAUL,C-11 Paul 2026-09-18 (differences batch 1): 'returns',,,
migration-20260616-31ae638e6336,2026-06-16,OVERHEAD,,6510,Paul/Claude (added),-17212,Home Depot,"RETURN: 2 HP EVS plunge router (no return receipt; date of the return unknown - proven on the card statement, Phase 3)",PAUL,receipt,migration,gm-19ed8190a6945042,https://mail.google.com/mail/u/0/#all/19ed8190a6945042,gmail,added,,,,RETURN_CONFIRMED_BY_PAUL,C-11 Paul 2026-09-18 (differences batch 1): 'returns',,,
migration-20260107-47fb1871a5da,2026-01-07,OVERHEAD,,6500,Paul/Claude (added),1202,Home Depot,"Nitrile coated gloves w/ liner, 3 pairs (purchased; returned)",PAUL,receipt,migration,gm-19bae80800798f37,https://drive.google.com/file/d/1ZVDEqXlk7twrRuzyK-JsTl3VhzsqLH7I/view?usp=drivesdk,drive,added,,,,RETURN_CONFIRMED_BY_PAUL,C-11 Paul 2026-09-18 (differences batch 1): 'return gloves',,,
migration-20260107-0995ffca1dcb,2026-01-07,OVERHEAD,,6500,Paul/Claude (added),-1202,Home Depot,"RETURN: Nitrile coated gloves w/ liner, 3 pairs (no return receipt; date of the return unknown - proven on the card statement, Phase 3)",PAUL,receipt,migration,gm-19bae80800798f37,https://drive.google.com/file/d/1ZVDEqXlk7twrRuzyK-JsTl3VhzsqLH7I/view?usp=drivesdk,drive,added,,,,RETURN_CONFIRMED_BY_PAUL,C-11 Paul 2026-09-18 (differences batch 1): 'return gloves',,,
migration-20260830-1dedf931815a,2026-08-30,136 Bowling Green,,1130,Paul/Claude (added),11000,Falcon Creek Lawn Care,"INV 1390 - grass cutting x2 @ $55 (Bowling Green is held, so an ordinary cost of that property)",1401,receipt,migration,gm-1a05ab0fab9330ec,https://mail.google.com/mail/u/0/#all/1a05ab0fab9330ec,gmail,added,,,,ADDED_NOT_IN_OLD_BOOKS,"C-10 Paul 2026-09-18: Falcon Creek invoice 1390 (08-30) has two lines the old books lack; post-sale charges go to the new Cost Recapture tab (D-031) | payer: Paul 2026-09-18 'i noted how the invoice was paid in the email' - the CNB of Texas Zelle confirmation of 2026-08-31 (paul@, gm-1a05aabd4a07b3ac): '$275.00 to Effren Landscaper - Invoice #1390 for Newport, Bowling Green, Sparkling' = $110 + $110 + $55, from the Recast Citizens account",,,
migration-20260830-c9d4ca891b71,2026-08-30,Cost Recapture,280 Sparkling,1130,Paul/Claude (added),5500,Falcon Creek Lawn Care,"INV 1390 - grass cutting x1 @ $55, 280 Sparkling Springs (sold 2026-08-06)",1401,receipt,migration,gm-1a05ab0fab9330ec,https://mail.google.com/mail/u/0/#all/1a05ab0fab9330ec,gmail,added,,,,ADDED_NOT_IN_OLD_BOOKS,"C-10 Paul 2026-09-18: Falcon Creek invoice 1390 (08-30) has two lines the old books lack; post-sale charges go to the new Cost Recapture tab (D-031) | payer: Paul 2026-09-18 'i noted how the invoice was paid in the email' - the CNB of Texas Zelle confirmation of 2026-08-31 (paul@, gm-1a05aabd4a07b3ac): '$275.00 to Effren Landscaper - Invoice #1390 for Newport, Bowling Green, Sparkling' = $110 + $110 + $55, from the Recast Citizens account",,,
migration-20260910-c22f6be57bf6,2026-09-10,136 Bowling Green,,1120,Paul/Claude (added),20498,TXU Energy,"Electric service payment, acct 900085271895, conf 810814057",1401,receipt,migration,gm-1a091048b80076d7,https://mail.google.com/mail/u/0/#all/1a091048b80076d7,gmail,added,,,,ADDED_NOT_IN_OLD_BOOKS,"C-10 Paul 2026-09-18, after seeing the screenshot: 'this is all for bowling green. this should not be a newport charge'",,,
migration-20260918-df5f341f18a7,2026-09-18,Cost Recapture,280 Sparkling,1120,Paul/Claude (added),-16117,TXU,"Correction: TXU $161.17 of 06-16 was 1616 Granite's payment (acct 900084832931), typed on both the Granite and Sparkling tabs; Sparkling's cost was overstated",PAUL,receipt,migration,gm-19ed0e0fdd1f096a,https://mail.google.com/mail/u/0/#all/19ed0e0fdd1f096a,gmail,added,,,,CORRECTION_TO_A_CLOSED_PROPERTY,"C-16 Paul 2026-09-18, with the TXU history for both accounts: 'if there are discrepancies then the discrepancies need to be accounted for in the cost recapture tab since those properties are actually locked in reality'. Granite reconciles to TXU exactly ($422.93); Sparkling's tab carries $161.17 TXU never billed it. The Sparkling row stays as closed; the credit sits on Cost Recapture, and because the row was Paul-paid it reduces Due to Paul",,,
migration-20260701-8ce38be08265,2026-07-01,136 Bowling Green,,1330,Paul/Claude (added),29900,Mission Real Estate Group (Iley & Iley Financial),"MLS listing fee, 136 Bowling Green Ave - PayPal receipt to Dennis Little, 07-01",DENNIS,receipt,migration,gm-19f1d980deb1f5d4,https://mail.google.com/mail/u/0/#all/19f1d980deb1f5d4,gmail,added,,,,ADDED_NOT_IN_OLD_BOOKS,"C-19 Paul 2026-09-18: 'most likely is 136 bowling green' - and his own email to Mission of 07-01 says 'We added and paid for a new listing ... It was for 136 Bowling Green Ave'; Mission: 'Mr. Iley confirmed that you did pay'; listing live 07-02. The Bowling Green tab has no listing fee. 'yes add it and newport too'. Dennis paid: owed back at closing, no interest (D-030)",,,
migration-20260918-a87db4cb469f,2026-09-18,Cost Recapture,881 Newport,1330,Paul/Claude (added),29900,Mission Real Estate Group (Iley & Iley Financial),"MLS listing fee, 881 Newport Dr - invoiced to Dennis 2026-07-13, listed 07-14; left off the Newport tab, which is closed",DENNIS,receipt,migration,gm-19f5dc135791e445,https://mail.google.com/mail/u/0/#all/19f5dc135791e445,gmail,added,,,,ADDED_NOT_IN_OLD_BOOKS,"C-19 Paul 2026-09-18: 'yes add it and newport too'. Mission, 07-13: 'Mr. Iley sent an invoice to Dennis Little'; agent view 07-14. No receipt seen - $299.00 is the flat fee on every other listing (Granite, Sparkling, Bowling Green, Brushwood, Ashburne). Newport is sold, so it sits on Cost Recapture (D-031 extended). Dennis to forward his PayPal receipt",,,
