key,tab,block,sheet_row,date,payee,desc,cents,flags,correction,match,docId,doc_vendor,doc_date,doc_total,doc_status,doc_paid_from,read_account,read_property,doc_url,gmail_url,rows_on_doc,doc_gap_cents
BIZ-0,RECAST BIZ,Tools,,2026-01-07,Home Depot,Respirator,4111,[],,strong,gm-19bae80800798f37,The Home Depot,2026-01-07,39355,posted,PAUL,1030,104 Ashburne,https://drive.google.com/file/d/1ZVDEqXlk7twrRuzyK-JsTl3VhzsqLH7I/view?usp=drivesdk,https://mail.google.com/mail/u/0/#all/19bae80800798f37,13,2281
BIZ-1,RECAST BIZ,Tools,,2026-01-07,Home Depot,Rigid Drill,8552,[],,strong,gm-19bae80800798f37,The Home Depot,2026-01-07,39355,posted,PAUL,6510,OVERHEAD,https://drive.google.com/file/d/1ZVDEqXlk7twrRuzyK-JsTl3VhzsqLH7I/view?usp=drivesdk,https://mail.google.com/mail/u/0/#all/19bae80800798f37,13,2281
BIZ-2,RECAST BIZ,Tools,,2026-01-07,Home Depot,Adjustable Wrenches,530,[],,strong,gm-19bae80800798f37,The Home Depot,2026-01-07,39355,posted,PAUL,6510,OVERHEAD,https://drive.google.com/file/d/1ZVDEqXlk7twrRuzyK-JsTl3VhzsqLH7I/view?usp=drivesdk,https://mail.google.com/mail/u/0/#all/19bae80800798f37,13,2281
BIZ-3,RECAST BIZ,Tools,,2026-01-07,Home Depot,Pliers,1837,[],,strong,gm-19bae80800798f37,The Home Depot,2026-01-07,39355,posted,PAUL,6510,OVERHEAD,https://drive.google.com/file/d/1ZVDEqXlk7twrRuzyK-JsTl3VhzsqLH7I/view?usp=drivesdk,https://mail.google.com/mail/u/0/#all/19bae80800798f37,13,2281
BIZ-4,RECAST BIZ,Tools,,2026-01-07,Home Depot,Tape Measure,3244,[],,strong,gm-19bae80800798f37,The Home Depot,2026-01-07,39355,posted,PAUL,6510,OVERHEAD,https://drive.google.com/file/d/1ZVDEqXlk7twrRuzyK-JsTl3VhzsqLH7I/view?usp=drivesdk,https://mail.google.com/mail/u/0/#all/19bae80800798f37,13,2281
BIZ-5,RECAST BIZ,Tools,,2026-01-07,Home Depot,Dewalt Drill Bits,2703,[],,strong,gm-19bae80800798f37,The Home Depot,2026-01-07,39355,posted,PAUL,6510,OVERHEAD,https://drive.google.com/file/d/1ZVDEqXlk7twrRuzyK-JsTl3VhzsqLH7I/view?usp=drivesdk,https://mail.google.com/mail/u/0/#all/19bae80800798f37,13,2281
BIZ-6,RECAST BIZ,Tools,,2026-01-07,Home Depot,Utility Knives,1611,[],,strong,gm-19bae80800798f37,The Home Depot,2026-01-07,39355,posted,PAUL,6510,OVERHEAD,https://drive.google.com/file/d/1ZVDEqXlk7twrRuzyK-JsTl3VhzsqLH7I/view?usp=drivesdk,https://mail.google.com/mail/u/0/#all/19bae80800798f37,13,2281
BIZ-7,RECAST BIZ,Tools,,2026-01-07,Home Depot,Flatbar,1945,[],,strong,gm-19bae80800798f37,The Home Depot,2026-01-07,39355,posted,PAUL,6510,OVERHEAD,https://drive.google.com/file/d/1ZVDEqXlk7twrRuzyK-JsTl3VhzsqLH7I/view?usp=drivesdk,https://mail.google.com/mail/u/0/#all/19bae80800798f37,13,2281
BIZ-8,RECAST BIZ,Tools,,2026-01-07,Home Depot,Pliers,1621,[],,strong,gm-19bae80800798f37,The Home Depot,2026-01-07,39355,posted,PAUL,6510,OVERHEAD,https://drive.google.com/file/d/1ZVDEqXlk7twrRuzyK-JsTl3VhzsqLH7I/view?usp=drivesdk,https://mail.google.com/mail/u/0/#all/19bae80800798f37,13,2281
BIZ-9,RECAST BIZ,Tools,,2026-01-07,Home Depot,Screwdrivers,2162,[],,strong,gm-19bae80800798f37,The Home Depot,2026-01-07,39355,posted,PAUL,6510,OVERHEAD,https://drive.google.com/file/d/1ZVDEqXlk7twrRuzyK-JsTl3VhzsqLH7I/view?usp=drivesdk,https://mail.google.com/mail/u/0/#all/19bae80800798f37,13,2281
BIZ-10,RECAST BIZ,Tools,,2026-01-07,Home Depot,Bin/Tote,2163,[],,strong,gm-19bae80800798f37,The Home Depot,2026-01-07,39355,posted,PAUL,6510,OVERHEAD,https://drive.google.com/file/d/1ZVDEqXlk7twrRuzyK-JsTl3VhzsqLH7I/view?usp=drivesdk,https://mail.google.com/mail/u/0/#all/19bae80800798f37,13,2281
BIZ-11,RECAST BIZ,Tools,,2026-01-08,Home Depot,J Hook Straps,2377,[],,strong,gm-19b9ef373c8332d3,The Home Depot,2026-01-08,12277,pending,PAUL,1030,104 Ashburne,,https://mail.google.com/mail/u/0/#all/19b9ef373c8332d3,2,8657
BIZ-12,RECAST BIZ,Tools,,2026-01-11,Home Depot,Drill Bit,1404,[],,strong,gm-19badcf888c0b1cb,The Home Depot,2026-01-11,17063,dismissed,PAUL,1030,104 Ashburne,https://drive.google.com/file/d/18kwSM9i62HT2pKEvr0gnuCMlvVbSj008/view?usp=drivesdk,https://mail.google.com/mail/u/0/#all/19badcf888c0b1cb,11,1584
BIZ-13,RECAST BIZ,Tools,,2026-01-11,Home Depot,Flush Saw,2378,[],,strong,gm-19badcf888c0b1cb,The Home Depot,2026-01-11,17063,dismissed,PAUL,1030,104 Ashburne,https://drive.google.com/file/d/18kwSM9i62HT2pKEvr0gnuCMlvVbSj008/view?usp=drivesdk,https://mail.google.com/mail/u/0/#all/19badcf888c0b1cb,11,1584
BIZ-14,RECAST BIZ,Tools,,2026-01-11,Home Depot,Drill Bit,1404,[],,strong,gm-19badcf888c0b1cb,The Home Depot,2026-01-11,17063,dismissed,PAUL,1030,104 Ashburne,https://drive.google.com/file/d/18kwSM9i62HT2pKEvr0gnuCMlvVbSj008/view?usp=drivesdk,https://mail.google.com/mail/u/0/#all/19badcf888c0b1cb,11,1584
BIZ-15,RECAST BIZ,Tools,,2026-01-11,Home Depot,Bin/Tote,3137,[],,strong,gm-19badcf888c0b1cb,The Home Depot,2026-01-11,17063,dismissed,PAUL,1030,104 Ashburne,https://drive.google.com/file/d/18kwSM9i62HT2pKEvr0gnuCMlvVbSj008/view?usp=drivesdk,https://mail.google.com/mail/u/0/#all/19badcf888c0b1cb,11,1584
BIZ-16,RECAST BIZ,Tools,,2026-01-11,Amazon,GRK bits,515,[],,strong,gm-19c01b7410af7c7f,Amazon,2026-01-11,515,posted,PAUL,1030,104 Ashburne,,https://mail.google.com/mail/u/0/#all/19c01b7410af7c7f,1,0
BIZ-17,RECAST BIZ,Tools,,2026-01-14,Home Depot,Allen Wrenches,1079,[],,strong,gm-19bbd41a87b2b698,The Home Depot,2026-01-14,2025,pending,PAUL,1030,104 Ashburne,,https://mail.google.com/mail/u/0/#all/19bbd41a87b2b698,2,0
BIZ-18,RECAST BIZ,Tools,,2026-01-14,Home Depot,Drywall Saw,1296,[],,strong,gm-19bbe38eb7de0851,The Home Depot,2026-01-14,1296,dismissed,PAUL,6510,OVERHEAD,https://drive.google.com/file/d/1DKVgGuAINmJq1a8PIO6g8kf9HDgink_z/view?usp=drivesdk,https://mail.google.com/mail/u/0/#all/19bbe38eb7de0851,1,0
BIZ-19,RECAST BIZ,Tools,,2026-01-15,Home Depot,Milwaulkie Drill,21542,[],,strong,gm-19bc2ac9659bedac,The Home Depot,2026-01-15,24867,posted,PAUL,1030,104 Ashburne,https://drive.google.com/file/d/1nphP8iGvvw2ts4HMcQe1-QtT1B9z3VKk/view?usp=drivesdk,https://mail.google.com/mail/u/0/#all/19bc2ac9659bedac,2,2462
BIZ-20,RECAST BIZ,Tools,,2026-01-15,Home Depot,Forsner Bit,863,[],,strong,gm-19bc2ac9659bedac,The Home Depot,2026-01-15,24867,posted,PAUL,1030,104 Ashburne,https://drive.google.com/file/d/1nphP8iGvvw2ts4HMcQe1-QtT1B9z3VKk/view?usp=drivesdk,https://mail.google.com/mail/u/0/#all/19bc2ac9659bedac,2,2462
BIZ-21,RECAST BIZ,Tools,,2026-01-15,Home Depot,Mag Bit,734,[],,strong,gm-19bc2775a6872115,The Home Depot,2026-01-15,24867,dismissed,PAUL,1030,104 Ashburne,https://drive.google.com/file/d/1acVtswFO50RlOSwOYQKl42vmBcozM4os/view?usp=drivesdk,https://mail.google.com/mail/u/0/#all/19bc2775a6872115,2,23399
BIZ-22,RECAST BIZ,Tools,,2026-01-20,Amazon,Space Heaters,16998,[],,weak,gm-19c01b85d135afa6,Amazon,2026-01-20,27622,posted,PAUL,1040,104 Ashburne,,https://mail.google.com/mail/u/0/#all/19c01b85d135afa6,0,
BIZ-23,RECAST BIZ,Tools,,2026-02-10,Home Depot,1/2 wire pipe brush,484,[],,strong,gm-19c488e7c2b56593,The Home Depot,2026-02-10,20087,dismissed,PAUL,1030,104 Ashburne,https://drive.google.com/file/d/1DKM42Kn2v0aYUyOxH7gYQM0cCdCY4j_C/view?usp=drivesdk,https://mail.google.com/mail/u/0/#all/19c488e7c2b56593,7,0
BIZ-24,RECAST BIZ,Tools,,2026-02-10,Home Depot,1/2 pipe cutter,1729,[],,strong,gm-19c488e7c2b56593,The Home Depot,2026-02-10,20087,dismissed,PAUL,1030,104 Ashburne,https://drive.google.com/file/d/1DKM42Kn2v0aYUyOxH7gYQM0cCdCY4j_C/view?usp=drivesdk,https://mail.google.com/mail/u/0/#all/19c488e7c2b56593,7,0
BIZ-25,RECAST BIZ,Tools,,2026-02-10,Home Depot,Bin/tote,3137,[],,strong,gm-19c488e7c2b56593,The Home Depot,2026-02-10,20087,dismissed,PAUL,1030,104 Ashburne,https://drive.google.com/file/d/1DKM42Kn2v0aYUyOxH7gYQM0cCdCY4j_C/view?usp=drivesdk,https://mail.google.com/mail/u/0/#all/19c488e7c2b56593,7,0
BIZ-26,RECAST BIZ,Tools,,2026-02-10,Lowes,Tape Measure,2596,[],,strong,gm-19cf79150281a75a,"Lowe's Home Centers, LLC",2026-03-16,46573,posted,PAUL,1030,104 Ashburne,https://drive.google.com/file/d/1a0DTuwV1XP-1DnlEIGKsY6gJ2GtCfNFI/view?usp=drivesdk,https://mail.google.com/mail/u/0/#all/19cf79150281a75a,8,0
BIZ-27,RECAST BIZ,Tools,,2026-02-12,Home Depot,Shovel,2488,[],,strong,gm-19c529f443b9a66e,The Home Depot,2026-02-12,15667,pending,PAUL,6510,OVERHEAD,,https://mail.google.com/mail/u/0/#all/19c529f443b9a66e,4,6567
BIZ-28,RECAST BIZ,Tools,,2026-02-13,Home Depot,Miter Saw Stand,13964,[],,strong,gm-19c576d1036e4a39,The Home Depot,2026-02-13,14341,posted,PAUL,1030,104 Ashburne,https://drive.google.com/file/d/1deGUzi8y68f1aSrD8FP3YYWyuViEaNoI/view?usp=drivesdk,https://mail.google.com/mail/u/0/#all/19c576d1036e4a39,2,0
BIZ-29,RECAST BIZ,Tools,,2026-02-14,Home Depot,Saw,24789,[],,strong,gm-19c5d297b5829e55,The Home Depot,2026-02-14,35312,posted,PAUL,6510,OVERHEAD,https://drive.google.com/file/d/1d7L_wzfiuV5TXD1bFSEh-si0uuSZ46y2/view?usp=drivesdk,https://mail.google.com/mail/u/0/#all/19c5d297b5829e55,4,1004
BIZ-30,RECAST BIZ,Tools,,2026-02-14,Home Depot,Ram Set Driver,4110,[],,strong,gm-19c5d297b5829e55,The Home Depot,2026-02-14,35312,posted,PAUL,6510,OVERHEAD,https://drive.google.com/file/d/1d7L_wzfiuV5TXD1bFSEh-si0uuSZ46y2/view?usp=drivesdk,https://mail.google.com/mail/u/0/#all/19c5d297b5829e55,4,1004
BIZ-31,RECAST BIZ,Tools,,2026-02-15,Home Depot,Saw Blade,1188,[],,strong,gm-19c66a1cdb487a56,The Home Depot,2026-02-16,18338,dismissed,PAUL,6510,OVERHEAD,https://drive.google.com/file/d/1LWOHxyo0yarxeZRyUfHTkNcRJF-6NklW/view?usp=drivesdk,https://mail.google.com/mail/u/0/#all/19c66a1cdb487a56,6,541
BIZ-32,RECAST BIZ,Tools,,2026-02-16,Home Depot,Saw Horses,5951,[],,strong,gm-19c66a1cdb487a56,The Home Depot,2026-02-16,18338,dismissed,PAUL,6510,OVERHEAD,https://drive.google.com/file/d/1LWOHxyo0yarxeZRyUfHTkNcRJF-6NklW/view?usp=drivesdk,https://mail.google.com/mail/u/0/#all/19c66a1cdb487a56,6,541
BIZ-33,RECAST BIZ,Tools,,2026-02-16,Home Depot,Scrapers,2375,[],,strong,gm-19caba0d41d86d9b,The Home Depot,2026-03-01,20719,pending,PAUL,1030,104 Ashburne,,https://mail.google.com/mail/u/0/#all/19caba0d41d86d9b,8,0
BIZ-34,RECAST BIZ,Tools,,2026-02-16,Harbor Freight,Masonary Drill Bits,1081,[],,strong,gm-19c678226649aa40,Harbor Freight Tools,2026-02-16,25077,pending,PAUL,1030,104 Ashburne,,https://mail.google.com/mail/u/0/#all/19c678226649aa40,7,10581
BIZ-35,RECAST BIZ,Tools,,2026-02-16,Harbor Freight,Wire Strippers,2164,[],,strong,gm-19c678226649aa40,Harbor Freight Tools,2026-02-16,25077,pending,PAUL,1030,104 Ashburne,,https://mail.google.com/mail/u/0/#all/19c678226649aa40,7,10581
BIZ-36,RECAST BIZ,Tools,,2026-02-16,Harbor Freight,Roto Hammer Bits,3462,[],,strong,gm-19c678226649aa40,Harbor Freight Tools,2026-02-16,25077,pending,PAUL,1030,104 Ashburne,,https://mail.google.com/mail/u/0/#all/19c678226649aa40,7,10581
BIZ-37,RECAST BIZ,Tools,,2026-02-16,Harbor Freight,Roto Hammer Drill,12448,[],,weak,gm-19c678226649aa40,Harbor Freight Tools,2026-02-16,25077,pending,PAUL,1030,104 Ashburne,,https://mail.google.com/mail/u/0/#all/19c678226649aa40,7,
BIZ-38,RECAST BIZ,Tools,,2026-02-16,Harbor Freight,Stapler,4329,[],,strong,gm-19c678226649aa40,Harbor Freight Tools,2026-02-16,25077,pending,PAUL,1030,104 Ashburne,,https://mail.google.com/mail/u/0/#all/19c678226649aa40,7,10581
BIZ-39,RECAST BIZ,Tools,,2026-02-16,Harbor Freight,Extension Cord,2705,[],,strong,gm-19c678226649aa40,Harbor Freight Tools,2026-02-16,25077,pending,PAUL,1030,104 Ashburne,,https://mail.google.com/mail/u/0/#all/19c678226649aa40,7,10581
BIZ-40,RECAST BIZ,Tools,,2026-02-17,Home Depot,Shark Bite Tool,265,[],,strong,gm-19caba0d41d86d9b,The Home Depot,2026-03-01,20719,pending,PAUL,1030,104 Ashburne,,https://mail.google.com/mail/u/0/#all/19caba0d41d86d9b,8,0
BIZ-41,RECAST BIZ,Tools,,2026-02-17,Home Depot,Tub Drain Wrench,1296,[],,strong,gm-19c6be8d0bd458c9,The Home Depot,2026-02-17,6755,dismissed,PAUL,1030,104 Ashburne,https://drive.google.com/file/d/1ABT-SXtJzBn3B68By2GfyyIEM0lf-6IY/view?usp=drivesdk,https://mail.google.com/mail/u/0/#all/19c6be8d0bd458c9,2,4163
BIZ-42,RECAST BIZ,Tools,,2026-02-18,Home Depot,Speed Square,1946,[],,strong,gm-19c7092d542413e0,The Home Depot,2026-02-18,6956,dismissed,PAUL,1030,104 Ashburne,https://drive.google.com/file/d/1ZaeV34-njGwfksiujmaF7ZrC-ABFg6bA/view?usp=drivesdk,https://mail.google.com/mail/u/0/#all/19c7092d542413e0,5,0
BIZ-43,RECAST BIZ,Tools,,2026-02-18,Home Depot,Adjustable Square,1296,[],,strong,gm-19c6be8d0bd458c9,The Home Depot,2026-02-17,6755,dismissed,PAUL,1030,104 Ashburne,https://drive.google.com/file/d/1ABT-SXtJzBn3B68By2GfyyIEM0lf-6IY/view?usp=drivesdk,https://mail.google.com/mail/u/0/#all/19c6be8d0bd458c9,2,4163
BIZ-44,RECAST BIZ,Tools,,2026-02-19,Home Depot,Bin/Tote,3137,[],,strong,gm-19c768d3b6197026,The Home Depot,2026-02-19,39012,dismissed,PAUL,1030,104 Ashburne,https://drive.google.com/file/d/1981pmNyhpzmog5-cgUGTTb3rjMxSE14Q/view?usp=drivesdk,https://mail.google.com/mail/u/0/#all/19c768d3b6197026,9,-454
BIZ-45,RECAST BIZ,Tools,,2026-02-19,Home Depot,Utiliy Knives,2378,[],,strong,gm-19c768d3b6197026,The Home Depot,2026-02-19,39012,dismissed,PAUL,1030,104 Ashburne,https://drive.google.com/file/d/1981pmNyhpzmog5-cgUGTTb3rjMxSE14Q/view?usp=drivesdk,https://mail.google.com/mail/u/0/#all/19c768d3b6197026,9,-454
BIZ-46,RECAST BIZ,Tools,,2026-02-20,Home Depot,Pipe cutter,1729,[],,strong,gm-19c7bb272d77da5a,The Home Depot,2026-02-20,13507,dismissed,PAUL,1030,104 Ashburne,https://drive.google.com/file/d/10cINuDYio3iwttUc8IRW1OR-px6sXc6V/view?usp=drivesdk,https://mail.google.com/mail/u/0/#all/19c7bb272d77da5a,1,11778
BIZ-47,RECAST BIZ,Tools,,2026-03-02,Home Depot,Hole Punches,2270,[],,strong,gm-19caf33c58069d0d,The Home Depot,2026-03-02,21969,pending,PAUL,6510,OVERHEAD,,https://mail.google.com/mail/u/0/#all/19caf33c58069d0d,2,0
BIZ-48,RECAST BIZ,Tools,,2026-03-02,Home Depot,Sunp Pump & Hose,19699,[],,strong,gm-19caf33c58069d0d,The Home Depot,2026-03-02,21969,pending,PAUL,6510,OVERHEAD,,https://mail.google.com/mail/u/0/#all/19caf33c58069d0d,2,0
BIZ-49,RECAST BIZ,Tools,,2026-03-11,Home Depot,Tool Bag,2921,[],,strong,gm-19cde962bea0354f,The Home Depot,2026-03-11,4377,dismissed,PAUL,6510,OVERHEAD,https://drive.google.com/file/d/1gZA5gdGfSyjnCAn3lTYWXoJzuRYOiYSk/view?usp=drivesdk,https://mail.google.com/mail/u/0/#all/19cde962bea0354f,1,1456
BIZ-50,RECAST BIZ,Tools,,2026-03-12,Home Depot,Finish Nailer & Charger,62569,[],,strong,gm-19ce39f32dd9c9c0,The Home Depot,2026-03-12,67329,pending,PAUL,1030,104 Ashburne,,https://mail.google.com/mail/u/0/#all/19ce39f32dd9c9c0,2,-1
BIZ-51,RECAST BIZ,Tools,,2026-03-15,Home Depot,Tool Bags,10496,[],,strong,gm-19cf2444d6efb00f,The Home Depot,2026-03-15,31359,dismissed,PAUL,1030,104 Ashburne,https://drive.google.com/file/d/1-edI43EIwShtWAM_tngrOn0saxuC1osZ/view?usp=drivesdk,https://mail.google.com/mail/u/0/#all/19cf2444d6efb00f,10,753
BIZ-52,RECAST BIZ,Tools,,2026-03-15,Home Depot,Sander,7033,[],,strong,gm-19cf2444d6efb00f,The Home Depot,2026-03-15,31359,dismissed,PAUL,1030,104 Ashburne,https://drive.google.com/file/d/1-edI43EIwShtWAM_tngrOn0saxuC1osZ/view?usp=drivesdk,https://mail.google.com/mail/u/0/#all/19cf2444d6efb00f,10,753
BIZ-53,RECAST BIZ,Tools,,2026-03-15,Lowes,Level,1405,[],,strong,gm-19cf25c0bd386e41,"Lowe's Home Centers, LLC",2026-03-15,1405,posted,PAUL,6510,OVERHEAD,https://drive.google.com/file/d/1EOC-K7bCn9ly0b-UN91I1rAM00bWOM8F/view?usp=drivesdk,https://mail.google.com/mail/u/0/#all/19cf25c0bd386e41,1,0
BIZ-54,RECAST BIZ,Tools,,2026-03-19,Harbor Frieght,Pressure Washer ,40267,[],,strong,gm-19d0639545d977c3,Harbor Freight,2026-03-19,40267,dismissed,PAUL,6510,OVERHEAD,https://drive.google.com/file/d/1iqjFaIDnQkB7N4l6EgQX2iQ7f6r03qAc/view?usp=drivesdk,https://mail.google.com/mail/u/0/#all/19d0639545d977c3,1,0
BIZ-55,RECAST BIZ,Tools,,2026-04-01,Home Depot,Angle Grinder,9634,[],,strong,gm-19d4918fa3edc702,The Home Depot,2026-04-01,28109,dismissed,PAUL,1030,104 Ashburne,https://drive.google.com/file/d/1DQUzfVhHrQ-KzJy5jqxXXLbJpVT687ld/view?usp=drivesdk,https://mail.google.com/mail/u/0/#all/19d4918fa3edc702,2,14984
BIZ-56,RECAST BIZ,Tools,,2026-04-01,Home Depot,Drill bits,2108,[],,weak,gm-19d4918fa3edc702,The Home Depot,2026-04-01,28109,dismissed,PAUL,1030,104 Ashburne,https://drive.google.com/file/d/1DQUzfVhHrQ-KzJy5jqxXXLbJpVT687ld/view?usp=drivesdk,https://mail.google.com/mail/u/0/#all/19d4918fa3edc702,2,
BIZ-57,RECAST BIZ,Tools,,2026-04-03,Harbor Frieght,Circ Saw,8225,[],,strong,gm-19d5372eebc4fd19,Harbor Freight,2026-04-03,8225,posted,PAUL,6510,OVERHEAD,https://drive.google.com/file/d/1Vt1g-ESBEqheSw31JlR1t3btoUiHeeps/view?usp=drivesdk,https://mail.google.com/mail/u/0/#all/19d5372eebc4fd19,1,0
BIZ-58,RECAST BIZ,Tools,,2026-04-05,Home Depot,Drill Bit,5409,[],,weak,gm-19ccf1f38113d4f9,The Home Depot,2026-03-08,10675,posted,PAUL,1030,104 Ashburne,https://drive.google.com/file/d/1YZP3vIlLKmDqA2Z2GYHiZhc4rLiQN0Xv/view?usp=drivesdk,https://mail.google.com/mail/u/0/#all/19ccf1f38113d4f9,3,
BIZ-59,RECAST BIZ,Tools,,2026-04-09,Home Depot,Wire Strippers,1729,[],,strong,gm-19d7301fafc82a83,The Home Depot,2026-04-09,11124,dismissed,PAUL,1030,104 Ashburne,https://drive.google.com/file/d/1oVwucDJ4e1Y9iN6uDeSYUKUG_4c3gHI9/view?usp=drivesdk,https://mail.google.com/mail/u/0/#all/19d7301fafc82a83,3,1612
BIZ-60,RECAST BIZ,Tools,,2026-04-13,Home Depot,Jig Saw,12698,[],,strong,gm-19d89042467353f7,The Home Depot,2026-04-13,12698,dismissed,PAUL,6510,OVERHEAD,https://drive.google.com/file/d/1IYKKZJiS-O81vaHOwwtZ0vL9LJLtotrV/view?usp=drivesdk,https://mail.google.com/mail/u/0/#all/19d89042467353f7,1,0
BIZ-61,RECAST BIZ,Tools,,2026-06-16,The Home Depot,Router,15047,[],,strong,gm-19ed8190a6945042,The Home Depot,2026-06-16,58945,pending,PAUL,1030,104 Ashburne,,https://mail.google.com/mail/u/0/#all/19ed8190a6945042,8,24169
BIZ-62,RECAST BIZ,Tools,,2026-06-16,The Home Depot,Router Bit Set,3028,[],,strong,gm-19ed8190a6945042,The Home Depot,2026-06-16,58945,pending,PAUL,1030,104 Ashburne,,https://mail.google.com/mail/u/0/#all/19ed8190a6945042,8,24169
BIZ-63,RECAST BIZ,Tools,,2026-06-16,The Home Depot,Hole Saw,4760,[],,strong,gm-19ed8190a6945042,The Home Depot,2026-06-16,58945,pending,PAUL,1030,104 Ashburne,,https://mail.google.com/mail/u/0/#all/19ed8190a6945042,8,24169
BIZ-64,RECAST BIZ,Tools,,2026-06-17,The Home Depot,Hole Saw Bit,2920,[],,strong,gm-19ed8195997d06ad,The Home Depot,2026-06-17,7788,posted,PAUL,6510,OVERHEAD,https://drive.google.com/file/d/1RJK6W8exngKBTL9dhJVHUWLaJtJdP2ft/view?usp=drivesdk,https://mail.google.com/mail/u/0/#all/19ed8195997d06ad,2,1947
BIZ-65,RECAST BIZ,Tools,,2026-06-17,The Home Depot,Tool Bag,2921,[],,strong,gm-19ed8195997d06ad,The Home Depot,2026-06-17,7788,posted,PAUL,6510,OVERHEAD,https://drive.google.com/file/d/1RJK6W8exngKBTL9dhJVHUWLaJtJdP2ft/view?usp=drivesdk,https://mail.google.com/mail/u/0/#all/19ed8195997d06ad,2,1947
BIZ-66,RECAST BIZ,Tools,,2026-06-17,The Home Depot,Screwdrivers,1837,[],,strong,gm-19edc17308bcd897,The Home Depot,2026-06-18,9636,error,PAUL,1030,104 Ashburne,,https://mail.google.com/mail/u/0/#all/19edc17308bcd897,3,6974
BIZ-67,RECAST BIZ,Tools,,2026-06-29,The Home Depot,"CHANNELLOCK 12"" TONGUE & GROOVE PLIER",2703,[],,weak,gm-19f13a69198b2b6c,The Home Depot,2026-06-29,3740,posted,PAUL,6510,OVERHEAD,https://drive.google.com/file/d/1FGi9_EegpWd4aTwTVME7KCpdXgTVVCT0/view?usp=drivesdk,https://mail.google.com/mail/u/0/#all/19f13a69198b2b6c,2,
BIZ-68,RECAST BIZ,Tools,,2026-08-07,The Home Depot,Milwaukee M12 FUEL Wet/Dry Vacuum (SKU 045242568116),16129,[],,id,gm-19fdce59eb5592c7,The Home Depot,2026-08-07,16129,posted,PAUL,6510,OVERHEAD,https://drive.google.com/file/d/11_r8UguQ_2I-0CPP2xYdlMNjdA_2TF8f/view?usp=drivesdk,https://mail.google.com/mail/u/0/#all/19fdce59eb5592c7,1,0
BIZ-69,RECAST BIZ,Tools,,2026-08-10,The Home Depot,MKE M18 FUEL PACKOUT WET/DRY VAC (Milwaukee M18 Fuel Packout wet/dry vacuum),21542,[],,id,gm-19fece1687a92b8b,The Home Depot,2026-08-10,21542,posted,PAUL,6510,OVERHEAD,https://drive.google.com/file/d/1vSuJAmWFfYkTXXrvyrlqQCG0pdS2Ow2v/view?usp=drivesdk,https://mail.google.com/mail/u/0/#all/19fece1687a92b8b,1,0
BIZ-70,RECAST BIZ,Tools,,2026-08-10,Harbor Freight,HERCULES 4-1/2 in. 24T General-Purpose Circular Saw Blade (item 72739),1623,[],,id,gm-19fecb581cba0200,Harbor Freight Tools,2026-08-10,1623,pending,PAUL,6510,OVERHEAD,,https://mail.google.com/mail/u/0/#all/19fecb581cba0200,1,0
BIZ-71,RECAST BIZ,Tools,,2026-08-14,The Home Depot,"Milwaukee M18 FUEL 6-1/2 in. Circular Saw (tool only, 045242852208)",24789,[],,id,gm-1a00080f119b0d42,The Home Depot,2026-08-14,24789,dismissed,PAUL,6510,OVERHEAD,https://drive.google.com/file/d/1kLbC8h2_6rnyFgWrQCALNkmpnAm7xhQi/view?usp=drivesdk,https://mail.google.com/mail/u/0/#all/1a00080f119b0d42,1,0
BIZ-72,RECAST BIZ,Tools,,2026-09-02,The Home Depot,Husky 2-Tier Plastic 4-Wheeled Service Cart in Black (SKU 1000005206) incl. $7.0,15805,[],,id,gm-1a0637f9de324f8d,The Home Depot,2026-09-02,15805,pending,UNKNOWN,6510,OVERHEAD,,https://mail.google.com/mail/u/0/#all/1a0637f9de324f8d,1,0
BIZ-73,RECAST BIZ,Tools,,2026-09-05,"Lowe's Home Centers, LLC","KB 55-PC 3/8-INDR MECH SE (Kobalt 55-piece 3/8-in drive mechanic's tool set, ite",6493,[],,id,gm-1a07217d8a060601,"Lowe's Home Centers, LLC",2026-09-05,6493,dismissed,PAUL,6510,OVERHEAD,https://drive.google.com/file/d/1FjVZ5D6i_SUK6LNfqMc2x1LdNofl2sQb/view?usp=drivesdk,https://mail.google.com/mail/u/0/#all/1a07217d8a060601,1,0
BIZ-74,RECAST BIZ,Materials,,2026-05-30,Lowe's Home Improvement,"1/2IN X 6IN Cut-Off Riser, Poly (irrigation/sprinkler riser, item #5225374)",92,[],,id,gm-19e79a903622d62d,"Lowe's Home Centers, LLC",2026-05-30,2458,pending,PAUL,,,,https://mail.google.com/mail/u/0/#all/19e79a903622d62d,2,1405
BIZ-75,RECAST BIZ,Materials,,2026-05-30,Lowe's Home Improvement,"1/2-IN K1 Rotor (K-Rain K1 sprinkler rotor head, item #280217)",961,[],,id,gm-19e79a903622d62d,"Lowe's Home Centers, LLC",2026-05-30,2458,pending,PAUL,,,,https://mail.google.com/mail/u/0/#all/19e79a903622d62d,2,1405
BIZ-76,RECAST BIZ,Materials,,2026-08-19,Advanced Repair Technology,ART SK101 Starter Kit (Flex-Tec HV epoxy wood repair system w/ 300LV dispensing ,20874,[],,id,gm-1a01aa2812b9cc89,Advanced Repair Technology,2026-08-19,20874,pending,UNKNOWN,6510,OVERHEAD,,https://mail.google.com/mail/u/0/#all/1a01aa2812b9cc89,1,0
BIZ-77,RECAST BIZ,Marketing,,2026-06-07,"Telnyx, LLC",Telnyx account payment / prepaid communications credit (transaction ID 297735660,500,[],,id,gm-19ea45f454339838,"Telnyx, LLC",2026-06-07,500,pending,PAUL,6400,OVERHEAD,,https://mail.google.com/mail/u/0/#all/19ea45f454339838,1,0
BIZ-78,RECAST BIZ,Marketing,,2026-06-21,VistaPrint,Real Estate Sign Riders,17099,[],,weak,gm-19ebf24ef82905c2,VistaPrint,2026-06-13,0,dismissed,PAUL,,,,https://mail.google.com/mail/u/0/#all/19ebf24ef82905c2,0,
BIZ-79,RECAST BIZ,Marketing,,2026-06-21,VistaPrint,Real Estate Yard Signs,14769,[],,strong,gm-19e2257005de0d6e,VistaPrint,2026-05-13,40584,posted,PAUL,6000,OVERHEAD,,https://mail.google.com/mail/u/0/#all/19e2257005de0d6e,1,25815
BIZ-80,RECAST BIZ,Marketing,,2026-06-24,The Home Depot,Zip ties for signs,673,[],,weak,gm-19f0e8b993f57cd0,The Home Depot,2026-06-28,635,posted,PAUL,1030,136 Bowling Green,https://drive.google.com/file/d/1LDbnvaDUWaehYpm43Pn3u2YCPeYJv8cg/view?usp=drivesdk,https://mail.google.com/mail/u/0/#all/19f0e8b993f57cd0,1,
BIZ-81,RECAST BIZ,Marketing,,2026-06-28,Uber,Gift card for 280 sparkling neighbors,10000,[],,id,gm-19f105b8c0ff655c,Uber,2026-06-28,10000,pending,PAUL,6720,OVERHEAD,,https://mail.google.com/mail/u/0/#all/19f105b8c0ff655c,1,0
BIZ-82,RECAST BIZ,Marketing,,2026-09-02,Telnyx LLC,Telnyx account payment - VoIP/telephony service credit (transaction #30404046459,500,[],,id,gm-1a0645b04525b4ed,"Telnyx, LLC",2026-09-02,500,dismissed,PAUL,6400,OVERHEAD,,https://mail.google.com/mail/u/0/#all/1a0645b04525b4ed,1,0
BIZ-83,RECAST BIZ,Marketing,,2026-06-08,"Telnyx, LLC",Telnyx account payment,500,[],,strong,gm-19ea92753a8a0957,"Telnyx, LLC",2026-06-08,500,posted,PAUL,6400,OVERHEAD,https://drive.google.com/file/d/1s1nPTYbRuATCF2PyNgzOzq3p6Jgc0nsi/view?usp=drivesdk,https://mail.google.com/mail/u/0/#all/19ea92753a8a0957,1,0
BIZ-84,RECAST BIZ,Marketing,,2026-06-09,"Telnyx, LLC",Telnyx account payment,5000,[],,strong,gm-19ead1df86fb971c,"Telnyx, LLC",2026-06-09,5000,posted,PAUL,6400,OVERHEAD,https://drive.google.com/file/d/1P-5Fb4i7p4zIhGSkh4r3wbstfkggQSSO/view?usp=drivesdk,https://mail.google.com/mail/u/0/#all/19ead1df86fb971c,1,0
BIZ-85,RECAST BIZ,Marketing,,2026-09-02,Amazon.com,Camera Gimbal - Amazon order #111-1699514-3146617 - 1 Camera item (product not s,12661,[],,id,gm-1a0622070be6c806,Amazon,2026-09-02,13706,pending,UNKNOWN,6510,OVERHEAD,,https://mail.google.com/mail/u/0/#all/1a0622070be6c806,1,1045
BIZ-86,RECAST BIZ,Marketing,,2026-09-03,Telnyx LLC,Telnyx account payment - VoIP/telephony account credit (transaction ID 304078679,500,[],,id,gm-1a06712197566970,"Telnyx, LLC",2026-09-03,500,pending,PAUL,6400,OVERHEAD,,https://mail.google.com/mail/u/0/#all/1a06712197566970,1,0
BIZ-87,RECAST BIZ,Meals,,2026-01-14,Uber Eats,Crew meal,5882,[],,weak,gm-19bbf1890ac56e0f,Uber Eats,2026-01-14,5882,dismissed,PAUL,,,,https://mail.google.com/mail/u/0/#all/19bbf1890ac56e0f,0,
BIZ-88,RECAST BIZ,Meals,,2026-01-16,Taco Casa,Crew meal,3113,[],,strong,gm-19bc7ada89276079,Taco Casa,2026-01-16,3113,pending,PAUL,6710,OVERHEAD,,https://mail.google.com/mail/u/0/#all/19bc7ada89276079,1,0
BIZ-89,RECAST BIZ,Meals,,2026-02-11,Taco Casa,Crew meal,3113,[],,strong,gm-19c524b0019a1464,Taco Casa,2026-02-11,3113,pending,PAUL,6710,OVERHEAD,,https://mail.google.com/mail/u/0/#all/19c524b0019a1464,1,0
BIZ-90,RECAST BIZ,Meals,,2026-02-18,Uber Eats,Crew meal,3758,[],,weak,gm-19c727e9cb2bf076,Uber Eats,2026-02-18,3758,dismissed,PAUL,,,,https://mail.google.com/mail/u/0/#all/19c727e9cb2bf076,0,
BIZ-91,RECAST BIZ,Meals,,2026-02-18,Uber Eats,Crew meal,13126,[],,weak,gm-19c727ecbd076934,Uber Eats,2026-02-18,13126,pending,PAUL,,,,https://mail.google.com/mail/u/0/#all/19c727ecbd076934,0,
BIZ-92,RECAST BIZ,Meals,,2026-04-11,Shell,Crew meal,2172,[],,strong,gm-19d7e6d319ca7b28,Shell,2026-04-11,2239,pending,PAUL,6710,OVERHEAD,,https://mail.google.com/mail/u/0/#all/19d7e6d319ca7b28,1,67
BIZ-93,RECAST BIZ,Meals,,2026-07-07,Butter and Grace - The Mini,Meal at Butter and Grace - The Mini,3865,[],,id,gm-19f3d8464aa86145,Butter and Grace - The Mini,2026-07-07,3815,pending,PAUL,6710,OVERHEAD,,https://mail.google.com/mail/u/0/#all/19f3d8464aa86145,1,-50
BIZ-94,RECAST BIZ,Meals,,2026-09-01,Butter & Grace,"Meal at Butter & Grace (breakfast, auction prep with Dennis, 2 guests)",2624,[],,id,gm-1a05d57329a431d5,Butter &amp; Grace,2026-09-01,2591,pending,PAUL,6710,OVERHEAD,,https://mail.google.com/mail/u/0/#all/1a05d57329a431d5,1,-33
BIZ-95,RECAST BIZ,Meals,,2026-09-07,Rosa's Cafe Tortilla Factory,"Meal at Rosa's Cafe Tortilla Factory (dine in, 09/07/26 5:50 PM, crew meal - 5 p",7219,[],,id,gm-1a07e315889c322c,Rosa's Cafe Tortilla Factory,2026-09-07,7219,pending,UNKNOWN,6710,OVERHEAD,,https://mail.google.com/mail/u/0/#all/1a07e315889c322c,1,0
BIZ-96,RECAST BIZ,Travel,,2026-01-02,American Airlines,"Main Cabin Extra seat purchase PDX-DFW (conf GPMGCC, doc #0010640735856)",6668,[],,id,gm-19b7f78e16ffe521,American Airlines,2026-01-02,6668,posted,PAUL,6700,OVERHEAD,,https://mail.google.com/mail/u/0/#all/19b7f78e16ffe521,1,0
BIZ-97,RECAST BIZ,Travel,,2026-01-03,American Airlines,"In-flight Wi-Fi flight pass (AA 2216, Viasat), order CHKWAPRTY6LJ0",2500,[],,id,gm-19b8471a1e2e4b6c,American Airlines,2026-01-03,2500,dismissed,PAUL,6700,OVERHEAD,,https://mail.google.com/mail/u/0/#all/19b8471a1e2e4b6c,1,0
BIZ-98,RECAST BIZ,Travel,,2026-01-22,American Airlines,"Preferred seat purchase (PDX-DFW), confirmation KAIZZQ, doc #0010641907322",4028,[],,id,gm-19be69823c636c61,American Airlines,2026-01-22,4028,posted,PAUL,6700,OVERHEAD,,https://mail.google.com/mail/u/0/#all/19be69823c636c61,1,0
BIZ-99,RECAST BIZ,Travel,,2026-01-23,Uber,"UberXL ride, 104 Ashburne Glen Ln Red Oak TX to DFW Airport Terminal B (37.17 mi",10143,[],,id,gm-19bed40e1c196d6f,Uber,2026-01-23,10143,posted,PAUL,6700,OVERHEAD,,https://mail.google.com/mail/u/0/#all/19bed40e1c196d6f,1,0
BIZ-100,RECAST BIZ,Travel,,2026-01-23,Uber,"UberXL ride, 2225 NE 45th Ave Portland OR to Portland International Airport (PDX",4598,[],,id,gm-19beb19737439448,Uber,2026-01-23,4598,dismissed,PAUL,6700,OVERHEAD,,https://mail.google.com/mail/u/0/#all/19beb19737439448,1,0
BIZ-101,RECAST BIZ,Travel,,2026-02-01,Uber,"UberXL ride, 2225 NE 45th Ave Portland OR to Portland International Airport (700",4899,[],,id,gm-19c19857065d6852,Uber,2026-02-01,4899,posted,PAUL,6700,OVERHEAD,,https://mail.google.com/mail/u/0/#all/19c19857065d6852,1,0
BIZ-102,RECAST BIZ,Travel,,2026-02-09,Uber,"UberXL ride, 2225 NE 45th Ave Portland OR to PDX airport (7000 NE Airport Way) —",4998,[],,id,gm-19c42eec79085e99,Uber,2026-02-09,4998,dismissed,PAUL,6700,OVERHEAD,,https://mail.google.com/mail/u/0/#all/19c42eec79085e99,1,0
BIZ-103,RECAST BIZ,Travel,,2026-02-22,American Airlines,"Airfare PDX-DFW, AA 2104, Mar 1 2026 (conf OTEQJC, ticket #0012319024984) — base",38039,[],,id,gm-19c879c07b21a2cb,American Airlines,2026-02-22,38039,posted,PAUL,6700,OVERHEAD,,https://mail.google.com/mail/u/0/#all/19c879c07b21a2cb,1,0
BIZ-104,RECAST BIZ,Travel,,2026-02-28,Uber,"UberXL ride, 2225 NE 45th Ave Portland OR to Portland International Airport (far",5198,[],,id,gm-19ca95a3b7d80ed7,Uber,2026-03-01,5198,dismissed,PAUL,6700,OVERHEAD,,https://mail.google.com/mail/u/0/#all/19ca95a3b7d80ed7,1,0
BIZ-105,RECAST BIZ,Travel,,2026-03-09,Uber,Uber ride 03/09/26 8:20 AM (trip fare $18.54 + booking fee $4.10 + TX Regulatory,2064,[],,id,gm-19cd2e224f6f1a62,Uber,2026-03-09,2064,posted,PAUL,6700,OVERHEAD,,https://mail.google.com/mail/u/0/#all/19cd2e224f6f1a62,1,0
BIZ-106,RECAST BIZ,Travel,,2026-03-17,Uber,"Uber ride, 1530 US-287 Byp Waxahachie TX to 145 Denali Way Midlothian TX (fare $",1899,[],,id,gm-19cfc84803ba58b2,Uber,2026-03-17,1899,dismissed,PAUL,6700,OVERHEAD,,https://mail.google.com/mail/u/0/#all/19cfc84803ba58b2,1,0
BIZ-107,RECAST BIZ,Travel,,2026-03-18,Uber,"Uber ride, Mar 18 2026 10:06 AM (trip fare $10.48, booking fee $2.29, fare adjus",1413,[],,id,gm-19d018c094ba828a,Uber,2026-03-18,1413,posted,PAUL,6700,OVERHEAD,,https://mail.google.com/mail/u/0/#all/19d018c094ba828a,1,0
BIZ-108,RECAST BIZ,Travel,,2026-04-12,American Airlines,"Airfare DFW-PDX, AA 685, Apr 16 2026 (conf YQHDXS, ticket #0012333554569)",35778,[],,id,gm-19d7fc50ea88346b,American Airlines,2026-04-12,35778,dismissed,PAUL,6700,OVERHEAD,,https://mail.google.com/mail/u/0/#all/19d7fc50ea88346b,1,0
BIZ-109,RECAST BIZ,Travel,,2026-04-22,American Airlines,"Airfare PDX-DFW / DFW-PDX, AA 3328 May 2 2026 & AA 2519 May 8 2026 (conf OLNTKU,",58436,[],,id,gm-19db58b5f04785a3,American Airlines,2026-04-22,58436,pending,PAUL,6700,OVERHEAD,,https://mail.google.com/mail/u/0/#all/19db58b5f04785a3,1,0
BIZ-110,RECAST BIZ,Travel,,2026-04-29,Wi-Fi Onboard (Intelsat/Alaska Airlines),"Full Flight Pass - in-flight Wi-Fi, order #425641629SSAS",800,[],,id,gm-19dd93e31070b594,Wi-Fi Onboard (Intelsat),2026-04-29,800,dismissed,PAUL,6700,OVERHEAD,,https://mail.google.com/mail/u/0/#all/19dd93e31070b594,1,0
BIZ-111,RECAST BIZ,Travel,,2026-04-29,Uber,"UberXL ride, 6326 Tremont St Dallas TX to DFW Airport (25.46 mi) incl. booking f",10318,[],,id,gm-19dd8b6fdc1e6675,Uber,2026-04-29,10318,pending,PAUL,6700,OVERHEAD,,https://mail.google.com/mail/u/0/#all/19dd8b6fdc1e6675,1,0
BIZ-112,RECAST BIZ,Travel,,2026-05-02,American Airlines,"Preferred aisle seat 16C, PDX-DFW (conf OLNTKU, doc #0010647923153) — incl. $2.5",3700,[],,id,gm-19dea69d38d734dd,American Airlines,2026-05-02,3700,posted,PAUL,6700,OVERHEAD,,https://mail.google.com/mail/u/0/#all/19dea69d38d734dd,1,0
BIZ-113,RECAST BIZ,Travel,,2026-05-03,Uber,"UberXL ride, 2225 NE 45th Ave Portland OR to PDX Airport (fare, surcharges, book",6324,[],,id,gm-19dedd5146ee87ad,Uber,2026-05-03,6324,posted,PAUL,6700,OVERHEAD,,https://mail.google.com/mail/u/0/#all/19dedd5146ee87ad,1,0
BIZ-114,RECAST BIZ,Travel,,2026-05-19,American Airlines,"Airfare DFW-LAX-PDX, AA 500/AA 6189, Jun 3 2026 (conf YVJBCJ, ticket #0012344001",27520,[],,id,gm-19e405b93f31acd0,American Airlines,2026-05-19,27520,posted,PAUL,6700,OVERHEAD,,https://mail.google.com/mail/u/0/#all/19e405b93f31acd0,1,0
BIZ-115,RECAST BIZ,Travel,,2026-05-19,American Airlines,"Award ticket PDX-DFW, AA 982, May 26 2026 (conf NCSQUQ, ticket 0012344000129) — ",560,[],,id,gm-19e405194f5a413e,American Airlines,2026-05-19,5160,posted,PAUL,6700,OVERHEAD,,https://mail.google.com/mail/u/0/#all/19e405194f5a413e,2,0
BIZ-116,RECAST BIZ,Travel,,2026-05-19,American Airlines,"Preferred seat assignment PDX-DFW (doc 0010648986695), incl. taxes/carrier fees",4600,[],,id,gm-19e405194f5a413e,American Airlines,2026-05-19,5160,posted,PAUL,6700,OVERHEAD,,https://mail.google.com/mail/u/0/#all/19e405194f5a413e,2,0
BIZ-117,RECAST BIZ,Travel,,2026-05-23,Uber,"Uber trip 05/23/26 5:04 PM, Portland OR (trip fare $28.35 + booking fee $3.52 + ",3398,[],,id,gm-19e575bcb9c67408,Uber,2026-05-23,3398,pending,PAUL,6700,OVERHEAD,,https://mail.google.com/mail/u/0/#all/19e575bcb9c67408,1,0
BIZ-118,RECAST BIZ,Travel,,2026-05-25,Uber,"UberXL ride, 2225 NE 45th Ave Portland OR to Portland International Airport (5.4",5498,[],,id,gm-19e63f46ec94b47a,Uber,2026-05-26,5498,dismissed,PAUL,6700,OVERHEAD,,https://mail.google.com/mail/u/0/#all/19e63f46ec94b47a,1,0
BIZ-119,RECAST BIZ,Travel,,2026-05-26,American Airlines,"Checked baggage fee (up to 50 lb/23 kg, 62 linear in), PDX-DFW, AA flight 982",5000,[],,id,gm-19e63fb070533aa3,American Airlines,2026-05-26,5000,dismissed,PAUL,6700,OVERHEAD,https://drive.google.com/file/d/1XQbFV1hYMPUIpwc-YrBMy26138uPa5Mc/view?usp=drivesdk,https://mail.google.com/mail/u/0/#all/19e63fb070533aa3,1,0
BIZ-120,RECAST BIZ,Travel,,2026-05-26,Uber,"UberXL ride, 2225 NE 45th Ave Portland OR to PDX Airport (5.47 mi) — fare $36.32",4498,[],,id,gm-19e63ebf700adc21,Uber,2026-05-26,4498,dismissed,PAUL,6700,OVERHEAD,,https://mail.google.com/mail/u/0/#all/19e63ebf700adc21,1,0
BIZ-121,RECAST BIZ,Travel,,2026-05-26,Uber,"UberXL ride, DFW Airport Terminal C to 145 Denali Way, Midlothian TX (48.90 mi) ",10079,[],,id,gm-19e65c38cfb62bff,Uber,2026-05-26,10079,pending,PAUL,6700,OVERHEAD,,https://mail.google.com/mail/u/0/#all/19e65c38cfb62bff,1,0
BIZ-122,RECAST BIZ,Travel,,2026-05-26,Uber,"Uber trip 05/26/26 1:09 PM (trip fare $68.21, booking fee $7.56, DFW Airport sur",8399,[],,id,gm-19e65b63793cbc49,Uber,2026-05-26,8399,posted,PAUL,6700,OVERHEAD,,https://mail.google.com/mail/u/0/#all/19e65b63793cbc49,1,0
BIZ-123,RECAST BIZ,Travel,,2026-06-02,American Airlines,"Instant Upgrade (LAX-PDX), conf YVJBCJ, doc #0014498569372 — incl. taxes & carri",20300,[],,id,gm-19e8da60ee339b4c,American Airlines,2026-06-02,20300,pending,PAUL,6700,OVERHEAD,,https://mail.google.com/mail/u/0/#all/19e8da60ee339b4c,1,0
BIZ-124,RECAST BIZ,Travel,,2026-06-02,American Airlines,"Seat purchase - 19D Main Cabin Extra, Economy aisle (DFW-LAX), conf YVJBCJ, doc ",4600,[],,id,gm-19e8da6655b4fd78,American Airlines,2026-06-02,4600,pending,PAUL,6700,OVERHEAD,,https://mail.google.com/mail/u/0/#all/19e8da6655b4fd78,1,0
BIZ-125,RECAST BIZ,Travel,,2026-06-02,Travelocity (Southwest Airlines),"Airfare DAL-DEN-PDX, Southwest 1511/4017, Jun 3 2026 (conf CWWX8B, itinerary 734",34227,[],,id,gm-19e8d223d827423f,Travelocity,2026-06-02,34227,posted,PAUL,6700,OVERHEAD,,https://mail.google.com/mail/u/0/#all/19e8d223d827423f,1,0
BIZ-126,RECAST BIZ,Travel,,2026-06-02,Southwest Airlines,"Extra Legroom seat x2, DAL-DEN-PDX, WN 1511/4017, conf CWWX8B (seats 15E, 14D)",10800,[],,id,gm-19e8bb78a4e55e51,Southwest Airlines,2026-06-02,10800,error,UNKNOWN,6700,OVERHEAD,,https://mail.google.com/mail/u/0/#all/19e8bb78a4e55e51,1,0
BIZ-127,RECAST BIZ,Travel,,2026-06-03,Uber,"UberXL ride, 145 Denali Way Midlothian TX to Dallas Love Field Airport (DAL) — 3",11398,[],,id,gm-19e8d21354ffd672,Uber,2026-06-03,9498,dismissed,PAUL,,,,https://mail.google.com/mail/u/0/#all/19e8d21354ffd672,1,-1900
BIZ-128,RECAST BIZ,Travel,,2026-06-03,Uber,"UberXL ride, Portland International Airport (PDX) to 2225 NE 45th Ave, Portland ",3148,[],,id,gm-19e910e8e29e4963,Uber,2026-06-03,3148,pending,PAUL,6700,OVERHEAD,,https://mail.google.com/mail/u/0/#all/19e910e8e29e4963,1,0
BIZ-129,RECAST BIZ,Travel,,2026-06-03,Southwest Airlines,"In-flight WiFi purchase, flight WN1511 DAL-DEN",800,[],,id,gm-19e8da5544f8de83,Southwest Airlines,2026-06-03,800,pending,PAUL,6700,OVERHEAD,,https://mail.google.com/mail/u/0/#all/19e8da5544f8de83,1,0
BIZ-130,RECAST BIZ,Travel,,2026-06-11,American Airlines,"Airfare PDX-DFW, AA 982, Jun 14 2026 (conf CVMBBG, ticket #0012350554142) — fare",47640,[],,id,gm-19eb500f2d87ef45,American Airlines,2026-06-11,47640,pending,PAUL,6700,OVERHEAD,,https://mail.google.com/mail/u/0/#all/19eb500f2d87ef45,1,0
BIZ-131,RECAST BIZ,Travel,,2026-06-13,Uber,"UberXL ride, Portland OR (2225 NE 45th Ave) — trip fare $39.48, booking fee $3.4",4499,[],,id,gm-19ec5c7f38215498,Uber,2026-06-14,4499,pending,PAUL,6700,OVERHEAD,,https://mail.google.com/mail/u/0/#all/19ec5c7f38215498,1,0
BIZ-132,RECAST BIZ,Travel,,2026-06-14,Southwest Airlines,"Extra Legroom seat (PDX-DAL, WN #264, 06/15/26, conf CO2D3A)",9600,[],,id,gm-19ec7c800ed8d214,Southwest Airlines,2026-06-14,9600,posted,PAUL,6700,OVERHEAD,,https://mail.google.com/mail/u/0/#all/19ec7c800ed8d214,1,0
BIZ-133,RECAST BIZ,Travel,,2026-06-14,Travelocity (Southwest Airlines),"Airfare PDX-DAL (Love Field) via OAK/LGB, Southwest 264, Jun 15 2026, conf CO2D3",27640,[],,id,gm-19ec6c508497414f,Travelocity,2026-06-14,27640,posted,PAUL,6700,OVERHEAD,,https://mail.google.com/mail/u/0/#all/19ec6c508497414f,1,0
BIZ-134,RECAST BIZ,Travel,,2026-06-14,Uber,"Uber cancellation fee — canceled trip Jun 14, 2026 3:57 AM (ID d27d9dc0)",720,[],,id,gm-19ec5d0e953d7fe8,Uber,2026-06-14,720,pending,PAUL,6700,OVERHEAD,,https://mail.google.com/mail/u/0/#all/19ec5d0e953d7fe8,1,0
BIZ-135,RECAST BIZ,Travel,,2026-06-15,Southwest Airlines,"In-flight WiFi purchase, flight WN264 LGB-DAL",800,[],,id,gm-19ecc2db49560ec3,Southwest Airlines,2026-06-15,800,pending,PAUL,6700,OVERHEAD,,https://mail.google.com/mail/u/0/#all/19ecc2db49560ec3,1,0
BIZ-136,RECAST BIZ,Travel,,2026-07-01,TSA Enrollment by IDEMIA (IdentoGo/Universal Enroll),1111TR - TSA PreCheck Online Renewal (UE ID UZZY-7K3218),5875,[],,id,gm-19f1e798d917dbc4,TSA Enrollment by IDEMIA (IdentoGO),2026-07-01,5875,pending,PAUL,6700,OVERHEAD,,https://mail.google.com/mail/u/0/#all/19f1e798d917dbc4,1,0
BIZ-137,RECAST BIZ,Travel,,2026-07-02,Uber,"UberXL ride, 145 Denali Way Midlothian TX to DFW Airport Terminal B (46.23 mi) —",10461,[],,id,gm-19f24489a9317d0e,Uber,2026-07-02,10461,posted,PAUL,6700,OVERHEAD,,https://mail.google.com/mail/u/0/#all/19f24489a9317d0e,1,0
BIZ-138,RECAST BIZ,Travel,,2026-07-04,Uber,"UberXL ride, Highlands Ranch CO to Denver International Airport (DEN) — 39.08 mi",11802,[],,id,gm-19f32a4a9ea6a310,Uber,2026-07-05,11802,pending,PAUL,6700,OVERHEAD,,https://mail.google.com/mail/u/0/#all/19f32a4a9ea6a310,1,0
BIZ-139,RECAST BIZ,Travel,,2026-07-04,Uber,"UberXL ride, Highlands Ranch CO to Denver International Airport (DEN), 39.08 mi ",9835,[],,id,gm-19f329d09f3c55d9,Uber,2026-07-05,9835,pending,PAUL,6700,OVERHEAD,,https://mail.google.com/mail/u/0/#all/19f329d09f3c55d9,1,0
BIZ-140,RECAST BIZ,Travel,,2026-07-05,Uber,"Uber trip 07/05/26 1:16 PM (fare $62.61, booking fee $7.18, DFW airport surcharg",7425,[],,id,gm-19f33b33613aa7d0,Uber,2026-07-05,7425,posted,PAUL,6700,OVERHEAD,,https://mail.google.com/mail/u/0/#all/19f33b33613aa7d0,1,0
BIZ-141,RECAST BIZ,Travel,,2026-07-05,Uber,"UberXL ride, DFW Airport Terminal E to Midlothian TX (44.00 mi) — fare, booking ",8910,[],,id,gm-19f33c1870883145,Uber,2026-07-05,8910,pending,PAUL,6700,OVERHEAD,,https://mail.google.com/mail/u/0/#all/19f33c1870883145,1,0
BIZ-142,RECAST BIZ,Travel,,2026-07-08,American Airlines,"Airfare DFW-PDX, AA 2287, Jul 9 2026 (conf KHRWXZ, ticket #0012357929706) incl. ",45840,[],,id,gm-19f3f3a050fb38f9,American Airlines,2026-07-08,45840,posted,PAUL,6700,OVERHEAD,,https://mail.google.com/mail/u/0/#all/19f3f3a050fb38f9,1,0
BIZ-143,RECAST BIZ,Travel,,2026-07-09,Uber,"UberXL ride, Portland International Airport (PDX) to 2225 NE 45th Ave, Portland ",3127,[],,id,gm-19f4a8381560b260,Uber,2026-07-09,3127,posted,PAUL,6700,OVERHEAD,,https://mail.google.com/mail/u/0/#all/19f4a8381560b260,1,0
BIZ-144,RECAST BIZ,Travel,,2026-07-09,Uber,"UberXL ride, 145 Denali Way, Midlothian TX to DFW Airport Terminal D (43.83 mi, ",12270,[],,id,gm-19f4910500ac3834,Uber,2026-07-09,12270,posted,PAUL,6700,OVERHEAD,,https://mail.google.com/mail/u/0/#all/19f4910500ac3834,1,0
BIZ-145,RECAST BIZ,Travel,,2026-07-28,American Airlines,"Airfare PDX-DFW, AA 2216, Aug 2 2026 (conf JWCTPO, ticket #0012363671255) — incl",55140,[],,id,gm-19fa69dce5d079c5,American Airlines,2026-07-28,55140,pending,PAUL,6700,OVERHEAD,,https://mail.google.com/mail/u/0/#all/19fa69dce5d079c5,1,0
BIZ-146,RECAST BIZ,Travel,,2026-08-02,Uber,"UberXL ride, 2225 NE 45th Ave Portland OR to Portland International Airport (PDX",5098,[],,id,gm-19fc274784e9e786,Uber,2026-08-02,5098,dismissed,PAUL,6700,OVERHEAD,,https://mail.google.com/mail/u/0/#all/19fc274784e9e786,1,0
BIZ-147,RECAST BIZ,Travel,,2026-08-02,Uber,"UberXL ride, DFW Airport Terminal C to Midlothian TX (48.90 mi) — trip fare $108",12503,[],,id,gm-19fc5fc8e6e71cfd,Uber,2026-08-02,12503,pending,PAUL,6700,OVERHEAD,,https://mail.google.com/mail/u/0/#all/19fc5fc8e6e71cfd,1,0
BIZ-148,RECAST BIZ,Travel,,2026-08-07,American Airlines,"Airfare PIA-DFW, AA 5079, Aug 10 2026 (conf DYYUCB, ticket #0012366820762) incl.",61390,[],,id,gm-19fde1e3203a1768,American Airlines,2026-08-07,61390,pending,UNKNOWN,6700,OVERHEAD,,https://mail.google.com/mail/u/0/#all/19fde1e3203a1768,1,0
BIZ-149,RECAST BIZ,Travel,,2026-08-07,Uber,"UberXL ride, Midlothian TX to 5303 Challenger Dr, Dallas TX (22.26 mi) — fare $5",7918,[],,id,gm-19fde11750868a61,Uber,2026-08-07,7918,pending,PAUL,6700,OVERHEAD,,https://mail.google.com/mail/u/0/#all/19fde11750868a61,1,0
BIZ-150,RECAST BIZ,Travel,,2026-08-10,Uber,"UberXL ride, DFW Airport Terminal E to Midlothian TX (53.52 mi), incl. airport s",14534,[],,id,gm-19fec5bf63d8125b,Uber,2026-08-10,14534,posted,PAUL,6700,OVERHEAD,,https://mail.google.com/mail/u/0/#all/19fec5bf63d8125b,1,0
BIZ-151,RECAST BIZ,Travel,,2026-08-13,Alaska Airlines,"Airfare DFW-PDX, AS 646, Aug 14 2026 (conf EWJPZS, ticket 0272155472820), incl. ",35040,[],,id,gm-19ff8f9da3b64d9f,Alaska Airlines,2026-08-13,35040,dismissed,PAUL,6700,OVERHEAD,,https://mail.google.com/mail/u/0/#all/19ff8f9da3b64d9f,1,0
BIZ-152,RECAST BIZ,Travel,,2026-08-14,Alaska Airlines,"Airfare DFW-SEA-PDX, AS 543/AS 3090, Aug 15 2026 (ticket #0272155569884, reissue",33980,[],,id,gm-19ffdaaa481f385e,Alaska Airlines,2026-08-14,33980,posted,PAUL,6700,OVERHEAD,,https://mail.google.com/mail/u/0/#all/19ffdaaa481f385e,1,0
BIZ-153,RECAST BIZ,Travel,,2026-08-15,Wi-Fi Onboard (Intelsat/Alaska Airlines),"Full Flight Pass - in-flight Wi-Fi, order #428446510SSAS",800,[],,id,gm-1a0059baff98fdaa,Wi-Fi Onboard (Intelsat),2026-08-15,800,dismissed,PAUL,6700,OVERHEAD,,https://mail.google.com/mail/u/0/#all/1a0059baff98fdaa,1,0
BIZ-154,RECAST BIZ,Travel,,2026-08-15,Uber,"UberXL ride, Midlothian TX to DFW Airport Terminal E (fare, DFW airport surcharg",11590,[],,id,gm-1a004efba293dd81,Uber,2026-08-15,11590,posted,PAUL,6700,OVERHEAD,,https://mail.google.com/mail/u/0/#all/1a004efba293dd81,1,0
BIZ-155,RECAST BIZ,Travel,,2026-08-21,American Airlines,"Airfare PDX-DFW, AA 371, Aug 30 2026 (ticket #0012370727767, conf AAZNCW) incl. ",54140,[],,id,gm-1a0244d540acaf53,American Airlines,2026-08-21,54140,pending,PAUL,6700,OVERHEAD,,https://mail.google.com/mail/u/0/#all/1a0244d540acaf53,1,0
BIZ-156,RECAST BIZ,Travel,,2026-08-30,Uber,"UberXL ride, DFW Airport Terminal B to 145 Denali Way, Midlothian TX (48.59 mi) ",12944,[],,id,gm-1a054074eaf436d8,Uber,2026-08-30,12944,pending,PAUL,6700,OVERHEAD,,https://mail.google.com/mail/u/0/#all/1a054074eaf436d8,1,0
BIZ-157,RECAST BIZ,Travel,,2026-08-30,Uber,"UberXL ride, 2225 NE 45th Ave Portland OR to PDX Main Terminal (5.51 mi) - trip ",4799,[],,id,gm-1a05299990b3e3eb,Uber,2026-08-30,4799,dismissed,PAUL,6700,OVERHEAD,,https://mail.google.com/mail/u/0/#all/1a05299990b3e3eb,1,0
BIZ-158,RECAST BIZ,Travel,,2026-09-09,Alaska Airlines,"Airfare DFW-PDX, AS 638, Sep 9 2026 (conf KPQHJU, ticket 0272158662480, First cl",55940,[],,id,gm-1a083f30d9e415bb,Alaska Airlines,2026-09-09,55940,pending,PAUL,6700,OVERHEAD,,https://mail.google.com/mail/u/0/#all/1a083f30d9e415bb,1,0
BIZ-159,RECAST BIZ,Travel,,2026-09-09,Uber,"Uber 10:59 AM 145 Denali Way, Midlothian TX -> DFW Airport (UberXL, 43.68 mi) — ",12233,[],,id,gm-1a0871e249a9c786,Uber,2026-09-09,12233,pending,PAUL,6700,OVERHEAD,,https://mail.google.com/mail/u/0/#all/1a0871e249a9c786,1,0
BIZ-160,RECAST BIZ,Travel,,2026-09-09,Wi-Fi Onboard (Intelsat/Alaska Airlines),"Full Flight Pass - in-flight Wi-Fi, order #429046472SSAS",800,[],,id,gm-1a0884827e1945bf,Wi-Fi Onboard (Intelsat),2026-09-09,800,dismissed,PAUL,6700,OVERHEAD,,https://mail.google.com/mail/u/0/#all/1a0884827e1945bf,1,0
BIZ-161,RECAST BIZ,Travel,,2026-09-09,Uber,Uber 4:18 PM Portland OR airport trip (airport surcharge $4.00; City of Portland,3239,[],,id,gm-1a0888ae58f005e9,Uber,2026-09-09,3239,dismissed,UNKNOWN,,,,https://mail.google.com/mail/u/0/#all/1a0888ae58f005e9,1,0
BIZ-162,RECAST BIZ,Travel,,2026-09-11,American Airlines,"Airfare PDX-DFW, AA 982, Sep 16 2026, seat 13D (conf WVMXWG, ticket #00123763972",34140,[],,id,gm-1a090de755523067,American Airlines,2026-09-11,34140,posted,PAUL,6700,OVERHEAD,,https://mail.google.com/mail/u/0/#all/1a090de755523067,1,0
BIZ-163,RECAST BIZ,Travel,,2026-09-16,Uber,"Uber 4:44 AM 2225 NE 45th Ave, Portland OR -> Main Terminal, Portland Internatio",4698,[],,id,gm-1a0aa14400076c3c,Uber,2026-09-16,4698,posted,PAUL,6700,OVERHEAD,,https://mail.google.com/mail/u/0/#all/1a0aa14400076c3c,1,0
BIZ-164,RECAST BIZ,Travel,,2026-09-16,Uber,Uber 11:58 AM Sep 16 2026 DFW Airport trip (DFW Airport Surcharge + DFW Terminal,9592,[],,id,gm-1a0ab5d2e5a8921f,Uber,2026-09-16,9592,pending,UNKNOWN,6700,OVERHEAD,,https://mail.google.com/mail/u/0/#all/1a0ab5d2e5a8921f,1,0
BIZ-165,RECAST BIZ,Travel,,2026-09-16,Alaska Airlines,"Airfare DFW-PDX, AS 646, Sep 18 2026 (conf IJGRKD, ticket 0272159563562)",26940,[],,id,gm-1a0ac1f04a1796a6,Alaska Airlines,2026-09-16,35340,posted,PAUL,6700,OVERHEAD,,https://mail.google.com/mail/u/0/#all/1a0ac1f04a1796a6,2,0
BIZ-166,RECAST BIZ,Travel,,2026-09-16,Alaska Airlines,"Premium Class seat purchase (17A), AS 646 DFW-PDX",8400,[],,id,gm-1a0ac1f04a1796a6,Alaska Airlines,2026-09-16,35340,posted,PAUL,6700,OVERHEAD,,https://mail.google.com/mail/u/0/#all/1a0ac1f04a1796a6,2,0
BIZ-167,RECAST BIZ,Office,,2026-06-25,The Home Depot,MED BOX - MEDIUM BOX 20X16X15,247,[],,weak,gm-19f3f68f0a53b2e9,The Home Depot,2026-06-27,201,posted,PAUL,1030,280 Sparkling,,https://mail.google.com/mail/u/0/#all/19f3f68f0a53b2e9,1,
BIZ-168,RECAST BIZ,Office,,2026-06-25,The Home Depot,MED BOX - MEDIUM BOX 20X16X15,247,[],,weak,gm-19f3f68f0a53b2e9,The Home Depot,2026-06-27,201,posted,PAUL,1030,280 Sparkling,,https://mail.google.com/mail/u/0/#all/19f3f68f0a53b2e9,1,
BIZ-169,RECAST BIZ,Office,,2026-06-25,The Home Depot,2X60 CL TAPE - SCOTCH HVYDUTY 54YDS RD 1PK,751,[],,weak,gm-19f0e8b993f57cd0,The Home Depot,2026-06-28,635,posted,PAUL,1030,136 Bowling Green,https://drive.google.com/file/d/1LDbnvaDUWaehYpm43Pn3u2YCPeYJv8cg/view?usp=drivesdk,https://mail.google.com/mail/u/0/#all/19f0e8b993f57cd0,1,
BIZ-170,RECAST BIZ,Office,,2026-07-06,Tiger Mart #20 (Exxon),Type C Cable (USB-C charging cable),1081,[],,id,gm-19f386e1e70d7f5a,Tiger Mart #20,2026-07-06,2163,posted,PAUL,6500,OVERHEAD,https://drive.google.com/file/d/1ym7ReQcMo6eI5B8rmKIX9pXznlYUGhil/view?usp=drivesdk,https://mail.google.com/mail/u/0/#all/19f386e1e70d7f5a,1,1082
BIZ-171,RECAST BIZ,Office,,2026-08-25,Amazon.com,"206A/206X compatible toner cartridges, 4-pack (qty 2) for HP M283fdw/M283cdw/M25",11358,[],,id,gm-1a0394bf02758212,Amazon,2026-08-25,3790,dismissed,PAUL,6500,OVERHEAD,https://drive.google.com/file/d/160_c-Cdthhz4c2O8d0wD62L6VU1fec55/view?usp=drivesdk,https://mail.google.com/mail/u/0/#all/1a0394bf02758212,1,-7568
BIZ-172,RECAST BIZ,Office,,2026-08-28,Klarna (Apple Upgrade lease),Apple Upgrade lease payment - 16-inch MacBook Pro Space Black (Klarna order MGD3,5799,[],,id,gm-1a04ae32d0081a8e,Klarna (Apple Upgrade lease - Apple),2026-08-28,5799,pending,PAUL,6510,OVERHEAD,,https://mail.google.com/mail/u/0/#all/1a04ae32d0081a8e,1,0
BIZ-173,RECAST BIZ,Gas/Truck/Trailer,,2026-06-01,Shell,Fuel — 19.695 gallons @ $3.999/gal (pump display photo),7876,[],,id,gm-19e83a9d2e976907,Shell,2026-06-01,7876,posted,PAUL,6600,OVERHEAD,https://drive.google.com/file/d/1SRPWYMp3ZpRblhP89q105viEVitp--Lj/view?usp=drivesdk,https://mail.google.com/mail/u/0/#all/19e83a9d2e976907,1,0
BIZ-174,RECAST BIZ,Gas/Truck/Trailer,,2026-06-11,North Texas Tollway Authority,toll tag,9257,[],,weak,gm-19eb75e58b4bc3fe,North Texas Tollway Authority (NTTA),2026-06-11,4000,posted,PAUL,6610,OVERHEAD,https://drive.google.com/file/d/1y4tt6392UFms37t0n3NDUB7ul-O4iZsb/view?usp=drivesdk,https://mail.google.com/mail/u/0/#all/19eb75e58b4bc3fe,1,
BIZ-175,RECAST BIZ,Gas/Truck/Trailer,,2026-06-11,North Texas Tollway Authority,Replenishment Amount,4000,[],,strong,gm-19eb75e58b4bc3fe,North Texas Tollway Authority (NTTA),2026-06-11,4000,posted,PAUL,6610,OVERHEAD,https://drive.google.com/file/d/1y4tt6392UFms37t0n3NDUB7ul-O4iZsb/view?usp=drivesdk,https://mail.google.com/mail/u/0/#all/19eb75e58b4bc3fe,1,0
BIZ-176,RECAST BIZ,Gas/Truck/Trailer,,2026-06-22,Shell,Regular fuel 17.425G @ $3.139/gal,5470,[],,weak,gm-19ed81985682b730,Shell,2026-06-17,6664,pending,PAUL,6600,104 Ashburne,,https://mail.google.com/mail/u/0/#all/19ed81985682b730,1,
BIZ-177,RECAST BIZ,Gas/Truck/Trailer,,2026-06-24,O'Reilly Auto Parts,VAL SYN5-20-5QT 5QT MOTOROIL,4545,[],,weak,gm-19f00ab9125115f9,Amazon,2026-06-25,3103,pending,PAUL,1030,136 Bowling Green,,https://mail.google.com/mail/u/0/#all/19f00ab9125115f9,1,
BIZ-178,RECAST BIZ,Gas/Truck/Trailer,,2026-06-26,Shell,Fuel - 18.762 gallons,6940,[],,weak,gm-19f15c359e34964b,Shell,2026-06-29,5804,posted,PAUL,6600,OVERHEAD,https://drive.google.com/file/d/1agh769exx2DuoCNce50dUuza_YlTSxpW/view?usp=drivesdk,https://mail.google.com/mail/u/0/#all/19f15c359e34964b,1,
BIZ-179,RECAST BIZ,Gas/Truck/Trailer,,2026-06-29,Shell,"Regular gasoline - 18.912 gal @ $3.069/gal (Shell, 1211 US Hwy 77 N, Waxahachie ",5804,[],,id,gm-19f15c359e34964b,Shell,2026-06-29,5804,posted,PAUL,6600,OVERHEAD,https://drive.google.com/file/d/1agh769exx2DuoCNce50dUuza_YlTSxpW/view?usp=drivesdk,https://mail.google.com/mail/u/0/#all/19f15c359e34964b,1,0
BIZ-180,RECAST BIZ,Gas/Truck/Trailer,,2026-07-06,Exxon,"Fuel — 17.719 gallons (pump display, $57.39)",5739,[],,id,gm-19f386e6271bf3a3,Exxon,2026-07-06,5739,posted,PAUL,6600,OVERHEAD,https://drive.google.com/file/d/1_jWAOGI5MIchSv9hMa4OIajKgyvP9HBs/view?usp=drivesdk,https://mail.google.com/mail/u/0/#all/19f386e6271bf3a3,1,0
BIZ-181,RECAST BIZ,Gas/Truck/Trailer,,2026-07-09,Shell,"Fuel - 18.786 gallons (gas pump display, This Sale $64.23)",6423,[],,id,gm-19f44aea0050f298,Shell,2026-07-08,6423,posted,PAUL,6600,OVERHEAD,https://drive.google.com/file/d/1a7nt-uA_g_LBJseVa_KR4N7XAVIxIQg7/view?usp=drivesdk,https://mail.google.com/mail/u/0/#all/19f44aea0050f298,1,0
BIZ-182,RECAST BIZ,Gas/Truck/Trailer,,2026-08-05,Shell,Fuel - 17.021 gallons,6466,[],,id,gm-19fd41148faee741,Shell,2026-08-05,6466,pending,UNKNOWN,6600,OVERHEAD,,https://mail.google.com/mail/u/0/#all/19fd41148faee741,1,0
BIZ-183,RECAST BIZ,Gas/Truck/Trailer,,2026-08-07,Shell,Gas,7696,[],,id,gm-19fdd35803f9b383,Shell,2026-08-07,7696,pending,UNKNOWN,6600,OVERHEAD,,https://mail.google.com/mail/u/0/#all/19fdd35803f9b383,1,0
BIZ-184,RECAST BIZ,Gas/Truck/Trailer,,2026-08-14,Exxon Tiger Mart #73,Regular fuel - 20.705 gal @ $3.799/gal,7866,[],,id,gm-1a001bfffbe28af3,Exxon (Tiger Mart #73),2026-08-14,7866,posted,PAUL,6600,OVERHEAD,https://drive.google.com/file/d/1q-ztSp_8_grZNu9BQ5VTU2_GBFqNnaPo/view?usp=drivesdk,https://mail.google.com/mail/u/0/#all/1a001bfffbe28af3,1,0
BIZ-185,RECAST BIZ,Gas/Truck/Trailer,,2026-09-05,Shell,"Fuel - 13.133 gallons (pump display, This Sale $49.89)",4989,[],,id,gm-1a06f0f01ef0ea25,Shell,2026-09-04,4989,pending,UNKNOWN,6600,OVERHEAD,,https://mail.google.com/mail/u/0/#all/1a06f0f01ef0ea25,1,0
BIZ-186,RECAST BIZ,Gas/Truck/Trailer,,2026-08-11,Home Depot,Trailer Cotter Pin,809,[],,strong,gm-19ff17e1bc0effd7,The Home Depot,2026-08-11,2094,posted,PAUL,1030,104 Ashburne,https://drive.google.com/file/d/1Sf3mLx-4yZEnb5vdBm4ovpjufF9RS30M/view?usp=drivesdk,https://mail.google.com/mail/u/0/#all/19ff17e1bc0effd7,2,0
BIZ-187,RECAST BIZ,Gas/Truck/Trailer,,2026-09-06,Tom Thumb express,Fuel - 22.318 gal @ $3.539 (pump display),7898,[],,id,gm-1a07796cc6f0bfa8,Tom Thumb Express,2026-09-06,7898,pending,UNKNOWN,6600,OVERHEAD,,https://mail.google.com/mail/u/0/#all/1a07796cc6f0bfa8,1,0
BIZ-188,RECAST BIZ,Subscriptions,,2026-01-06,Twilio,"Twilio account auto-recharge (balance top-up to $20.00), transaction CX33a2c2f7e",1065,[],,id,gm-19b95bd9421b177a,Twilio,2026-01-06,1065,posted,PAUL,6400,OVERHEAD,,https://mail.google.com/mail/u/0/#all/19b95bd9421b177a,1,0
BIZ-189,RECAST BIZ,Subscriptions,,2026-01-18,Driversnote,"Driversnote mileage-tracking subscription, 1 month (Jan 18 – Feb 18, 2026), invo",1200,[],,id,gm-19bcef5fb76f4631,Driversnote,2026-01-18,1200,dismissed,PAUL,6400,OVERHEAD,https://drive.google.com/file/d/1CPTJdP9wj6p09b9jRGZ1wbbjelRfiDcA/view?usp=drivesdk,https://mail.google.com/mail/u/0/#all/19bcef5fb76f4631,1,0
BIZ-190,RECAST BIZ,Subscriptions,,2026-01-23,"Adobe, Inc.","Adobe subscription (Qty 1, Order ID BL3345497372, paid via PayPal)",3449,[],,id,gm-19bed96836d525c1,"Adobe, Inc.",2026-01-23,3449,posted,PAUL,6400,OVERHEAD,,https://mail.google.com/mail/u/0/#all/19bed96836d525c1,1,0
BIZ-191,RECAST BIZ,Subscriptions,,2026-01-28,Microsoft Corporation (via PayPal),Microsoft 365 Personal - monthly subscription (Order ID Z733JXRW1KCE),999,[],,id,gm-19c04f7096f10f6a,Microsoft Corporation,2026-01-28,999,posted,PAUL,6400,OVERHEAD,,https://mail.google.com/mail/u/0/#all/19c04f7096f10f6a,1,0
BIZ-192,RECAST BIZ,Subscriptions,,2026-02-18,Driversnote ApS,"Driversnote mileage-tracking subscription, 1 month (Feb 18 – Mar 18, 2026), invo",1200,[],,id,gm-19c6ea0e0cca9e2c,Driversnote,2026-02-18,1200,dismissed,PAUL,6400,OVERHEAD,https://drive.google.com/file/d/1DG95NL6FUbjAH8lK5-Lzv36bhWT86whA/view?usp=drivesdk,https://mail.google.com/mail/u/0/#all/19c6ea0e0cca9e2c,1,0
BIZ-193,RECAST BIZ,Subscriptions,,2026-02-27,Microsoft Corporation (via PayPal),Microsoft 365 Personal - monthly subscription (Order ID Z739LU8EPOJ7),999,[],,id,gm-19ca48d4952784bc,Microsoft Corporation,2026-02-27,999,posted,PAUL,6400,OVERHEAD,,https://mail.google.com/mail/u/0/#all/19ca48d4952784bc,1,0
BIZ-194,RECAST BIZ,Subscriptions,,2026-03-18,Driversnote ApS,"Driversnote Pro Plan monthly subscription (Mar 18–Apr 18, 2026), invoice 9WYMY6A",1200,[],,id,gm-19cfecb45363daa4,Driversnote,2026-03-18,1200,dismissed,PAUL,6400,OVERHEAD,https://drive.google.com/file/d/1D6Nlk4kOpaXB1U3LIVBAfguEcv-52wbz/view?usp=drivesdk,https://mail.google.com/mail/u/0/#all/19cfecb45363daa4,1,0
BIZ-195,RECAST BIZ,Subscriptions,,2026-04-18,Driversnote ApS,"Driversnote Pro Plan monthly subscription (Apr 18–May 18, 2026), invoice 9WYMY6A",1200,[],,id,gm-19d9e70c7d6f480a,Driversnote ApS,2026-04-18,1200,dismissed,PAUL,6400,OVERHEAD,https://drive.google.com/file/d/1hs4El7Je2TL8rofqXNRZXhbOs705OIYS/view?usp=drivesdk,https://mail.google.com/mail/u/0/#all/19d9e70c7d6f480a,1,0
BIZ-196,RECAST BIZ,Subscriptions,,2026-04-23,"Adobe, Inc.","Adobe subscription (Qty 1, Order ID BL3436291438, paid via PayPal)",3449,[],,id,gm-19dbb6f1acd728e1,"Adobe, Inc.",2026-04-23,3449,posted,PAUL,6400,OVERHEAD,,https://mail.google.com/mail/u/0/#all/19dbb6f1acd728e1,1,0
BIZ-197,RECAST BIZ,Subscriptions,,2026-04-30,Virtual Staging AI (via Paddle.com),"Virtual Staging AI Professional Plan (Apr 30 – May 30, 2026), invoice 2822-11383",7900,[],,id,gm-19ddf2689d937359,Virtual Staging AI,2026-04-30,7900,pending,PAUL,6400,OVERHEAD,,https://mail.google.com/mail/u/0/#all/19ddf2689d937359,1,0
BIZ-198,RECAST BIZ,Subscriptions,,2026-05-15,"Anthropic, PBC","Prepaid extra usage, Individual plan (invoice UT8RYVIC-0001, receipt #2519-3176-",4500,[],,id,gm-19e2bdde2e385830,"Anthropic, PBC",2026-05-15,4500,dismissed,PAUL,1520,OVERHEAD,https://drive.google.com/file/d/1mhslW-1MNBwhY9djK4HzoRchqdJgk4jy/view?usp=drivesdk,https://mail.google.com/mail/u/0/#all/19e2bdde2e385830,1,0
BIZ-199,RECAST BIZ,Subscriptions,,2026-05-17,"Anthropic, PBC","Prepaid extra usage, Individual plan (receipt #2481-3228-0995, invoice UT8RYVIC-",4500,[],,id,gm-19e365636b15b003,"Anthropic, PBC",2026-05-17,4500,dismissed,PAUL,1520,OVERHEAD,https://drive.google.com/file/d/1wDU5HKksYze9L4FO9QK_3-S9ZOOGiIuc/view?usp=drivesdk,https://mail.google.com/mail/u/0/#all/19e365636b15b003,1,0
BIZ-200,RECAST BIZ,Subscriptions,,2026-05-22,gptforwork.com,GPT For Sheets Docs: $29 pack (Qty 1),2900,[],,id,gm-19e5314e0f9e427d,gptforwork.com,2026-05-22,2900,posted,PAUL,6400,OVERHEAD,https://drive.google.com/file/d/1mrFLej-8aUUC7LUcKWHMZRYJt1EdzZsc/view?usp=drivesdk,https://mail.google.com/mail/u/0/#all/19e5314e0f9e427d,1,0
BIZ-201,RECAST BIZ,Subscriptions,,2026-05-28,Airtable,"Airtable monthly workspace subscription (Recast Properties workspace) — May 28, ",2400,[],,id,gm-19fadc2228dff5b7,Airtable,2026-05-28,2400,posted,PAUL,6400,OVERHEAD,,https://mail.google.com/mail/u/0/#all/19fadc2228dff5b7,1,0
BIZ-202,RECAST BIZ,Subscriptions,,2026-05-30,Virtual Staging AI (via Paddle.com),"Virtual Staging AI Professional Plan (May 30 – Jun 30, 2026), invoice 2822-11625",7900,[],,id,gm-19e79a5c2a587eaa,Virtual Staging AI (via Paddle.com),2026-05-30,7900,dismissed,PAUL,6400,OVERHEAD,https://drive.google.com/file/d/146MhPpVn-uUAV7hF4P9Ow8bau9Lsc7fO/view?usp=drivesdk,https://mail.google.com/mail/u/0/#all/19e79a5c2a587eaa,1,0
BIZ-203,RECAST BIZ,Subscriptions,,2026-06-03,"Anthropic, PBC","Claude Pro subscription (Jun 3–Jul 3, 2026), invoice UT8RYVIC-0003, receipt #263",2000,[],,id,gm-19e8ed8492f559bc,"Anthropic, PBC",2026-06-03,2000,pending,PAUL,6400,OVERHEAD,,https://mail.google.com/mail/u/0/#all/19e8ed8492f559bc,1,0
BIZ-204,RECAST BIZ,Subscriptions,,2026-06-07,CoreLogic Inc (Cotality),Cotality Payment Services Express Payment — CoreLogic property data invoice paym,20000,[],,id,gm-19ea4315de57f9f1,CoreLogic Inc (Cotality),2026-06-07,20000,pending,PAUL,6300,OVERHEAD,,https://mail.google.com/mail/u/0/#all/19ea4315de57f9f1,1,0
BIZ-205,RECAST BIZ,Subscriptions,,2026-06-13,"Anthropic, PBC","Max plan - 5x (Jun 13–Jul 13, 2026)",10000,[],,strong,gm-19f5d1888d584442,"Anthropic, PBC",2026-07-13,10000,posted,PAUL,1520,OVERHEAD,https://drive.google.com/file/d/1UO8uf8sX6oPwPzKEIvGpxw5SRY4rEvD7/view?usp=drivesdk,https://mail.google.com/mail/u/0/#all/19f5d1888d584442,1,0
BIZ-206,RECAST BIZ,Subscriptions,,2026-06-13,"Anthropic, PBC",Unused time on Claude Pro after 13 Jun 2026,-1334,[],,weak,gm-19e8ed8492f559bc,"Anthropic, PBC",2026-06-03,2000,pending,PAUL,6400,OVERHEAD,,https://mail.google.com/mail/u/0/#all/19e8ed8492f559bc,1,
BIZ-207,RECAST BIZ,Subscriptions,,2026-06-18,CoreLogic Inc,CoreLogic IVR Charge_2010-676365,20000,[],,strong,gm-19f3911357838426,"CoreLogic Solutions, LLC",2026-06-30,20000,pending,PAUL,6300,OVERHEAD,,https://mail.google.com/mail/u/0/#all/19f3911357838426,1,0
BIZ-208,RECAST BIZ,Subscriptions,,2026-06-27,Microsoft Corporation (via PayPal),"Microsoft 365 Personal subscription (Qty 1, Order ID Z73HSZQ5UV6W)",999,[],,id,gm-19f0e8f114dc7682,Microsoft Corporation,2026-06-27,999,posted,PAUL,6400,OVERHEAD,,https://mail.google.com/mail/u/0/#all/19f0e8f114dc7682,1,0
BIZ-209,RECAST BIZ,Subscriptions,,2026-06-28,Airtable,"Airtable workspace monthly subscription (Recast Properties workspace, June 28, 2",2400,[],,id,gm-19fadc276c34266d,Airtable,2026-06-28,2400,posted,PAUL,6400,OVERHEAD,,https://mail.google.com/mail/u/0/#all/19fadc276c34266d,1,0
BIZ-210,RECAST BIZ,Subscriptions,,2026-06-30,"CoreLogic Solutions, LLC (Cotality)","CoreLogic Property Intelligence monthly service (invoice #30883298, acct 2010-67",20000,[],,id,gm-19feda8c39546b1e,"CoreLogic Solutions, LLC (Cotality)",2026-06-30,20000,dismissed,PAUL,,,,https://mail.google.com/mail/u/0/#all/19feda8c39546b1e,1,0
BIZ-211,RECAST BIZ,Subscriptions,,2026-07-03,"Adobe, Inc.","Adobe Illustrator (monthly subscription, Order ID BL3507981619, via PayPal)",3449,[],,id,gm-19f2b284dd6abfa3,"Adobe, Inc.",2026-07-03,3449,posted,PAUL,6400,OVERHEAD,,https://mail.google.com/mail/u/0/#all/19f2b284dd6abfa3,1,0
BIZ-212,RECAST BIZ,Subscriptions,,2026-07-06,"Artifex Software, Inc (PDF.co)","PDF.co Basic plan subscription (Jul 6–Aug 6, 2026), invoice EQZ6LJWA-0001, recei",999,[],,id,gm-19f352751180df8f,"Artifex Software, Inc (PDF.co)",2026-07-06,999,dismissed,PAUL,6400,OVERHEAD,https://drive.google.com/file/d/1Gw90bmJVR-NRAfuMjZLcPEy_dzZZRc2j/view?usp=drivesdk,https://mail.google.com/mail/u/0/#all/19f352751180df8f,1,0
BIZ-213,RECAST BIZ,Subscriptions,,2026-07-13,"Anthropic, PBC","Max plan - 5x subscription (Jul 13–Aug 13, 2026), invoice UT8RYVIC-0005, receipt",10000,[],,id,gm-19f5cf7e791218f5,"Anthropic, PBC",2026-07-13,10000,dismissed,PAUL,1520,OVERHEAD,,https://mail.google.com/mail/u/0/#all/19f5cf7e791218f5,1,0
BIZ-214,RECAST BIZ,Subscriptions,,2026-07-23,"Adobe, Inc.","Adobe subscription (monthly, Order ID BL3528122970) paid via PayPal",3449,[],,id,gm-19f9184a17f104a4,"Adobe, Inc.",2026-07-23,3449,posted,PAUL,6400,OVERHEAD,,https://mail.google.com/mail/u/0/#all/19f9184a17f104a4,1,0
BIZ-215,RECAST BIZ,Subscriptions,,2026-07-25,ExpressVPN,"ExpressVPN Basic VPN subscription, 1 month (incl. free ExpressMailGuard), intro ",1559,[],,id,gm-19f981f1de5b9c75,ExpressVPN,2026-07-25,1559,pending,PAUL,6400,OVERHEAD,,https://mail.google.com/mail/u/0/#all/19f981f1de5b9c75,1,0
BIZ-216,RECAST BIZ,Subscriptions,,2026-07-27,Microsoft Corporation (via PayPal),"Microsoft 365 Personal subscription (Qty 1), Order ID Z743UYT6HXBQ",999,[],,id,gm-19fa86e509c8209e,Microsoft Corporation,2026-07-27,999,posted,PAUL,6400,OVERHEAD,,https://mail.google.com/mail/u/0/#all/19fa86e509c8209e,1,0
BIZ-217,RECAST BIZ,Subscriptions,,2026-07-28,"Artifex Software, Inc (PDF.co)","17500 Credit Pack (PDF.co API credits), Qty 1",1750,[],,id,gm-19fa89d5643c2a46,"Artifex Software, Inc (PDF.co)",2026-07-28,1750,dismissed,PAUL,6400,OVERHEAD,,https://mail.google.com/mail/u/0/#all/19fa89d5643c2a46,1,0
BIZ-218,RECAST BIZ,Subscriptions,,2026-07-28,Airtable,Airtable workspace subscription — July 2026 invoice (Recast Properties workspace,2400,[],,id,gm-19fab055cbb61f0f,Airtable,2026-07-28,2400,posted,PAUL,6400,OVERHEAD,,https://mail.google.com/mail/u/0/#all/19fab055cbb61f0f,1,0
BIZ-219,RECAST BIZ,Subscriptions,,2026-08-01,"Anthropic, PBC","Auto-recharge credits (Anthropic API), receipt #2971-0394-1544, invoice A90U2FHF",1014,[],,id,gm-19fbf9e0a5d7e903,"Anthropic, PBC",2026-08-01,1014,dismissed,PAUL,,,,https://mail.google.com/mail/u/0/#all/19fbf9e0a5d7e903,1,0
BIZ-220,RECAST BIZ,Subscriptions,,2026-08-01,"Anthropic, PBC","Auto-recharge credits (Anthropic API), receipt #2950-2647-2068, invoice A90U2FHF",1035,[],,id,gm-19fbf712d46e54d7,"Anthropic, PBC",2026-08-01,1035,posted,PAUL,1520,OVERHEAD,https://drive.google.com/file/d/1whccCFSjhsHiQGJaJl23zmvP_Pog8FA0/view?usp=drivesdk,https://mail.google.com/mail/u/0/#all/19fbf712d46e54d7,1,0
BIZ-221,RECAST BIZ,Subscriptions,,2026-08-01,"Anthropic, PBC","Auto-recharge credits (Anthropic API), receipt #2076-7130-2448, invoice A90U2FHF",1012,[],,id,gm-19fbf41426b2ff88,"Anthropic, PBC",2026-08-01,1012,pending,PAUL,1520,OVERHEAD,,https://mail.google.com/mail/u/0/#all/19fbf41426b2ff88,1,0
BIZ-222,RECAST BIZ,Subscriptions,,2026-08-01,"Anthropic, PBC","Auto-recharge credits (Anthropic API), receipt #2236-8917-9024, invoice A90U2FHF",1026,[],,id,gm-19fbf12e03e5f1aa,"Anthropic, PBC",2026-08-01,1026,posted,PAUL,1520,OVERHEAD,https://drive.google.com/file/d/1HxMMn1zNuIbAqhtW3kYyuGGNlIfWvHv1/view?usp=drivesdk,https://mail.google.com/mail/u/0/#all/19fbf12e03e5f1aa,1,0
BIZ-223,RECAST BIZ,Subscriptions,,2026-08-01,"Anthropic, PBC","Auto-recharge credits (Anthropic API), receipt #2142-9322-5168, invoice A90U2FHF",1009,[],,id,gm-19fbee3afeeecc0a,"Anthropic, PBC",2026-08-01,1009,pending,UNKNOWN,1520,OVERHEAD,,https://mail.google.com/mail/u/0/#all/19fbee3afeeecc0a,1,0
BIZ-224,RECAST BIZ,Subscriptions,,2026-08-01,"Anthropic, PBC","Auto-recharge credits (Anthropic API) — receipt #2246-0080-6200, invoice A90U2FH",1027,[],,id,gm-19fbe99ddf4009d6,"Anthropic, PBC",2026-08-01,1027,posted,PAUL,1520,OVERHEAD,https://drive.google.com/file/d/1Go0q7TqGMynuv5ypcNE-8PqYAig-jaA0/view?usp=drivesdk,https://mail.google.com/mail/u/0/#all/19fbe99ddf4009d6,1,0
BIZ-225,RECAST BIZ,Subscriptions,,2026-08-01,"Anthropic, PBC","Auto-recharge credits (Anthropic API), receipt #2121-0703-9633, invoice A90U2FHF",1032,[],,id,gm-19fbe56019131180,"Anthropic, PBC",2026-08-01,1032,pending,UNKNOWN,1520,OVERHEAD,,https://mail.google.com/mail/u/0/#all/19fbe56019131180,1,0
BIZ-226,RECAST BIZ,Subscriptions,,2026-08-01,"Anthropic, PBC","Auto-recharge credits (Anthropic API), receipt #2032-8278-9339, invoice A90U2FHF",1018,[],,id,gm-19fbe29ea09a37b5,"Anthropic, PBC",2026-08-01,1018,posted,PAUL,1520,OVERHEAD,https://drive.google.com/file/d/1dHTuOhY4tGOEz5ysTIPc7Jv47DpHQBDD/view?usp=drivesdk,https://mail.google.com/mail/u/0/#all/19fbe29ea09a37b5,1,0
BIZ-227,RECAST BIZ,Subscriptions,,2026-08-01,"Anthropic, PBC","Auto-recharge credits (Anthropic API) — receipt #2135-8253-3824, invoice A90U2FH",1008,[],,id,gm-19fbdd2ef4ea4e0d,"Anthropic, PBC",2026-08-01,1008,pending,UNKNOWN,1520,OVERHEAD,,https://mail.google.com/mail/u/0/#all/19fbdd2ef4ea4e0d,1,0
BIZ-228,RECAST BIZ,Subscriptions,,2026-08-03,"Adobe, Inc.","Adobe Illustrator (monthly subscription, Order ID BL3538610315)",3449,[],,id,gm-19fc8cafdd8c851d,"Adobe, Inc.",2026-08-03,3449,pending,UNKNOWN,6400,OVERHEAD,,https://mail.google.com/mail/u/0/#all/19fc8cafdd8c851d,1,0
BIZ-229,RECAST BIZ,Subscriptions,,2026-08-06,"Artifex Software, Inc (PDF.co)","PDF.co Basic plan subscription (Aug 6–Sep 6, 2026), invoice EQZ6LJWA-0003 / rece",999,[],,id,gm-19fd4fd8baf5a7ed,"Artifex Software, Inc (PDF.co)",2026-08-06,999,dismissed,PAUL,,,,https://mail.google.com/mail/u/0/#all/19fd4fd8baf5a7ed,1,0
BIZ-230,RECAST BIZ,Subscriptions,,2026-08-06,"Artifex Software, Inc","Basic plan subscription (PDF.co), Aug 6–Sep 6, 2026",999,[],,id,gm-19fd5a6620efe0ad,"Artifex Software, Inc (PDF.co)",2026-08-06,999,posted,PAUL,6400,OVERHEAD,https://drive.google.com/file/d/1XzE0WN7oKRzBPqhg4lHLsTYJPBlBJlWb/view?usp=drivesdk,https://mail.google.com/mail/u/0/#all/19fd5a6620efe0ad,1,0
BIZ-231,RECAST BIZ,Subscriptions,,2026-08-13,"Anthropic, PBC","Max plan - 5x subscription (Aug 13–Sep 13, 2026), invoice UT8RYVIC-0006, receipt",10000,[],,id,gm-19ffc9d2c8640a96,"Anthropic, PBC",2026-08-13,10000,pending,PAUL,1520,OVERHEAD,,https://mail.google.com/mail/u/0/#all/19ffc9d2c8640a96,1,0
BIZ-232,RECAST BIZ,Subscriptions,,2026-08-14,"Anthropic, PBC","Auto-recharge credits (Anthropic API), receipt #2446-7503-1938, invoice A90U2FHF",1006,[],,id,gm-1a004a419e6a327a,"Anthropic, PBC",2026-08-14,1006,posted,PAUL,1520,OVERHEAD,,https://mail.google.com/mail/u/0/#all/1a004a419e6a327a,1,0
BIZ-233,RECAST BIZ,Subscriptions,,2026-08-21,"Anthropic, PBC","Auto-recharge credits (API credits, receipt #2332-6479-3034, invoice A90U2FHF-00",1087,[],,id,gm-1a025d96013ed071,"Anthropic, PBC",2026-08-21,1087,dismissed,PAUL,1520,OVERHEAD,https://drive.google.com/file/d/1inFXYmGBNcmVYp5b-fIqhVsWsS3WlB79/view?usp=drivesdk,https://mail.google.com/mail/u/0/#all/1a025d96013ed071,1,0
BIZ-234,RECAST BIZ,Subscriptions,,2026-08-21,"Anthropic, PBC","Auto-recharge credits (Anthropic API), receipt #2323-6125-6968 / invoice A90U2FH",1166,[],,id,gm-1a0263487ec5681d,"Anthropic, PBC",2026-08-21,1166,posted,PAUL,1520,OVERHEAD,https://drive.google.com/file/d/16KpQ7Ew5LU-dhvUYlk-JwSM2yg9XCrp6/view?usp=drivesdk,https://mail.google.com/mail/u/0/#all/1a0263487ec5681d,1,0
BIZ-235,RECAST BIZ,Subscriptions,,2026-08-22,"Anthropic, PBC","Auto-recharge credits (Anthropic API), receipt #2540-4444-8353, invoice A90U2FHF",1357,[],,id,gm-1a02bac74ca39cab,"Anthropic, PBC",2026-08-22,1357,pending,UNKNOWN,1520,OVERHEAD,,https://mail.google.com/mail/u/0/#all/1a02bac74ca39cab,1,0
BIZ-236,RECAST BIZ,Subscriptions,,2026-08-22,"Anthropic, PBC","Auto-recharge credits (Anthropic API), receipt #2592-0542-6839, invoice A90U2FHF",1026,[],,id,gm-1a02bac54f55c07c,"Anthropic, PBC",2026-08-22,1026,pending,UNKNOWN,1520,OVERHEAD,,https://mail.google.com/mail/u/0/#all/1a02bac54f55c07c,1,0
BIZ-237,RECAST BIZ,Subscriptions,,2026-08-22,"Anthropic, PBC","Auto-recharge credits (Anthropic API), receipt #2592-0542-6839, invoice A90U2FHF",1026,[],,id,gm-1a02b9f45ae9625c,"Anthropic, PBC",2026-08-22,1026,pending,UNKNOWN,1520,OVERHEAD,,https://mail.google.com/mail/u/0/#all/1a02b9f45ae9625c,1,0
BIZ-238,RECAST BIZ,Subscriptions,,2026-08-22,"Anthropic, PBC","Auto-recharge credits (Anthropic API), receipt #2540-4444-8353, invoice A90U2FHF",1357,[],,id,gm-1a02ba5fbeb12517,"Anthropic, PBC",2026-08-22,1357,pending,UNKNOWN,1520,OVERHEAD,,https://mail.google.com/mail/u/0/#all/1a02ba5fbeb12517,1,0
BIZ-239,RECAST BIZ,Subscriptions,,2026-08-23,"Adobe, Inc.","Adobe subscription (Qty 1, Order ID BL3558963587, via PayPal)",3449,[],,id,gm-1a03123300dc1f52,"Adobe, Inc.",2026-08-23,3449,pending,UNKNOWN,6400,OVERHEAD,,https://mail.google.com/mail/u/0/#all/1a03123300dc1f52,1,0
BIZ-240,RECAST BIZ,Subscriptions,,2026-08-24,"Anthropic, PBC","Auto-recharge credits (Anthropic API), receipt #2248-9349-9496, invoice A90U2FHF",1012,[],,id,gm-1a034a3e530b278d,"Anthropic, PBC",2026-08-24,1012,pending,PAUL,1520,OVERHEAD,,https://mail.google.com/mail/u/0/#all/1a034a3e530b278d,1,0
BIZ-241,RECAST BIZ,Subscriptions,,2026-08-24,"Anthropic, PBC","Auto-recharge credits (Anthropic API), receipt #2945-3640-9269, invoice A90U2FHF",1029,[],,id,gm-1a035f622ce533a3,"Anthropic, PBC",2026-08-24,1029,dismissed,PAUL,,,,https://mail.google.com/mail/u/0/#all/1a035f622ce533a3,1,0
BIZ-242,RECAST BIZ,Subscriptions,,2026-08-24,"Anthropic, PBC","Auto-recharge credits (Anthropic API), receipt #2363-5979-4769, invoice A90U2FHF",1001,[],,id,gm-1a035c853a691f99,"Anthropic, PBC",2026-08-24,1001,posted,PAUL,1520,OVERHEAD,https://drive.google.com/file/d/1ER5dgQzbJXki7W33EUaCfyyC6WAIn3ra/view?usp=drivesdk,https://mail.google.com/mail/u/0/#all/1a035c853a691f99,1,0
BIZ-243,RECAST BIZ,Subscriptions,,2026-08-24,"Anthropic, PBC","Auto-recharge credits (Anthropic API), receipt #2115-1945-9518, invoice A90U2FHF",1003,[],,id,gm-1a036c42cfee9fb1,"Anthropic, PBC",2026-08-24,1003,pending,UNKNOWN,1520,OVERHEAD,,https://mail.google.com/mail/u/0/#all/1a036c42cfee9fb1,1,0
BIZ-244,RECAST BIZ,Subscriptions,,2026-08-24,"Anthropic, PBC","Auto-recharge credits (Anthropic API), receipt #2716-1965-0164, invoice A90U2FHF",1033,[],,id,gm-1a03684911c406b7,"Anthropic, PBC",2026-08-24,1033,pending,UNKNOWN,1520,OVERHEAD,,https://mail.google.com/mail/u/0/#all/1a03684911c406b7,1,0
BIZ-245,RECAST BIZ,Subscriptions,,2026-08-24,"Anthropic, PBC","Auto-recharge credits (Anthropic API), receipt #2929-8845-3599, invoice A90U2FHF",1019,[],,id,gm-1a03655e62fd3a7b,"Anthropic, PBC",2026-08-24,1019,pending,UNKNOWN,1520,OVERHEAD,,https://mail.google.com/mail/u/0/#all/1a03655e62fd3a7b,1,0
BIZ-246,RECAST BIZ,Subscriptions,,2026-08-24,"Anthropic, PBC","Auto-recharge credits (Anthropic API), receipt #2137-6911-8469, invoice A90U2FHF",1007,[],,id,gm-1a036c3b2ec73f14,"Anthropic, PBC",2026-08-24,1007,posted,PAUL,1520,OVERHEAD,,https://mail.google.com/mail/u/0/#all/1a036c3b2ec73f14,1,0
BIZ-247,RECAST BIZ,Subscriptions,,2026-09-03,"Adobe, Inc.","Adobe Illustrator subscription (Qty 1, Order ID BL3569536805, paid via PayPal)",3449,[],,id,gm-1a069feb80d70f06,"Adobe, Inc.",2026-09-03,3449,pending,UNKNOWN,6400,OVERHEAD,,https://mail.google.com/mail/u/0/#all/1a069feb80d70f06,1,0
BIZ-248,RECAST BIZ,Subscriptions,,2026-09-06,OpenAI,"OpenAI API credit balance funding (auto-recharge, card ending 9166, org Personal",1000,[],,id,gm-1a0789f8deaf9b67,OpenAI,2026-09-06,1000,posted,PAUL,6400,OVERHEAD,,https://mail.google.com/mail/u/0/#all/1a0789f8deaf9b67,1,0
BIZ-249,RECAST BIZ,Subscriptions,,2026-09-09,"Anthropic, PBC","Auto-recharge credits (Anthropic API), Qty 1 — receipt #2911-4142-0601, invoice ",1069,[],,id,gm-1a08760e4d30f4c6,"Anthropic, PBC",2026-09-09,1069,dismissed,PAUL,1520,OVERHEAD,,https://mail.google.com/mail/u/0/#all/1a08760e4d30f4c6,1,0
BIZ-250,RECAST BIZ,Subscriptions,,2026-09-11,"Anthropic, PBC","Auto-recharge credits (Anthropic API), Qty 1 — receipt #2142-6159-3565, invoice ",1034,[],,id,gm-1a0925642f9693c5,"Anthropic, PBC",2026-09-11,1034,posted,PAUL,6400,OVERHEAD,https://drive.google.com/file/d/10zkQOHIMzjz82LMW8dw78ifSRqpChFsj/view?usp=drivesdk,https://mail.google.com/mail/u/0/#all/1a0925642f9693c5,1,0
BIZ-251,RECAST BIZ,Subscriptions,,2026-09-11,"Anthropic, PBC","Auto-recharge credits (Anthropic API), Qty 1 — receipt #2674-0381-8290, invoice ",1353,[],,id,gm-1a0927ee3ea81c8c,"Anthropic, PBC",2026-09-11,1353,posted,PAUL,6400,OVERHEAD,https://drive.google.com/file/d/1qBGoCVAZflFXHC_gpvdbHsya7CDnMalJ/view?usp=drivesdk,https://mail.google.com/mail/u/0/#all/1a0927ee3ea81c8c,1,0
BIZ-252,RECAST BIZ,Subscriptions,,2026-09-13,"Anthropic, PBC","Max plan - 5x subscription (Sep 13–Oct 13, 2026), invoice UT8RYVIC-0007",10000,[],,id,gm-1a09c4ab97c57360,"Anthropic, PBC",2026-09-13,10000,dismissed,PAUL,6400,OVERHEAD,https://drive.google.com/file/d/1TBUI59VkPZl2jKZEtBVWR_gcncQm5uGs/view?usp=drivesdk,https://mail.google.com/mail/u/0/#all/1a09c4ab97c57360,1,0
BIZ-253,RECAST BIZ,Subscriptions,,2026-05-12,CoreLogic Inc,CoreLogic IVR Charge_2010-676365 (property data/tax IVR service charge),20000,[],,id,gm-19e1cdf18dce2496,CoreLogic Inc,2026-05-12,20000,pending,PAUL,6300,OVERHEAD,,https://mail.google.com/mail/u/0/#all/19e1cdf18dce2496,1,0
BIZ-254,RECAST BIZ,Subscriptions,,2026-02-12,CoreLogic Inc,CoreLogic IVR Charge_2010-676365 (property data service charge),40000,[],,id,gm-19c5345600aec21b,CoreLogic Inc,2026-02-12,40000,dismissed,PAUL,6300,OVERHEAD,,https://mail.google.com/mail/u/0/#all/19c5345600aec21b,1,0
BIZ-255,RECAST BIZ,Subscriptions,,2026-09-15,CoreLogic Inc,CoreLogic IVR Charge_2010-676365 — invoice 30902041 (property data service),23500,[],,id,gm-1a0a7459938d1be4,CoreLogic Inc,2026-09-15,43500,posted,PAUL,6300,OVERHEAD,,https://mail.google.com/mail/u/0/#all/1a0a7459938d1be4,2,0
BIZ-256,RECAST BIZ,Subscriptions,,2026-09-15,CoreLogic Inc,CoreLogic IVR Charge_2010-676365 — invoice 30889149 (property data service),20000,[],,id,gm-1a0a7459938d1be4,CoreLogic Inc,2026-09-15,43500,posted,PAUL,6300,OVERHEAD,,https://mail.google.com/mail/u/0/#all/1a0a7459938d1be4,2,0
BIZ-257,RECAST BIZ,Subscriptions,,2026-09-15,"Anthropic, PBC","Auto-recharge credits (Anthropic API), Qty 1 — receipt #2777-8059-3639, invoice ",1012,[],,id,gm-1a0a86d9a9003256,"Anthropic, PBC",2026-09-15,1012,posted,PAUL,1520,OVERHEAD,https://drive.google.com/file/d/1Eg07pFFIgOucU4FG-4awanopqIwDPxrQ/view?usp=drivesdk,https://mail.google.com/mail/u/0/#all/1a0a86d9a9003256,1,0
BIZ-258,RECAST BIZ,Website,,2026-06-05,"Netlify, Inc.","Netlify Members seat, Jun 5 – Jul 4, 2026 (invoice #SFWGOE-00002, 1000 credits/m",900,[],,id,gm-19e9a230618686d5,"Netlify, Inc.",2026-06-05,900,posted,PAUL,6410,OVERHEAD,https://drive.google.com/file/d/1rvEq2q--U6WGyr-blCQUDipax6eCdsxd/view?usp=drivesdk,https://mail.google.com/mail/u/0/#all/19e9a230618686d5,1,0
BIZ-259,RECAST BIZ,Website,,2026-06-13,"Netlify, Inc.","Netlify, Inc. invoice (#SFWGOE-00004)",0,[],,weak,gm-19ebf24ef82905c2,VistaPrint,2026-06-13,0,dismissed,PAUL,,,,https://mail.google.com/mail/u/0/#all/19ebf24ef82905c2,0,
BIZ-260,RECAST BIZ,Website,,2026-06-18,Apify Technologies s.r.o.,Starter plan (monthly) subscription 2026-06-18 to 2026-07-17,2900,[],,strong,gm-19ed80dfe6dc2f18,Apify Technologies s.r.o.,2026-06-18,2900,posted,PAUL,6400,OVERHEAD,https://drive.google.com/file/d/1hubx_J4Psn5ZCiGQB76XsOf5yTuYB3TW/view?usp=drivesdk,https://mail.google.com/mail/u/0/#all/19ed80dfe6dc2f18,1,0
BIZ-261,RECAST BIZ,Website,,2026-07-14,"Netlify, Inc.","Netlify Base Plan (Jul 13 – Aug 12, 2026), invoice #SFWGOE-00006",2000,[],,id,gm-19f5e35c4f615eba,"Netlify, Inc.",2026-07-14,2000,dismissed,PAUL,,,,https://mail.google.com/mail/u/0/#all/19f5e35c4f615eba,1,0
BIZ-262,RECAST BIZ,Website,,2026-08-14,"Netlify, Inc.","Netlify Base Plan (Aug 13 – Sep 12, 2026), invoice #SFWGOE-00007",2000,[],,id,gm-19ffdd917bf87cc8,"Netlify, Inc.",2026-08-14,2000,pending,UNKNOWN,6410,OVERHEAD,,https://mail.google.com/mail/u/0/#all/19ffdd917bf87cc8,1,0
BIZ-263,RECAST BIZ,Website,,,Apify,Monthly Apify subscription,2900,[],,none,,,,,,,,,,,0,
BIZ-264,RECAST BIZ,Website,,2026-09-14,"Netlify, Inc.","Netlify hosting — 3000 credits per month, invoice #SFWGOE-00008",2000,[],,id,gm-1a09dd4b4cfb2200,"Netlify, Inc.",2026-09-13,2000,pending,UNKNOWN,6410,OVERHEAD,,https://mail.google.com/mail/u/0/#all/1a09dd4b4cfb2200,1,0
BIZ-265,RECAST BIZ,Website,,2026-05-18,Apify Technologies s.r.o.,"Apify Starter plan (monthly) subscription, billing period 2026-05-18 to 2026-06-",2900,[],,id,gm-19e3b88cf75b8f2b,Apify Technologies s.r.o.,2026-05-18,2900,dismissed,PAUL,6400,OVERHEAD,https://drive.google.com/file/d/14DGN6R6FbmCj_rcveBS25yDARuSTRSGW/view?usp=drivesdk,https://mail.google.com/mail/u/0/#all/19e3b88cf75b8f2b,1,0
BIZ-266,RECAST BIZ,Website,,2026-07-18,Apify Technologies s.r.o.,Apify Starter plan (monthly) subscription — prepayment for billing period 2026-0,2900,[],,id,gm-19f729408be2654a,Apify Technologies s.r.o.,2026-07-18,2900,dismissed,PAUL,6400,OVERHEAD,https://drive.google.com/file/d/1AUphjurkAGcKgKt1n7oTkWZuet4QNuM4/view?usp=drivesdk,https://mail.google.com/mail/u/0/#all/19f729408be2654a,1,0
BIZ-267,RECAST BIZ,Website,,2026-08-18,Apify Technologies s.r.o.,"Apify Starter plan (monthly) subscription, billing period 2026-08-18 to 2026-09-",2900,[],,id,gm-1a01237668c6f478,Apify Technologies s.r.o.,2026-08-18,2900,dismissed,PAUL,6400,OVERHEAD,,https://mail.google.com/mail/u/0/#all/1a01237668c6f478,1,0
BIZ-268,RECAST BIZ,Business,,2026-02-02,Local Government Solutions (Online Record Search),"Ellis County Clerk property record copy, case 2531375, 10 pages",1000,[],,id,gm-19c1eedb38c22d7c,Local Government Solutions (Online Record Search),2026-02-02,1030,posted,PAUL,6300,OVERHEAD,https://drive.google.com/file/d/1oDoPyYUyoQs5ighYtfvOaCQHuIZUu4q1/view?usp=drivesdk,https://mail.google.com/mail/u/0/#all/19c1eedb38c22d7c,1,30
BIZ-269,RECAST BIZ,Business,,2026-02-25,Local Government Solutions (Online Record Search),"Ellis County Clerk property record copies, case #1829399, 10 pages",1000,[],,id,gm-19c976016b5f86ab,Local Government Solutions (Online Record Search),2026-02-25,1030,posted,PAUL,6300,OVERHEAD,https://drive.google.com/file/d/1FgimijyoGkZQ9j9-irA73CjUSqTlIJ8t/view?usp=drivesdk,https://mail.google.com/mail/u/0/#all/19c976016b5f86ab,1,30
BIZ-270,RECAST BIZ,Business,,2026-03-04,Local Government Solutions (Online Record Search),"Ellis County Clerk property record copy, case 2530934, 4 pages",400,[],,id,gm-19cb8fc101144ecd,"Local Government Solutions, L.P.",2026-03-04,430,posted,PAUL,6300,OVERHEAD,https://drive.google.com/file/d/1y99c8W6obKUA8cu_1pl_TNvZtC-mo0WY/view?usp=drivesdk,https://mail.google.com/mail/u/0/#all/19cb8fc101144ecd,2,0
BIZ-271,RECAST BIZ,Business,,2026-03-04,Local Government Solutions (Online Record Search),Local Government Solutions transaction fee,30,[],,id,gm-19cb8fc101144ecd,"Local Government Solutions, L.P.",2026-03-04,430,posted,PAUL,6300,OVERHEAD,https://drive.google.com/file/d/1y99c8W6obKUA8cu_1pl_TNvZtC-mo0WY/view?usp=drivesdk,https://mail.google.com/mail/u/0/#all/19cb8fc101144ecd,2,0
BIZ-272,RECAST BIZ,Business,,2026-05-03,Local Government Solutions (Online Record Search) / Ellis County Clerk,"Ellis County Clerk property record copy — case/file 2321097, 6 pages",600,[],,id,gm-19df0779b2ab5adc,"Local Government Solutions, L.P. (Online Record Search)",2026-05-03,630,posted,PAUL,6300,OVERHEAD,https://drive.google.com/file/d/1-xlDmUUXMsYkp5Fth4uTW0NIqeDHeA-t/view?usp=drivesdk,https://mail.google.com/mail/u/0/#all/19df0779b2ab5adc,2,0
BIZ-273,RECAST BIZ,Business,,2026-05-03,Local Government Solutions (Online Record Search) / Ellis County Clerk,Local Government Solutions online records transaction fee,30,[],,id,gm-19df0779b2ab5adc,"Local Government Solutions, L.P. (Online Record Search)",2026-05-03,630,posted,PAUL,6300,OVERHEAD,https://drive.google.com/file/d/1-xlDmUUXMsYkp5Fth4uTW0NIqeDHeA-t/view?usp=drivesdk,https://mail.google.com/mail/u/0/#all/19df0779b2ab5adc,2,0
BIZ-274,RECAST BIZ,Business,,2026-05-04,Local Government Solutions (Online Record Search),"Ellis County Clerk property record search, case #2605504, 2 pages",200,[],,id,gm-19df59f328692144,Local Government Solutions (Online Record Search),2026-05-04,230,posted,PAUL,6300,OVERHEAD,https://drive.google.com/file/d/10WZSMvvZiiQi4mmB7CHj05JQPVfEW-MU/view?usp=drivesdk,https://mail.google.com/mail/u/0/#all/19df59f328692144,2,0
BIZ-275,RECAST BIZ,Business,,2026-05-04,Local Government Solutions (Online Record Search),Local Government Solutions transaction fee,30,[],,id,gm-19df59f328692144,Local Government Solutions (Online Record Search),2026-05-04,230,posted,PAUL,6300,OVERHEAD,https://drive.google.com/file/d/10WZSMvvZiiQi4mmB7CHj05JQPVfEW-MU/view?usp=drivesdk,https://mail.google.com/mail/u/0/#all/19df59f328692144,2,0
BIZ-276,RECAST BIZ,Business,,2026-05-18,Oregon Secretary of State (NIC/nicusa.com),"Oregon Business Filing fee (Order ID 166549550, ref 242338697)",10000,[],,id,gm-19e3baaed0e83190,Oregon Secretary of State (NICUSA),2026-05-18,10000,dismissed,PAUL,6900,OVERHEAD,,https://mail.google.com/mail/u/0/#all/19e3baaed0e83190,1,0
BIZ-277,RECAST BIZ,Business,,2026-07-28,Texas Secretary of State,Name Availability search - Recast Properties LLC (doc 1611201530003),100,[],,id,gm-19fa946c82462b2b,Texas Secretary of State,2026-07-28,200,pending,PAUL,6300,OVERHEAD,,https://mail.google.com/mail/u/0/#all/19fa946c82462b2b,2,0
BIZ-278,RECAST BIZ,Business,,2026-07-28,Texas Secretary of State,Name Availability search - Recast Property Group LLC (doc 1611201530004),100,[],,id,gm-19fa946c82462b2b,Texas Secretary of State,2026-07-28,200,pending,PAUL,6300,OVERHEAD,,https://mail.google.com/mail/u/0/#all/19fa946c82462b2b,2,0
BIZ-279,RECAST BIZ,Business,,2026-08-27,Oregon Secretary of State - Corporation Division,"Oregon SOS Corporation Division filing fee - Articles of Amendment/Dissolution, ",10000,[],,id,gm-1a04a3178e6ef1c7,Oregon Secretary of State - Corporation Division,2026-08-27,10000,error,PAUL,6900,OVERHEAD,,https://mail.google.com/mail/u/0/#all/1a04a3178e6ef1c7,1,0
BIZ-280,RECAST BIZ,Business,,2026-08-28,FedEx Office,"FedEx Express 2Day envelope shipment to Oregon Secretary of State, Corporation D",1275,[],,id,gm-1a04a6adddd5fc8b,FedEx Office,2026-08-28,1275,dismissed,PAUL,,,,https://mail.google.com/mail/u/0/#all/1a04a6adddd5fc8b,1,0
BIZ-281,RECAST BIZ,Business,,2026-09-10,Oregon Registered Agent LLC,"Oregon Mail Scanning Service, 09/10/2026 - 09/10/2027",4900,[],,id,gm-1a08bee3d03d3f93,Oregon Registered Agent LLC,2026-09-10,8400,dismissed,PAUL,6500,OVERHEAD,https://drive.google.com/file/d/197rL1iM7JokjufpXuhwkRfIGwki7MkGF/view?usp=drivesdk,https://mail.google.com/mail/u/0/#all/1a08bee3d03d3f93,2,0
BIZ-282,RECAST BIZ,Business,,2026-09-10,Oregon Registered Agent LLC,"Oregon Registered Agent Service, 09/10/2026 - 09/10/2027",3500,[],,id,gm-1a08bee3d03d3f93,Oregon Registered Agent LLC,2026-09-10,8400,dismissed,PAUL,6900,OVERHEAD,https://drive.google.com/file/d/197rL1iM7JokjufpXuhwkRfIGwki7MkGF/view?usp=drivesdk,https://mail.google.com/mail/u/0/#all/1a08bee3d03d3f93,2,0
BIZ-283,RECAST BIZ,Interest,,,420 Alyssa,,66667,[],,none,,,,,,,,,,,0,
PROP-21,881 Newport,,4,2026-07-07,Effren,Landscaping,30000,"[true, false]",,strong,gm-19f99daa6dab8453,Falcon Creek Lawn Care,2026-07-07,53500,pending,PAUL,1130,280 Sparkling,,https://mail.google.com/mail/u/0/#all/19f99daa6dab8453,5,-1500
PROP-22,881 Newport,,4,2026-06-29,Rocket Water,Water,15000,"[true, false, false]",,strong,gm-19f2375f3f8eeb7c,Rockett Special Utility District,2026-06-29,15000,posted,PAUL,1120,881 Newport,https://drive.google.com/file/d/13121IPjeEzgGN7w-OBeBGoVXsOBgD0wa/view?usp=drivesdk,https://mail.google.com/mail/u/0/#all/19f2375f3f8eeb7c,1,0
PROP-23,881 Newport,,5,2026-07-07,Effren,Landscaping,5500,"[true, false, false]",,strong,gm-19f99daa6dab8453,Falcon Creek Lawn Care,2026-07-07,53500,pending,PAUL,1130,136 Bowling Green,,https://mail.google.com/mail/u/0/#all/19f99daa6dab8453,5,-1500
PROP-24,881 Newport,,5,2026-06-29,TXU,Electricity,6323,"[true, false, false]",,strong,gm-19fae6d7ce78c68a,TXU Energy,2026-07-29,6323,posted,PAUL,1120,136 Bowling Green,,https://mail.google.com/mail/u/0/#all/19fae6d7ce78c68a,1,0
PROP-25,881 Newport,,6,2026-07-01,Home Depot,Drywall Panel,756,"[true, false, false]",,weak,gm-19f237650c695b39,The Home Depot,2026-07-01,11815,posted,PAUL,1030,881 Newport,https://drive.google.com/file/d/14pcmNaLOCy7mp_NenfuqW5WHanIhH_lg/view?usp=drivesdk,https://mail.google.com/mail/u/0/#all/19f237650c695b39,1,
PROP-26,881 Newport,,6,2026-08-30,Rocket Water,Water,14472,"[false, false, true]",,strong,gm-1a0395f7d5566e0d,Rockett Special Utility District,2026-08-25,14472,pending,UNKNOWN,1120,881 Newport,,https://mail.google.com/mail/u/0/#all/1a0395f7d5566e0d,1,0
PROP-27,881 Newport,,7,2026-07-01,Home Depot,Plug,377,"[true, false, false]",,weak,gm-19f237650c695b39,The Home Depot,2026-07-01,11815,posted,PAUL,1030,881 Newport,https://drive.google.com/file/d/14pcmNaLOCy7mp_NenfuqW5WHanIhH_lg/view?usp=drivesdk,https://mail.google.com/mail/u/0/#all/19f237650c695b39,1,
PROP-28,881 Newport,,7,2026-08-26,TXU,Electricity,8872,"[false, false, true]",,strong,gm-1a03ea5890cac04e,TXU Energy,2026-08-26,8872,pending,UNKNOWN,1120,881 Newport,,https://mail.google.com/mail/u/0/#all/1a03ea5890cac04e,1,0
PROP-29,881 Newport,,8,2026-07-01,Home Depot,Roller Trays,647,"[true, false, false]",,weak,gm-19f237650c695b39,The Home Depot,2026-07-01,11815,posted,PAUL,1030,881 Newport,https://drive.google.com/file/d/14pcmNaLOCy7mp_NenfuqW5WHanIhH_lg/view?usp=drivesdk,https://mail.google.com/mail/u/0/#all/19f237650c695b39,1,
PROP-30,881 Newport,,8,2026-09-10,TXU,Electricity,11812,"[false, false, true]",,strong,gm-1a09104468189ee2,TXU Energy,2026-09-10,11812,dismissed,1401,1120,881 Newport,https://drive.google.com/file/d/1hO5qjfgl6cJX6Mj_m-mI_FTNdoQkKiX0/view?usp=drivesdk,https://mail.google.com/mail/u/0/#all/1a09104468189ee2,1,0
PROP-31,881 Newport,,9,2026-07-01,Home Depot,Roller Covers,1080,"[true, false, false]",,weak,gm-19f237650c695b39,The Home Depot,2026-07-01,11815,posted,PAUL,1030,881 Newport,https://drive.google.com/file/d/14pcmNaLOCy7mp_NenfuqW5WHanIhH_lg/view?usp=drivesdk,https://mail.google.com/mail/u/0/#all/19f237650c695b39,1,
PROP-32,881 Newport,,9,2026-09-11,Rocket Water,Water,19474,"[false, false, true]",,strong,gm-1a091a295143ec7b,"Rockett Special Utility District (assumed from ""rocket water"")",2026-09-11,19474,pending,UNKNOWN,1120,881 Newport,,https://mail.google.com/mail/u/0/#all/1a091a295143ec7b,1,0
PROP-33,881 Newport,,10,2026-07-01,Home Depot,Paint,2856,"[true, false, false]",,strong,gm-19f237650c695b39,The Home Depot,2026-07-01,11815,posted,PAUL,1040,881 Newport,https://drive.google.com/file/d/14pcmNaLOCy7mp_NenfuqW5WHanIhH_lg/view?usp=drivesdk,https://mail.google.com/mail/u/0/#all/19f237650c695b39,1,8959
PROP-34,881 Newport,,11,2026-07-01,Home Depot,Toilet Seat,2556,"[true, false, false]",,weak,gm-19f237650c695b39,The Home Depot,2026-07-01,11815,posted,PAUL,1030,881 Newport,https://drive.google.com/file/d/14pcmNaLOCy7mp_NenfuqW5WHanIhH_lg/view?usp=drivesdk,https://mail.google.com/mail/u/0/#all/19f237650c695b39,1,
PROP-35,881 Newport,,12,2026-07-06,Lowes,Paint,9087,"[true, false, false]",,strong,gm-19f375eaba8d8ee8,"Lowe's Home Centers, LLC",2026-07-06,9087,posted,PAUL,1030,881 Newport,https://drive.google.com/file/d/1EhIkX32eKg3or1JQjwVIuRODLmXe3t4U/view?usp=drivesdk,https://mail.google.com/mail/u/0/#all/19f375eaba8d8ee8,1,0
PROP-36,881 Newport,,13,2026-07-06,Lowes,Paint,2379,"[true, false, false]",,strong,gm-19f37c23af674543,"Lowe's Home Centers, LLC",2026-07-06,2379,dismissed,PAUL,1030,881 Newport,https://drive.google.com/file/d/1c54_wg1MJUbvSkyT8Pcp0PvV3_Od8Bwz/view?usp=drivesdk,https://mail.google.com/mail/u/0/#all/19f37c23af674543,1,0
PROP-37,881 Newport,,14,2026-07-06,Juanito,Garage Painting,50000,"[true, false, false]",,strong,gm-19f390f745f748d4,Juanito and Mariana (unidentified labor payees),2026-07-06,100000,pending,PAUL,1020,881 Newport,,https://mail.google.com/mail/u/0/#all/19f390f745f748d4,2,0
PROP-38,881 Newport,,15,2026-07-06,Mariana,Cleaning,50000,"[true, false, false]",,strong,gm-19f390f745f748d4,Juanito and Mariana (unidentified labor payees),2026-07-06,100000,pending,PAUL,1020,881 Newport,,https://mail.google.com/mail/u/0/#all/19f390f745f748d4,2,0
PROP-39,881 Newport,,16,2026-07-08,Home Depot,Caulk,1459,"[true, false, false]",,strong,gm-19f41acfd298c9d7,The Home Depot,2026-07-08,8793,dismissed,PAUL,1030,881 Newport,https://drive.google.com/file/d/11cCAWolWNeAq5AfFiOhbb5Mf4e3nDdWQ/view?usp=drivesdk,https://mail.google.com/mail/u/0/#all/19f41acfd298c9d7,2,5712
PROP-40,881 Newport,,17,2026-07-08,Home Depot,Painters Towels,1622,"[true, false, false]",,strong,gm-19f41acfd298c9d7,The Home Depot,2026-07-08,8793,dismissed,PAUL,1030,881 Newport,https://drive.google.com/file/d/11cCAWolWNeAq5AfFiOhbb5Mf4e3nDdWQ/view?usp=drivesdk,https://mail.google.com/mail/u/0/#all/19f41acfd298c9d7,2,5712
PROP-41,881 Newport,,18,2026-07-08,Home Depot,Towels,5112,"[true, false, false]",,weak,gm-19f41acfd298c9d7,The Home Depot,2026-07-08,8793,dismissed,PAUL,1030,881 Newport,https://drive.google.com/file/d/11cCAWolWNeAq5AfFiOhbb5Mf4e3nDdWQ/view?usp=drivesdk,https://mail.google.com/mail/u/0/#all/19f41acfd298c9d7,2,
PROP-42,881 Newport,,19,2026-07-08,Home Depot,Wall Texture,2163,"[true, false, false]",,strong,gm-19f42c17927282a4,The Home Depot,2026-07-08,5534,pending,PAUL,1030,881 Newport,,https://mail.google.com/mail/u/0/#all/19f42c17927282a4,2,515
PROP-43,881 Newport,,20,2026-07-08,Home Depot,Paint,2856,"[true, false, false]",,strong,gm-19f42c17927282a4,The Home Depot,2026-07-08,5534,pending,PAUL,1030,881 Newport,,https://mail.google.com/mail/u/0/#all/19f42c17927282a4,2,515
PROP-44,881 Newport,,21,2026-07-08,Home Depot,Toilet Paper,810,"[true, false, false]",,strong,gm-19f43e16247dc4bd,The Home Depot,2026-07-08,3665,dismissed,PAUL,1030,881 Newport,https://drive.google.com/file/d/1puqmQJETnqpovh12tc5uUaoy8h6SN29U/view?usp=drivesdk,https://mail.google.com/mail/u/0/#all/19f43e16247dc4bd,2,-1
PROP-45,881 Newport,,22,2026-07-08,Home Depot,Paint,2856,"[true, false, false]",,strong,gm-19f43e16247dc4bd,The Home Depot,2026-07-08,3665,dismissed,PAUL,1030,881 Newport,https://drive.google.com/file/d/1puqmQJETnqpovh12tc5uUaoy8h6SN29U/view?usp=drivesdk,https://mail.google.com/mail/u/0/#all/19f43e16247dc4bd,2,-1
PROP-46,881 Newport,,23,2026-07-19,Effren - 1372,Landscaping,11000,"[true, false, false]",,weak,gm-19fb337be62617b6,Falcon Creek Lawn Care,2026-07-19,47000,posted,PAUL,1130,136 Bowling Green,https://drive.google.com/file/d/1-1m_RG1m8TfjPZ4u4e45iEVZK_BG9pNO/view?usp=drivesdk,https://mail.google.com/mail/u/0/#all/19fb337be62617b6,0,
PROP-47,881 Newport,,24,2026-08-30,Efren - 1390,Landscaping,11000,"[false, false, true]",,strong,gm-1a05ab48308800cc,Falcon Creek Lawn Care,2026-08-30,42500,pending,UNKNOWN,1130,881 Newport,,https://mail.google.com/mail/u/0/#all/1a05ab48308800cc,1,31500
PROP-48,881 Newport,,25,2026-09-05,Lowes,Roofing Nails,701,"[false, false, true]",,strong,gm-1a0a0befad5d6040,"Lowe's Home Centers, LLC",2026-09-05,2806,pending,1401,1030,469 Brushwood,,https://mail.google.com/mail/u/0/#all/1a0a0befad5d6040,2,1295
PROP-49,881 Newport,,26,2026-09-05,Lowes,Ashphalt Caulk,647,"[false, false, true]",,weak,dry-gm-1a07217d8a060601,"Lowe's Home Centers, LLC",2026-09-05,6493,dry,1402,6510,OVERHEAD,https://drive.google.com/file/d/1mOzQrD5pJNRUrEmMU0nDe-pbYl_FgUoG/view?usp=drivesdk,https://mail.google.com/mail/u/0/#all/1a07217d8a060601,0,
PROP-50,881 Newport,,27,2026-09-09,Neighborhood Management,HOA Release,37500,"[false, false, true]",,strong,gm-1a0a0d8694b4ba83,"Neighborhood Management, Inc.",2026-09-09,37500,pending,1401,1310,881 Newport,,https://mail.google.com/mail/u/0/#all/1a0a0d8694b4ba83,1,0
PROP-51,469 Brushwood,,4,2026-09-01,Home Depot,Door Lock Set,6162,"[false, false, true]",,strong,gm-1a05ef58a15ddc6b,The Home Depot,2026-09-01,6162,posted,1401,1030,469 Brushwood,https://drive.google.com/file/d/112olxXa0Re96wCdbnOVkCIEH_3HBingi/view?usp=drivesdk,https://mail.google.com/mail/u/0/#all/1a05ef58a15ddc6b,1,0
PROP-52,469 Brushwood,,4,2026-09-01,Waxahachie Watwr,Water,10000,"[false, false, true]",,weak,gm-1a04a3178e6ef1c7,Oregon Secretary of State - Corporation Division,2026-08-27,10000,error,PAUL,6900,OVERHEAD,,https://mail.google.com/mail/u/0/#all/1a04a3178e6ef1c7,1,
PROP-53,469 Brushwood,,5,2026-09-02,Home Depot,Front Door Latch,5409,"[false, false, true]",,strong,gm-1a0623f8d71b7b81,The Home Depot,2026-09-02,5409,dismissed,1401,1030,469 Brushwood,https://drive.google.com/file/d/1VVBZai5054zzb980qLJEyNEnNvKvTCQe/view?usp=drivesdk,https://mail.google.com/mail/u/0/#all/1a0623f8d71b7b81,1,0
PROP-54,469 Brushwood,,6,2026-09-02,Home Depot,Microwave,33999,"[false, false, true]",,strong,gm-1a06240c78fa29e2,The Home Depot,2026-09-02,33999,pending,1401,1040,469 Brushwood,,https://mail.google.com/mail/u/0/#all/1a06240c78fa29e2,1,0
PROP-55,469 Brushwood,,7,2026-09-02,Home Depot,REFUND: Front Door Latch,-5409,"[false, false, true]",,strong,gm-1a062f72cdc14e33,The Home Depot,2026-09-02,-5409,pending,1401,1030,469 Brushwood,,https://mail.google.com/mail/u/0/#all/1a062f72cdc14e33,1,0
PROP-56,469 Brushwood,,8,2026-09-02,Home Depot,Waether Stripping,1295,"[false, false, true]",,strong,gm-1a063139bc9a9a33,The Home Depot,2026-09-02,10901,dismissed,1401,1030,469 Brushwood,https://drive.google.com/file/d/1xTqOhPymTY3Rmsr6cS7cXB6gg6eclsr9/view?usp=drivesdk,https://mail.google.com/mail/u/0/#all/1a063139bc9a9a33,9,1
PROP-57,469 Brushwood,,9,2026-09-02,Home Depot,Sponges,756,"[false, false, true]",,strong,gm-1a063139bc9a9a33,The Home Depot,2026-09-02,10901,dismissed,1401,1030,469 Brushwood,https://drive.google.com/file/d/1xTqOhPymTY3Rmsr6cS7cXB6gg6eclsr9/view?usp=drivesdk,https://mail.google.com/mail/u/0/#all/1a063139bc9a9a33,9,1
PROP-58,469 Brushwood,,10,2026-09-02,Home Depot,Door Stops,816,"[false, false, true]",,strong,gm-1a063139bc9a9a33,The Home Depot,2026-09-02,10901,dismissed,1401,1030,469 Brushwood,https://drive.google.com/file/d/1xTqOhPymTY3Rmsr6cS7cXB6gg6eclsr9/view?usp=drivesdk,https://mail.google.com/mail/u/0/#all/1a063139bc9a9a33,9,1
PROP-59,469 Brushwood,,11,2026-09-02,Home Depot,Paint Rollers,1080,"[false, false, true]",,strong,gm-1a063139bc9a9a33,The Home Depot,2026-09-02,10901,dismissed,1401,1030,469 Brushwood,https://drive.google.com/file/d/1xTqOhPymTY3Rmsr6cS7cXB6gg6eclsr9/view?usp=drivesdk,https://mail.google.com/mail/u/0/#all/1a063139bc9a9a33,9,1
PROP-60,469 Brushwood,,12,2026-09-02,Home Depot,Scrub Brush,1945,"[false, false, true]",,strong,gm-1a063139bc9a9a33,The Home Depot,2026-09-02,10901,dismissed,1401,1030,469 Brushwood,https://drive.google.com/file/d/1xTqOhPymTY3Rmsr6cS7cXB6gg6eclsr9/view?usp=drivesdk,https://mail.google.com/mail/u/0/#all/1a063139bc9a9a33,9,1
PROP-61,469 Brushwood,,13,2026-09-02,Home Depot,Waether Stripping,858,"[false, false, true]",,strong,gm-1a063139bc9a9a33,The Home Depot,2026-09-02,10901,dismissed,1401,1030,469 Brushwood,https://drive.google.com/file/d/1xTqOhPymTY3Rmsr6cS7cXB6gg6eclsr9/view?usp=drivesdk,https://mail.google.com/mail/u/0/#all/1a063139bc9a9a33,9,1
PROP-62,469 Brushwood,,14,2026-09-02,Home Depot,Concrete Degreaser,1946,"[false, false, true]",,strong,gm-1a063139bc9a9a33,The Home Depot,2026-09-02,10901,dismissed,1401,1030,469 Brushwood,https://drive.google.com/file/d/1xTqOhPymTY3Rmsr6cS7cXB6gg6eclsr9/view?usp=drivesdk,https://mail.google.com/mail/u/0/#all/1a063139bc9a9a33,9,1
PROP-63,469 Brushwood,,15,2026-09-02,Home Depot,Roller Trays,647,"[false, false, true]",,strong,gm-1a063139bc9a9a33,The Home Depot,2026-09-02,10901,dismissed,1401,1030,469 Brushwood,https://drive.google.com/file/d/1xTqOhPymTY3Rmsr6cS7cXB6gg6eclsr9/view?usp=drivesdk,https://mail.google.com/mail/u/0/#all/1a063139bc9a9a33,9,1
PROP-64,469 Brushwood,,16,2026-09-02,Home Depot,Paint,1557,"[false, false, true]",,strong,gm-1a063139bc9a9a33,The Home Depot,2026-09-02,10901,dismissed,1401,1030,469 Brushwood,https://drive.google.com/file/d/1xTqOhPymTY3Rmsr6cS7cXB6gg6eclsr9/view?usp=drivesdk,https://mail.google.com/mail/u/0/#all/1a063139bc9a9a33,9,1
PROP-65,469 Brushwood,,17,2026-09-03,Home Depot,Liquid Nails,377,"[false, false, true]",,strong,gm-1a0679d10dfb58fc,The Home Depot,2026-09-03,5587,posted,1401,1030,469 Brushwood,https://drive.google.com/file/d/1Cc5n079-sBSgOR_WLedbPXyISMXyWHyF/view?usp=drivesdk,https://mail.google.com/mail/u/0/#all/1a0679d10dfb58fc,2,4671
PROP-66,469 Brushwood,,18,2026-09-03,Home Depot,Goo Gone,539,"[false, false, true]",,strong,gm-1a0679d10dfb58fc,The Home Depot,2026-09-03,5587,posted,1401,1030,469 Brushwood,https://drive.google.com/file/d/1Cc5n079-sBSgOR_WLedbPXyISMXyWHyF/view?usp=drivesdk,https://mail.google.com/mail/u/0/#all/1a0679d10dfb58fc,2,4671
PROP-67,469 Brushwood,,19,2026-09-03,Home Depot,Paint,4655,"[false, false, true]",,weak,gm-1a0679d10dfb58fc,The Home Depot,2026-09-03,5587,posted,1401,1030,469 Brushwood,https://drive.google.com/file/d/1Cc5n079-sBSgOR_WLedbPXyISMXyWHyF/view?usp=drivesdk,https://mail.google.com/mail/u/0/#all/1a0679d10dfb58fc,2,
PROP-68,469 Brushwood,,20,2026-09-03,Floor & Decor,Flooring Transition,4241,"[false, false, true]",,strong,gm-1a067bd438f39de3,Floor and Decor,2026-09-03,4221,posted,1401,1030,469 Brushwood,https://drive.google.com/file/d/1Q02T9GHJ95gMXo_uuAVTsq6KWmjwq3aW/view?usp=drivesdk,https://mail.google.com/mail/u/0/#all/1a067bd438f39de3,1,-20
PROP-69,469 Brushwood,,21,2026-09-04,Home Depot,Kilz Primer,1470,"[false, false, true]",,strong,gm-1a06cc096121cd45,The Home Depot,2026-09-04,1470,posted,1401,1030,469 Brushwood,https://drive.google.com/file/d/1SrVW2xhnQQLyTqumgemDQsFuMLEogMmR/view?usp=drivesdk,https://mail.google.com/mail/u/0/#all/1a06cc096121cd45,1,0
PROP-70,469 Brushwood,,22,2026-09-04,Lowes,Mop,1405,"[false, false, true]",,strong,gm-1a06da589b0fc446,"Lowe's Home Centers, LLC",2026-09-04,27050,pending,1401,1030,469 Brushwood,,https://mail.google.com/mail/u/0/#all/1a06da589b0fc446,3,23430
PROP-71,469 Brushwood,,23,2026-09-04,Lowes,Garage Floor Paint,4328,"[false, false, true]",,weak,gm-1a06da589b0fc446,"Lowe's Home Centers, LLC",2026-09-04,27050,pending,1401,1030,469 Brushwood,,https://mail.google.com/mail/u/0/#all/1a06da589b0fc446,3,
PROP-72,469 Brushwood,,24,2026-09-04,Lowes,Paint Roller,756,"[false, false, true]",,strong,gm-1a06da589b0fc446,"Lowe's Home Centers, LLC",2026-09-04,27050,pending,1401,1030,469 Brushwood,,https://mail.google.com/mail/u/0/#all/1a06da589b0fc446,3,23430
PROP-73,469 Brushwood,,25,2026-09-04,Lowes,Caulk,1459,"[false, false, true]",,strong,gm-1a06da589b0fc446,"Lowe's Home Centers, LLC",2026-09-04,27050,pending,1401,1030,469 Brushwood,,https://mail.google.com/mail/u/0/#all/1a06da589b0fc446,3,23430
PROP-74,469 Brushwood,,26,2026-09-05,Lowes,Spray Paint,810,"[false, false, true]",,strong,gm-1a0a0befad5d6040,"Lowe's Home Centers, LLC",2026-09-05,2806,pending,1401,1030,469 Brushwood,,https://mail.google.com/mail/u/0/#all/1a0a0befad5d6040,2,1295
PROP-75,469 Brushwood,,27,2026-09-07,Home Depot,Stain,4155,"[false, false, true]",,strong,gm-1a07c578a33b385e,The Home Depot,2026-09-07,4155,posted,1401,1030,469 Brushwood,https://drive.google.com/file/d/1SElXPZ95McrkuklcFeL5EqwLN7uVnKHk/view?usp=drivesdk,https://mail.google.com/mail/u/0/#all/1a07c578a33b385e,1,0
PROP-76,469 Brushwood,,28,2026-09-06,Home Depot,Brushes,3241,"[false, false, true]",,strong,gm-1a07d2aab4818b57,The Home Depot,2026-09-06,11551,posted,1401,1030,469 Brushwood,https://drive.google.com/file/d/17PlZo5qE07wHrcX6SXH1naJdzryIEujX/view?usp=drivesdk,https://mail.google.com/mail/u/0/#all/1a07d2aab4818b57,1,8310
PROP-77,469 Brushwood,,29,2026-09-06,Home Depot,Stain,4155,"[false, false, true]",,weak,gm-1a07c578a33b385e,The Home Depot,2026-09-07,4155,posted,1401,1030,469 Brushwood,https://drive.google.com/file/d/1SElXPZ95McrkuklcFeL5EqwLN7uVnKHk/view?usp=drivesdk,https://mail.google.com/mail/u/0/#all/1a07c578a33b385e,1,
PROP-78,469 Brushwood,,30,2026-09-07,Mariana,Cleaning,25000,"[true, false, false]",,weak,gm-1a07ec26660d7659,Mariana Martinez,2026-09-07,70000,pending,UNKNOWN,,,,https://mail.google.com/mail/u/0/#all/1a07ec26660d7659,0,
PROP-79,469 Brushwood,,31,2026-09-06,Joe Iley,Listing Fee,29900,"[false, false, true]",,strong,gm-1a080c871b33bb67,Iley &amp; Iley Financial-Mission Real Estate Group,2026-09-08,29900,pending,1401,1330,469 Brushwood,,https://mail.google.com/mail/u/0/#all/1a080c871b33bb67,1,0
PROP-80,469 Brushwood,,32,2026-09-08,Home Depot,Painters Caulk,431,"[false, false, true]",,strong,gm-1a0818cc8dbe30b9,The Home Depot,2026-09-08,699,dismissed,1401,1030,469 Brushwood,https://drive.google.com/file/d/1r1WV1kDeiDE_qC024Kbpt9Snmiee18iY/view?usp=drivesdk,https://mail.google.com/mail/u/0/#all/1a0818cc8dbe30b9,2,0
PROP-81,469 Brushwood,,33,2026-09-08,Home Depot,Wall Switch Plate,268,"[false, false, true]",,strong,gm-1a0818cc8dbe30b9,The Home Depot,2026-09-08,699,dismissed,1401,1030,469 Brushwood,https://drive.google.com/file/d/1r1WV1kDeiDE_qC024Kbpt9Snmiee18iY/view?usp=drivesdk,https://mail.google.com/mail/u/0/#all/1a0818cc8dbe30b9,2,0
PROP-82,469 Brushwood,,34,2026-09-08,FedEx,Marketing Sheets,5000,"[true, false, false]",,strong,gm-1a0837b410c8a58a,FedEx,2026-09-09,5000,pending,UNKNOWN,1330,469 Brushwood,,https://mail.google.com/mail/u/0/#all/1a0837b410c8a58a,1,0
PROP-83,469 Brushwood,,35,2026-09-10,"Homes,com",Advertising,38429,"[false, false, true]",,strong,gm-1a08cc9b0171c64c,Homes.com,2026-09-10,38429,posted,1401,1330,469 Brushwood,,https://mail.google.com/mail/u/0/#all/1a08cc9b0171c64c,1,0
PROP-84,366 Mesa,,3,2026-08-15,Carlos,Siding Supplies,50000,"[false, false, true]",,strong,gm-1a007f1fdf7903ee,Carlos A Ibarra,2026-08-15,50000,pending,1401,1030,366 Mesa,,https://mail.google.com/mail/u/0/#all/1a007f1fdf7903ee,1,0
PROP-85,366 Mesa,,3,2026-08-19,HILCO,Electricity,20000,"[false, false, true]",,strong,gm-1a06e6d1987f7d9c,HILCO Electric Cooperative,2026-08-18,20000,pending,1401,,,,https://mail.google.com/mail/u/0/#all/1a06e6d1987f7d9c,1,0
PROP-86,366 Mesa,,4,2026-08-19,Carlos,Siding Insatll,50000,"[false, false, true]",,weak,gm-1a007f1fdf7903ee,Carlos A Ibarra,2026-08-15,50000,pending,1401,1030,366 Mesa,,https://mail.google.com/mail/u/0/#all/1a007f1fdf7903ee,1,
PROP-87,366 Mesa,,5,2026-08-19,Carlos,Siding Insatll,50000,"[false, false, true]",,weak,gm-1a007f1fdf7903ee,Carlos A Ibarra,2026-08-15,50000,pending,1401,1030,366 Mesa,,https://mail.google.com/mail/u/0/#all/1a007f1fdf7903ee,1,
PROP-88,366 Mesa,,6,2026-08-19,Carlos,Siding Insatll,50000,"[false, false, true]",,weak,gm-1a007f1fdf7903ee,Carlos A Ibarra,2026-08-15,50000,pending,1401,1030,366 Mesa,,https://mail.google.com/mail/u/0/#all/1a007f1fdf7903ee,1,
PROP-89,366 Mesa,,7,2026-08-20,Carlos,Siding Insatll,50000,"[false, false, true]",,weak,gm-1a007f1fdf7903ee,Carlos A Ibarra,2026-08-15,50000,pending,1401,1030,366 Mesa,,https://mail.google.com/mail/u/0/#all/1a007f1fdf7903ee,1,
PROP-90,366 Mesa,,8,2026-08-28,Carlos -  Check 1146,Siding Insatll,150000,"[false, true, false]",,none,,,,,,,,,,,0,
PROP-91,366 Mesa,,9,2026-08-28,Juanito -  Check 1147,Painting,200000,"[false, true, false]",,none,,,,,,,,,,,0,
PROP-92,366 Mesa,,10,2026-08-26,James Haroce,Siding ,150000,"[false, true, false]",,none,,,,,,,,,,,0,
PROP-93,366 Mesa,,11,2026-08-18,Carlos,Soffit,22000,"[false, true, false]",,weak,gm-1a007f1fdf7903ee,Carlos A Ibarra,2026-08-15,50000,pending,1401,1030,366 Mesa,,https://mail.google.com/mail/u/0/#all/1a007f1fdf7903ee,1,
PROP-94,366 Mesa,,12,2026-08-18,Home Depot,Pipe coupling,118,"[false, true, false]",,weak,gm-1a000805d296df8b,The Home Depot,2026-08-14,8726,posted,PAUL,1030,366 Mesa,https://drive.google.com/file/d/1OC65derKXGQVjdxfhUbk9VOAiEt8kw68/view?usp=drivesdk,https://mail.google.com/mail/u/0/#all/1a000805d296df8b,1,
PROP-95,366 Mesa,,14,2026-09-02,Home Depot,?,2072,"[false, true, false]",,weak,gm-1a0637f9de324f8d,The Home Depot,2026-09-02,15805,pending,UNKNOWN,6510,OVERHEAD,,https://mail.google.com/mail/u/0/#all/1a0637f9de324f8d,1,
PROP-96,366 Mesa,,15,2026-08-03,Home Depot,?,1966,"[false, true, false]",,weak,gm-19fdce59eb5592c7,The Home Depot,2026-08-07,16129,posted,PAUL,6510,OVERHEAD,https://drive.google.com/file/d/11_r8UguQ_2I-0CPP2xYdlMNjdA_2TF8f/view?usp=drivesdk,https://mail.google.com/mail/u/0/#all/19fdce59eb5592c7,1,
PROP-97,366 Mesa,,16,2026-08-11,Amazon,Door Lock,3659,"[false, false, true]",,strong,gm-19ff0fce9ebc581d,Amazon,2026-08-11,3659,pending,PAUL,1030,366 Mesa,,https://mail.google.com/mail/u/0/#all/19ff0fce9ebc581d,1,0
PROP-98,366 Mesa,,17,2026-08-13,Home Depot,5/4 PT Siding Trim,14789,"[false, false, true]",,strong,gm-19ffb6db8e1403dc,The Home Depot,2026-08-13,14789,posted,1401,1030,366 Mesa,https://drive.google.com/file/d/1irpLOXO1cq_Z_d8aAhLrspJ4vAUhse_7/view?usp=drivesdk,https://mail.google.com/mail/u/0/#all/19ffb6db8e1403dc,1,0
PROP-99,366 Mesa,,18,2026-08-13,Lowe's,Exterior Lights,6057,"[false, false, true]",,strong,gm-19ffbab89c6e794c,"Lowe's Home Centers, LLC",2026-08-13,54240,pending,1401,1030,366 Mesa,,https://mail.google.com/mail/u/0/#all/19ffbab89c6e794c,1,48183
PROP-100,366 Mesa,,19,2026-08-13,Lowe's,Light Bulbs,972,"[false, false, true]",,weak,gm-19ffbab89c6e794c,"Lowe's Home Centers, LLC",2026-08-13,54240,pending,1401,1030,366 Mesa,,https://mail.google.com/mail/u/0/#all/19ffbab89c6e794c,1,
PROP-101,366 Mesa,,20,2026-08-13,Lowe's,Nail Guards,4384,"[false, false, true]",,weak,gm-19ffbab89c6e794c,"Lowe's Home Centers, LLC",2026-08-13,54240,pending,1401,1030,366 Mesa,,https://mail.google.com/mail/u/0/#all/19ffbab89c6e794c,1,
PROP-102,366 Mesa,,21,2026-08-13,Lowe's,1x4 x10 PT Siding Trim,20470,"[false, false, true]",,weak,gm-19ffbab89c6e794c,"Lowe's Home Centers, LLC",2026-08-13,54240,pending,1401,1030,366 Mesa,,https://mail.google.com/mail/u/0/#all/19ffbab89c6e794c,1,
PROP-103,366 Mesa,,22,2026-08-13,Lowe's,1x3x8 For Pergola,14809,"[false, false, true]",,weak,gm-19ffbab89c6e794c,"Lowe's Home Centers, LLC",2026-08-13,54240,pending,1401,1030,366 Mesa,,https://mail.google.com/mail/u/0/#all/19ffbab89c6e794c,1,
PROP-104,366 Mesa,,23,2026-08-13,Lowe's,Flashing,7547,"[false, false, true]",,weak,gm-19ffbab89c6e794c,"Lowe's Home Centers, LLC",2026-08-13,54240,pending,1401,1030,366 Mesa,,https://mail.google.com/mail/u/0/#all/19ffbab89c6e794c,1,
PROP-105,366 Mesa,,24,2026-08-13,Lowe's,Skirting,59500,"[false, false, true]",,strong,gm-19ffbf99b1ac47e9,"Lowe's Home Centers, LLC",2026-08-13,59500,pending,1401,1030,366 Mesa,,https://mail.google.com/mail/u/0/#all/19ffbf99b1ac47e9,1,0
PROP-106,366 Mesa,,25,2026-08-14,Home Depot,SCrews,1188,"[false, false, true]",,strong,gm-1a000805d296df8b,The Home Depot,2026-08-14,8726,posted,PAUL,1030,366 Mesa,https://drive.google.com/file/d/1OC65derKXGQVjdxfhUbk9VOAiEt8kw68/view?usp=drivesdk,https://mail.google.com/mail/u/0/#all/1a000805d296df8b,1,7538
PROP-107,366 Mesa,,26,2026-08-14,Home Depot,Door Lock Sets,6961,"[false, false, true]",,weak,gm-1a000805d296df8b,The Home Depot,2026-08-14,8726,posted,PAUL,1030,366 Mesa,https://drive.google.com/file/d/1OC65derKXGQVjdxfhUbk9VOAiEt8kw68/view?usp=drivesdk,https://mail.google.com/mail/u/0/#all/1a000805d296df8b,1,
PROP-108,366 Mesa,,27,2026-08-14,Home Depot,5/4 PT Siding Trim,4408,"[false, false, true]",,strong,gm-1a00080eaf1523dd,The Home Depot,2026-08-14,4408,posted,PAUL,1030,366 Mesa,https://drive.google.com/file/d/16Ft5kyDOG2kb8sc8_dFDsWyhVJgrfmI9/view?usp=drivesdk,https://mail.google.com/mail/u/0/#all/1a00080eaf1523dd,1,0
PROP-109,366 Mesa,,28,2026-09-03,Lowe's,Skirting,23900,"[false, false, true]",,strong,gm-1a0670481531c3e9,"Lowe's Home Centers, LLC",2026-09-03,23900,pending,1401,1030,366 Mesa,,https://mail.google.com/mail/u/0/#all/1a0670481531c3e9,1,0
PROP-110,136 Bowling Green,,3,2026-06-25,Amazon,Door Lock,3103,"[true, false]",,strong,gm-19f00ab9125115f9,Amazon,2026-06-25,3103,pending,PAUL,1030,136 Bowling Green,,https://mail.google.com/mail/u/0/#all/19f00ab9125115f9,1,0
PROP-111,136 Bowling Green,,4,2026-06-25,Home Depot,Roller Trays,647,"[true, false]",,strong,gm-19f00c2049c512fe,The Home Depot,2026-06-25,17659,error,PAUL,1030,136 Bowling Green,,https://mail.google.com/mail/u/0/#all/19f00c2049c512fe,7,-70
PROP-112,136 Bowling Green,,5,2026-06-25,Home Depot,Drywall Panel,756,"[true, false]",,strong,gm-19f00c2049c512fe,The Home Depot,2026-06-25,17659,error,PAUL,1030,136 Bowling Green,,https://mail.google.com/mail/u/0/#all/19f00c2049c512fe,7,-70
PROP-113,136 Bowling Green,,6,2026-06-25,Home Depot,9V Batteries,3328,"[true, false]",,strong,gm-19f00c2049c512fe,The Home Depot,2026-06-25,17659,error,PAUL,1030,136 Bowling Green,,https://mail.google.com/mail/u/0/#all/19f00c2049c512fe,7,-70
PROP-114,136 Bowling Green,,7,2026-06-25,Home Depot,Drywayll Mud,1171,"[true, false]",,strong,gm-19f00c2049c512fe,The Home Depot,2026-06-25,17659,error,PAUL,1030,136 Bowling Green,,https://mail.google.com/mail/u/0/#all/19f00c2049c512fe,7,-70
PROP-115,136 Bowling Green,,7,2026-06-27,City of Red Oak,Water,11615,"[true, false]",,strong,gm-19ed16988e311cba,City of Red Oak - Utility Billing,2026-06-16,11615,posted,PAUL,1120,136 Bowling Green,https://drive.google.com/file/d/1QtkxGkRIR_9pbGyo_PXm62fbGXo1NLs7/view?usp=drivesdk,https://mail.google.com/mail/u/0/#all/19ed16988e311cba,1,0
PROP-116,136 Bowling Green,,8,2026-06-25,Home Depot,Paint,6059,"[true, false]",,strong,gm-19f00c2049c512fe,The Home Depot,2026-06-25,17659,error,PAUL,1030,136 Bowling Green,,https://mail.google.com/mail/u/0/#all/19f00c2049c512fe,7,-70
PROP-117,136 Bowling Green,,8,2026-07-29,TXU,Electricity,10212,"[true, false]",,strong,gm-19f98341582eb450,TXU Energy,2026-07-25,10216,pending,PAUL,1120,1616 Granite,,https://mail.google.com/mail/u/0/#all/19f98341582eb450,1,4
PROP-118,136 Bowling Green,,9,2026-06-25,Home Depot,Door Lock Set,4597,"[true, false]",,strong,gm-19f00c2049c512fe,The Home Depot,2026-06-25,17659,error,PAUL,1030,136 Bowling Green,,https://mail.google.com/mail/u/0/#all/19f00c2049c512fe,7,-70
PROP-119,136 Bowling Green,,9,2026-08-18,City of Red Oak,Water,44747,"[true, false]",,weak,gm-1a016b2fac76a50d,City of Waxahachie - Water Billing Department,2026-08-14,44349,pending,UNKNOWN,,,,https://mail.google.com/mail/u/0/#all/1a016b2fac76a50d,1,
PROP-120,136 Bowling Green,,10,2026-06-26,Home Depot,Toilet Paper,804,"[true, false]",,strong,gm-19f0e8b993f57cd0,The Home Depot,2026-06-28,635,posted,PAUL,1030,136 Bowling Green,https://drive.google.com/file/d/1LDbnvaDUWaehYpm43Pn3u2YCPeYJv8cg/view?usp=drivesdk,https://mail.google.com/mail/u/0/#all/19f0e8b993f57cd0,1,-169
PROP-121,136 Bowling Green,,11,2026-06-26,Home Depot,Drywall Tape,1438,"[true, false]",,weak,gm-19f059f5de8379eb,The Home Depot,2026-06-26,14491,error,PAUL,1030,136 Bowling Green,,https://mail.google.com/mail/u/0/#all/19f059f5de8379eb,3,
PROP-122,136 Bowling Green,,12,2026-06-26,Home Depot,Drywayll Mud,1171,"[true, false]",,strong,gm-19f00c2049c512fe,The Home Depot,2026-06-25,17659,error,PAUL,1030,136 Bowling Green,,https://mail.google.com/mail/u/0/#all/19f00c2049c512fe,7,-70
PROP-123,136 Bowling Green,,13,2026-06-26,Home Depot,Pole Sander,1622,"[true, false]",,strong,gm-19fd34b701a40539,The Home Depot,2026-08-05,6424,dismissed,PAUL,1030,136 Bowling Green,https://drive.google.com/file/d/1sq8446TZvhxr_BFR4TW2IKiXmVWj-FsF/view?usp=drivesdk,https://mail.google.com/mail/u/0/#all/19fd34b701a40539,1,4802
PROP-124,136 Bowling Green,,14,2026-06-26,Home Depot,Taping Knife,1297,"[true, false]",,weak,gm-19f059f5de8379eb,The Home Depot,2026-06-26,14491,error,PAUL,1030,136 Bowling Green,,https://mail.google.com/mail/u/0/#all/19f059f5de8379eb,3,
PROP-125,136 Bowling Green,,15,2026-06-26,Home Depot,Sand Paper,647,"[true, false]",,weak,gm-19f00c2049c512fe,The Home Depot,2026-06-25,17659,error,PAUL,1030,136 Bowling Green,,https://mail.google.com/mail/u/0/#all/19f00c2049c512fe,7,
PROP-126,136 Bowling Green,,16,2026-06-26,Home Depot,9V Batteries,1285,"[true, false]",,strong,gm-19f059f5de8379eb,The Home Depot,2026-06-26,14491,error,PAUL,1030,136 Bowling Green,,https://mail.google.com/mail/u/0/#all/19f059f5de8379eb,3,6984
PROP-127,136 Bowling Green,,17,2026-06-26,Home Depot,Light Bulbs,1901,"[true, false]",,strong,gm-19f059f5de8379eb,The Home Depot,2026-06-26,14491,error,PAUL,1030,136 Bowling Green,,https://mail.google.com/mail/u/0/#all/19f059f5de8379eb,3,6984
PROP-128,136 Bowling Green,,18,2026-06-26,Home Depot,Front Door Handle,4321,"[true, false]",,strong,gm-19f059f5de8379eb,The Home Depot,2026-06-26,14491,error,PAUL,1030,136 Bowling Green,,https://mail.google.com/mail/u/0/#all/19f059f5de8379eb,3,6984
PROP-129,136 Bowling Green,,19,2026-06-27,Home Depot,Wall Texture,4326,"[true, false]",,strong,gm-19f093595e1ff13a,The Home Depot,2026-06-27,4326,dismissed,PAUL,1030,136 Bowling Green,https://drive.google.com/file/d/1kkeID76RIeJjxLdCHEu9In3d-gdnYuT_/view?usp=drivesdk,https://mail.google.com/mail/u/0/#all/19f093595e1ff13a,1,0
PROP-130,136 Bowling Green,,20,2026-06-27,Effren,Landscaping,31500,"[false, true]",,strong,gm-19f0b0b7538d446b,Effren,2026-06-27,31500,pending,PAUL,1020,136 Bowling Green,,https://mail.google.com/mail/u/0/#all/19f0b0b7538d446b,1,0
PROP-131,136 Bowling Green,,21,2026-06-28,Home Depot,Stain Striker,10717,"[true, false]",,strong,gm-19f0e855936a44de,The Home Depot,2026-06-28,33068,dismissed,PAUL,1030,104 Ashburne,https://drive.google.com/file/d/1M85y1sckxBG5wVdCnzJ2D1nMK63R4-No/view?usp=drivesdk,https://mail.google.com/mail/u/0/#all/19f0e855936a44de,6,16621
PROP-132,136 Bowling Green,,22,2026-06-28,Home Depot,Screws,197,"[true, false]",,strong,gm-19f0e855936a44de,The Home Depot,2026-06-28,33068,dismissed,PAUL,1030,104 Ashburne,https://drive.google.com/file/d/1M85y1sckxBG5wVdCnzJ2D1nMK63R4-No/view?usp=drivesdk,https://mail.google.com/mail/u/0/#all/19f0e855936a44de,6,16621
PROP-133,136 Bowling Green,,23,2026-06-28,Home Depot,Rolloer Covers,506,"[true, false]",,strong,gm-19f0e855936a44de,The Home Depot,2026-06-28,33068,dismissed,PAUL,1030,104 Ashburne,https://drive.google.com/file/d/1M85y1sckxBG5wVdCnzJ2D1nMK63R4-No/view?usp=drivesdk,https://mail.google.com/mail/u/0/#all/19f0e855936a44de,6,16621
PROP-134,136 Bowling Green,,24,2026-06-28,Home Depot,Great Stuff,485,"[true, false]",,strong,gm-19f0e855936a44de,The Home Depot,2026-06-28,33068,dismissed,PAUL,1030,104 Ashburne,https://drive.google.com/file/d/1M85y1sckxBG5wVdCnzJ2D1nMK63R4-No/view?usp=drivesdk,https://mail.google.com/mail/u/0/#all/19f0e855936a44de,6,16621
PROP-135,136 Bowling Green,,25,2026-06-28,Home Depot,Wall Texture,2163,"[true, false]",,strong,gm-19f0e855936a44de,The Home Depot,2026-06-28,33068,dismissed,PAUL,1030,104 Ashburne,https://drive.google.com/file/d/1M85y1sckxBG5wVdCnzJ2D1nMK63R4-No/view?usp=drivesdk,https://mail.google.com/mail/u/0/#all/19f0e855936a44de,6,16621
PROP-136,136 Bowling Green,,26,2026-06-28,Home Depot,Bondo,2379,"[true, false]",,strong,gm-19f0e855936a44de,The Home Depot,2026-06-28,33068,dismissed,PAUL,1030,104 Ashburne,https://drive.google.com/file/d/1M85y1sckxBG5wVdCnzJ2D1nMK63R4-No/view?usp=drivesdk,https://mail.google.com/mail/u/0/#all/19f0e855936a44de,6,16621
PROP-137,136 Bowling Green,,27,2026-06-30,Ace Hardware,Door Stop,324,"[true, false]",,strong,gm-19f1a71858c0d365,Keith Ace Hardware - Red Oak,2026-06-30,7032,error,PAUL,1030,136 Bowling Green,,https://mail.google.com/mail/u/0/#all/19f1a71858c0d365,3,0
PROP-138,136 Bowling Green,,28,2026-06-30,Ace Hardware,Toilet Roll Bar,432,"[true, false]",,strong,gm-19f1a71858c0d365,Keith Ace Hardware - Red Oak,2026-06-30,7032,error,PAUL,1030,136 Bowling Green,,https://mail.google.com/mail/u/0/#all/19f1a71858c0d365,3,0
PROP-139,136 Bowling Green,,29,2026-06-30,Ace Hardware,Weed & Feed,6276,"[true, false]",,strong,gm-19f1a71858c0d365,Keith Ace Hardware - Red Oak,2026-06-30,7032,error,PAUL,1130,136 Bowling Green,,https://mail.google.com/mail/u/0/#all/19f1a71858c0d365,3,0
PROP-140,136 Bowling Green,,30,2026-06-02,Ace Hardware,Door Locks,5736,"[false, true]",,strong,gm-19f3f696a2755181,Keith Ace Hardware - Red Oak,2026-06-02,5736,posted,DENNIS,1030,136 Bowling Green,https://drive.google.com/file/d/1AmxXx39zdByBTNK79XAZcedLRHlfU3ci/view?usp=drivesdk,https://mail.google.com/mail/u/0/#all/19f3f696a2755181,1,0
PROP-141,136 Bowling Green,,31,2026-06-28,Ace Hardware,Paint Roller,1081,"[true, false]",,strong,gm-19f0ee822c4aa5ef,Keith Ace Hardware - Red Oak,2026-06-28,1081,error,PAUL,1030,136 Bowling Green,,https://mail.google.com/mail/u/0/#all/19f0ee822c4aa5ef,1,0
PROP-142,136 Bowling Green,,32,2026-06-28,Hunter,Fan Remotes,12217,"[true, false]",,strong,gm-19f0f64b937a63fa,Hunter Fan,2026-06-28,12217,posted,PAUL,1040,136 Bowling Green,,https://mail.google.com/mail/u/0/#all/19f0f64b937a63fa,1,0
PROP-143,136 Bowling Green,,33,2026-06-28,Lowes,Garage Floor Paint,12984,"[true, false]",,strong,gm-19f0fbce663c9387,"Lowe's Home Centers, LLC",2026-06-28,18764,posted,PAUL,1030,136 Bowling Green,https://drive.google.com/file/d/18AHF8I-xkG6ZKOyBKz5NUN--vR47mqfv/view?usp=drivesdk,https://mail.google.com/mail/u/0/#all/19f0fbce663c9387,3,2920
PROP-144,136 Bowling Green,,34,2026-06-28,Lowes,Wasp Spray,1455,"[true, false]",,strong,gm-19f0fbce663c9387,"Lowe's Home Centers, LLC",2026-06-28,18764,posted,PAUL,1030,136 Bowling Green,https://drive.google.com/file/d/18AHF8I-xkG6ZKOyBKz5NUN--vR47mqfv/view?usp=drivesdk,https://mail.google.com/mail/u/0/#all/19f0fbce663c9387,3,2920
PROP-145,136 Bowling Green,,35,2026-06-28,Lowes,Door Matt,1405,"[true, false]",,strong,gm-19f0fbce663c9387,"Lowe's Home Centers, LLC",2026-06-28,18764,posted,PAUL,1030,136 Bowling Green,https://drive.google.com/file/d/18AHF8I-xkG6ZKOyBKz5NUN--vR47mqfv/view?usp=drivesdk,https://mail.google.com/mail/u/0/#all/19f0fbce663c9387,3,2920
PROP-146,136 Bowling Green,,36,2026-06-29,Mariana,Cleaning,50000,"[true, false]",,strong,gm-19f138efc8a67a8f,Mariana (cleaner),2026-06-29,50000,pending,PAUL,1020,136 Bowling Green,,https://mail.google.com/mail/u/0/#all/19f138efc8a67a8f,1,0
PROP-147,136 Bowling Green,,37,2026-07-01,City of Corsicana,Dump,2580,"[false, true]",,strong,gm-19f3f6a3d8a8000d,City of Corsicana - Landfill,2026-07-01,2580,posted,PAUL,1060,881 Newport,https://drive.google.com/file/d/1hNQpK-N75exrsr1D8ta2q_NbikCad0y1/view?usp=drivesdk,https://mail.google.com/mail/u/0/#all/19f3f6a3d8a8000d,1,0
PROP-148,136 Bowling Green,,38,2026-06-30,Lupe,Carpet Laying,16000,"[false, true]",C-13 2026-09-18: both Paul Paid and Dennis Paid were ticked on the old row. Paul: 'dennis paid',weak,gm-19f3f6d3919a5816,"Handwritten payment log - 136 Bowling Green (payees: unnamed carpet installer; ""FALCON"")",2026-06-30,47500,pending,PAUL,1020,136 Bowling Green,,https://mail.google.com/mail/u/0/#all/19f3f6d3919a5816,0,
PROP-149,136 Bowling Green,,39,2026-07-07,Effren - 1372,Landscaping,5500,"[true, false]",,strong,gm-19f99daa6dab8453,Falcon Creek Lawn Care,2026-07-07,53500,pending,PAUL,1130,136 Bowling Green,,https://mail.google.com/mail/u/0/#all/19f99daa6dab8453,5,-1500
PROP-150,136 Bowling Green,,40,2026-06-29,Lowe's,Carpet ,43121,"[false, true]",,weak,gm-19f0fbce663c9387,"Lowe's Home Centers, LLC",2026-06-28,18764,posted,PAUL,1030,136 Bowling Green,https://drive.google.com/file/d/18AHF8I-xkG6ZKOyBKz5NUN--vR47mqfv/view?usp=drivesdk,https://mail.google.com/mail/u/0/#all/19f0fbce663c9387,3,
PROP-151,136 Bowling Green,,41,2026-07-19,Effren - 1373,Landscaping,11000,"[true, false]",,weak,gm-19fb337be62617b6,Falcon Creek Lawn Care,2026-07-19,47000,posted,PAUL,1130,136 Bowling Green,https://drive.google.com/file/d/1-1m_RG1m8TfjPZ4u4e45iEVZK_BG9pNO/view?usp=drivesdk,https://mail.google.com/mail/u/0/#all/19fb337be62617b6,0,
PROP-152,136 Bowling Green,,42,2026-08-05,Home Depot,Door Jamb Repair Kit,3277,"[true, false]",,strong,gm-19fd3a7c839fa873,The Home Depot,2026-08-05,3277,posted,PAUL,1030,136 Bowling Green,https://drive.google.com/file/d/16J_uc0dKVexvwouWiDivXbIbcXK5EPqK/view?usp=drivesdk,https://mail.google.com/mail/u/0/#all/19fd3a7c839fa873,1,0
PROP-153,136 Bowling Green,,43,2026-08-05,Ace Hardware,Padlock,2299,"[true, false]",,weak,gm-19fd4002e0935c03,Keith Ace Hardware - Red Oak,2026-08-05,2922,posted,PAUL,1030,136 Bowling Green,https://drive.google.com/file/d/1EfY_Lfa7b7guZgzZkT84kPFDcgUemzxo/view?usp=drivesdk,https://mail.google.com/mail/u/0/#all/19fd4002e0935c03,0,
PROP-154,136 Bowling Green,,44,2026-08-06,McCoy's,Trim,4556,"[true, false]",,strong,gm-19fd7f3f3ed0e605,McCoy's Building Supply,2026-08-06,4456,posted,PAUL,1030,136 Bowling Green,https://drive.google.com/file/d/128f00XZRGnTA0ue9E_DhO7l4bXIDo7nd/view?usp=drivesdk,https://mail.google.com/mail/u/0/#all/19fd7f3f3ed0e605,1,-100
PROP-155,136 Bowling Green,,45,2026-08-06,Ace Hardware,Caulk,713,"[true, false]",,strong,gm-19fd84c06f959785,Keith Ace Hardware - Red Oak,2026-08-06,713,posted,PAUL,1030,136 Bowling Green,https://drive.google.com/file/d/1AVuvBfrDLS-HhPPf38KF47bsvG6QqPoi/view?usp=drivesdk,https://mail.google.com/mail/u/0/#all/19fd84c06f959785,1,0
PROP-156,136 Bowling Green,,46,2026-08-03,The Home Depot,HWTSTAT - Honeywell T5 7-Day 2-Stage Programmable Thermostat (SKU 085267851534),10715,"[true, false]",,weak,gm-19fd34b701a40539,The Home Depot,2026-08-05,6424,dismissed,PAUL,1030,136 Bowling Green,https://drive.google.com/file/d/1sq8446TZvhxr_BFR4TW2IKiXmVWj-FsF/view?usp=drivesdk,https://mail.google.com/mail/u/0/#all/19fd34b701a40539,1,
PROP-157,104 Ashburne,Paint & Flooring,3,2026-01-12,Juan Garcia,Drywall/Supplies/Painting,700000,[],,weak,gm-19bc4405fa0bc7e5,Juan Gonzalez,2026-01-15,100000,pending,PAUL,1020,104 Ashburne,,https://mail.google.com/mail/u/0/#all/19bc4405fa0bc7e5,1,
PROP-158,104 Ashburne,Trash,3,2026-01-12,City of Corsicana,Dump,2730,[],,strong,gm-19bb34a7b73dc87b,City of Corsicana,2026-01-12,2730,posted,PAUL,1060,104 Ashburne,https://drive.google.com/file/d/18PVt8jQSgoufqdxiBzCI32CzaXeCjxtj/view?usp=drivesdk,https://mail.google.com/mail/u/0/#all/19bb34a7b73dc87b,1,0
PROP-159,104 Ashburne,Lighting & Electrical,3,2026-01-16,Home Depot,Light Bulbs,2594,[],,strong,gm-19badcf888c0b1cb,The Home Depot,2026-01-11,17063,dismissed,PAUL,1030,104 Ashburne,https://drive.google.com/file/d/18kwSM9i62HT2pKEvr0gnuCMlvVbSj008/view?usp=drivesdk,https://mail.google.com/mail/u/0/#all/19badcf888c0b1cb,11,1584
PROP-160,104 Ashburne,Master Bath,3,2026-02-10,Floor & Decor,Shower Tile,75006,[],,strong,gm-19c47f0f4b6b4731,Floor and Decor,2026-02-10,75006,pending,PAUL,1030,104 Ashburne,,https://mail.google.com/mail/u/0/#all/19c47f0f4b6b4731,1,0
PROP-161,104 Ashburne,Small Baths,3,2026-02-17,Home Depot,Shark Bite Toilet Connectors,4499,[],,weak,gm-19c6be8d0bd458c9,The Home Depot,2026-02-17,6755,dismissed,PAUL,1030,104 Ashburne,https://drive.google.com/file/d/1ABT-SXtJzBn3B68By2GfyyIEM0lf-6IY/view?usp=drivesdk,https://mail.google.com/mail/u/0/#all/19c6be8d0bd458c9,2,
PROP-162,104 Ashburne,Pool,3,2026-01-05,Julio,Clean out,20000,[],,weak,gm-19b944ec9eb500c7,"CoreLogic Solutions, LLC",2025-12-31,20000,pending,PAUL,6300,OVERHEAD,,https://mail.google.com/mail/u/0/#all/19b944ec9eb500c7,0,
PROP-163,104 Ashburne,Landscaping,3,2026-01-12,Julio,Labor,20000,[],,weak,gm-19b944ec9eb500c7,"CoreLogic Solutions, LLC",2025-12-31,20000,pending,PAUL,6300,OVERHEAD,,https://mail.google.com/mail/u/0/#all/19b944ec9eb500c7,0,
PROP-164,104 Ashburne,Chimney/FIreplace/Glass,3,2026-01-15,Juan Gonzalez,Chimney repair,100000,[],,strong,gm-19bc4405fa0bc7e5,Juan Gonzalez,2026-01-15,100000,pending,PAUL,1020,104 Ashburne,,https://mail.google.com/mail/u/0/#all/19bc4405fa0bc7e5,1,0
PROP-165,104 Ashburne,Kitchen,3,2026-02-19,Lowes,Kitchen Sink,39944,[],,strong,gm-19c9b3740b02575c,Lowe's Home Improvement,2026-02-19,147859,pending,PAUL,1040,104 Ashburne,,https://mail.google.com/mail/u/0/#all/19c9b3740b02575c,4,0
PROP-166,104 Ashburne,Appliances,3,2026-02-27,Amazon,Cooktop,173199,[],,strong,gm-19c9f7ea96a8f794,Amazon,2026-02-27,173199,pending,PAUL,1040,104 Ashburne,,https://mail.google.com/mail/u/0/#all/19c9f7ea96a8f794,1,0
PROP-167,104 Ashburne,HVAC,3,2026-01-14,eBay,Control Unit,37847,[],,strong,gm-19c01a73986c43df,eBay (seller zmfc86),2026-01-14,37847,posted,PAUL,1040,104 Ashburne,,https://mail.google.com/mail/u/0/#all/19c01a73986c43df,1,0
PROP-168,104 Ashburne,House Hardware,3,2026-01-14,Home Depot,Wall Plates,433,[],,strong,gm-19bc4186ab17e432,The Home Depot,2026-01-15,398,pending,PAUL,6510,OVERHEAD,,https://mail.google.com/mail/u/0/#all/19bc4186ab17e432,1,-35
PROP-169,104 Ashburne,Countertops & Backsplash,3,2026-02-20,Shalom Granite,Counters ,355800,[],,strong,gm-19cc51b6b845dd1f,Shalom Granite,2026-02-19,850800,pending,PAUL,1020,104 Ashburne,,https://mail.google.com/mail/u/0/#all/19cc51b6b845dd1f,2,0
PROP-170,104 Ashburne,Equipment Rentals,3,2026-05-05,Sunstate,Lift,90418,[],,strong,gm-19f0781872fdb552,Sunstate Equipment,2026-05-05,90418,pending,PAUL,1030,104 Ashburne,,https://mail.google.com/mail/u/0/#all/19f0781872fdb552,1,0
PROP-171,104 Ashburne,Pest Control,3,2026-01-14,Berret Pest Control,Pest Control,27063,[],,weak,gm-19c01a73986c43df,eBay (seller zmfc86),2026-01-14,37847,posted,PAUL,1040,104 Ashburne,,https://mail.google.com/mail/u/0/#all/19c01a73986c43df,1,
PROP-172,104 Ashburne,Insurance - Farmers Insurance,3,2026-01-14,Foremost Insurance Group,FIrst payment,39262,[],,strong,gm-19bc1adbcf652922,Foremost Insurance Group,2026-01-14,39262,posted,PAUL,1110,104 Ashburne,,https://mail.google.com/mail/u/0/#all/19bc1adbcf652922,1,0
PROP-173,104 Ashburne,Utilities,3,2026-01-05,City of Ovilla,Deposit,15000,[],,strong,gm-19b8f5147938f4fc,City of Ovilla,2026-01-05,15000,posted,PAUL,1120,104 Ashburne,https://drive.google.com/file/d/19fi_x3yLOTjBTua8E6r-7rXG1IQNgUq_/view?usp=drivesdk,https://mail.google.com/mail/u/0/#all/19b8f5147938f4fc,1,0
PROP-174,104 Ashburne,Cleaning,3,2026-01-08,Home Depot,Dish Soap,1243,[],,strong,gm-19b9ef373c8332d3,The Home Depot,2026-01-08,12277,pending,PAUL,1030,104 Ashburne,,https://mail.google.com/mail/u/0/#all/19b9ef373c8332d3,2,8657
PROP-175,104 Ashburne,Supplies,3,2026-01-10,Shell,Batteries,648,[],,strong,gm-19ba9077d85c3222,Shell,2026-01-10,648,posted,PAUL,1030,104 Ashburne,https://drive.google.com/file/d/1WiBrl6ixD6eLw81yo_f1Grc-pjvHBllg/view?usp=drivesdk,https://mail.google.com/mail/u/0/#all/19ba9077d85c3222,1,0
PROP-176,104 Ashburne,Gas/Truck/Trailer,3,2026-01-12,Shell,Gas,4614,[],,strong,gm-19bb302267f0364b,Shell,2026-01-12,4614,pending,PAUL,6600,104 Ashburne,,https://mail.google.com/mail/u/0/#all/19bb302267f0364b,1,0
PROP-177,104 Ashburne,Marketing,3,2026-04-24,Aces Photography,Photos,62800,[],,strong,gm-19dc05be6c2af277,Aces Real Estate Media,2026-04-24,62800,pending,PAUL,1330,104 Ashburne,,https://mail.google.com/mail/u/0/#all/19dc05be6c2af277,1,0
PROP-178,104 Ashburne,Paint & Flooring,4,2026-01-23,Juan Garcia,Paint & Floor Installation,700000,[],,weak,gm-19bc4405fa0bc7e5,Juan Gonzalez,2026-01-15,100000,pending,PAUL,1020,104 Ashburne,,https://mail.google.com/mail/u/0/#all/19bc4405fa0bc7e5,1,
PROP-179,104 Ashburne,Trash,4,2026-01-16,City of Corsicana,Dump,2730,[],,strong,gm-19bc7ad57db634c2,City of Corsicana - Landfill,2026-01-16,2730,posted,PAUL,1060,104 Ashburne,https://drive.google.com/file/d/1-CPiSo4x_RAREbQ_kLcs1T782zFvALOc/view?usp=drivesdk,https://mail.google.com/mail/u/0/#all/19bc7ad57db634c2,1,0
PROP-180,104 Ashburne,Lighting & Electrical,4,2026-02-10,Lowes,Entry Chandelier,17318,[],,weak,gm-19c484998d6bf67a,Lowe's Home Improvement,2026-02-10,23806,pending,PAUL,,,,https://mail.google.com/mail/u/0/#all/19c484998d6bf67a,0,
PROP-181,104 Ashburne,Master Bath,4,2026-02-08,Wayfair,Tub & Faucet,81618,[],,none,,,,,,,,,,,0,
PROP-182,104 Ashburne,Small Baths,4,2026-02-17,Home Depot,1/2 Wall Flanges,695,[],,strong,gm-19caba0d41d86d9b,The Home Depot,2026-03-01,20719,pending,PAUL,1030,104 Ashburne,,https://mail.google.com/mail/u/0/#all/19caba0d41d86d9b,8,0
PROP-183,104 Ashburne,Pool,4,2026-02-12,Atlas Pools,Deposit,200000,[],,weak,gm-19cab7819599377d,Micky Atlas Pools,2026-03-01,200000,pending,PAUL,1020,104 Ashburne,,https://mail.google.com/mail/u/0/#all/19cab7819599377d,1,
PROP-184,104 Ashburne,Landscaping,4,2026-01-13,Julio,Labor,20000,[],,weak,gm-19b944ec9eb500c7,"CoreLogic Solutions, LLC",2025-12-31,20000,pending,PAUL,6300,OVERHEAD,,https://mail.google.com/mail/u/0/#all/19b944ec9eb500c7,0,
PROP-185,104 Ashburne,Chimney/FIreplace/Glass,4,2026-03-30,Waxahachie Glass,Window Replacement,51878,[],,strong,gm-19d405df0d679aff,Waxahachie Glass Corp.,2026-03-30,51878,pending,PAUL,1020,104 Ashburne,,https://mail.google.com/mail/u/0/#all/19d405df0d679aff,1,0
PROP-186,104 Ashburne,Kitchen,4,2026-03-06,Home Depot,Kitchen Faucet,12882,[],,strong,gm-19cc49cbe08d9420,The Home Depot,2026-03-06,12882,posted,PAUL,1040,104 Ashburne,https://drive.google.com/file/d/127aDgHlWffvBjEcyqBY_leGPWk8R_NQe/view?usp=drivesdk,https://mail.google.com/mail/u/0/#all/19cc49cbe08d9420,1,0
PROP-187,104 Ashburne,Appliances,4,2026-04-21,Luxury 4 Less Appliance,Cooktop install,17500,[],,strong,gm-19d985398a604372,Luxury 4 Less Appliances,2026-04-16,17500,pending,PAUL,1040,104 Ashburne,,https://mail.google.com/mail/u/0/#all/19d985398a604372,1,0
PROP-188,104 Ashburne,HVAC,4,2026-01-20,Amazon,Pipe Tape,6968,[],,strong,gm-19c01b8a81785554,Amazon,2026-01-20,6968,posted,PAUL,1030,104 Ashburne,,https://mail.google.com/mail/u/0/#all/19c01b8a81785554,1,0
PROP-189,104 Ashburne,House Hardware,4,2026-01-09,Amazon,Door Lock,3611,[],,strong,gm-19c01b786d4e78d7,Amazon,2026-01-09,3611,posted,PAUL,1030,104 Ashburne,,https://mail.google.com/mail/u/0/#all/19c01b786d4e78d7,1,0
PROP-190,104 Ashburne,Countertops & Backsplash,4,2026-03-06,Shalom Granite,Counters ,495000,[],,strong,gm-19cc51b6b845dd1f,Shalom Granite,2026-02-19,850800,pending,PAUL,1020,104 Ashburne,,https://mail.google.com/mail/u/0/#all/19cc51b6b845dd1f,2,0
PROP-191,104 Ashburne,Insurance - Farmers Insurance,4,2026-02-08,Foremost Insurance Group,Feb,37458,[],,strong,gm-19c3d95342917012,Foremost Insurance Group,2026-02-08,37458,posted,PAUL,1110,104 Ashburne,,https://mail.google.com/mail/u/0/#all/19c3d95342917012,1,0
PROP-192,104 Ashburne,Utilities,4,2026-01-13,Energy Texas,Electricity,4357,[],,weak,gm-19bbebe1e4fc35df,Atmos Energy,2026-01-13,5765,pending,PAUL,,,,https://mail.google.com/mail/u/0/#all/19bbebe1e4fc35df,0,
PROP-193,104 Ashburne,Cleaning,4,2026-04-16,Window Man,WIndow Cleaning,85868,[],,strong,gm-19d98540dce2874d,Window Man Window Cleaning,2026-04-16,84868,pending,PAUL,1020,104 Ashburne,,https://mail.google.com/mail/u/0/#all/19d98540dce2874d,1,-1000
PROP-194,104 Ashburne,Supplies,4,2026-01-10,Home Depot,Batteries,474,[],,strong,gm-19ba9590cb81d5f0,The Home Depot,2026-01-10,4260,posted,PAUL,1030,104 Ashburne,https://drive.google.com/file/d/1kyud80EphC9da3rlTatYeYUsZMeiEeRj/view?usp=drivesdk,https://mail.google.com/mail/u/0/#all/19ba9590cb81d5f0,2,-1
PROP-195,104 Ashburne,Gas/Truck/Trailer,4,2026-01-14,Shell,Gas,4930,[],,strong,gm-19bbcabe2cd4e9fa,Shell,2026-01-14,4930,pending,PAUL,6600,104 Ashburne,,https://mail.google.com/mail/u/0/#all/19bbcabe2cd4e9fa,1,0
PROP-196,104 Ashburne,Marketing,4,2026-05-08,Vista Print,SIgnage,40604,[],,strong,gm-19e0966e7b7f7240,VistaPrint,2026-05-08,40604,pending,PAUL,6000,OVERHEAD,,https://mail.google.com/mail/u/0/#all/19e0966e7b7f7240,1,0
PROP-197,104 Ashburne,Paint & Flooring,5,2026-02-09,Juan Garcia,Paint & Floor Installation,700000,[],,none,,,,,,,,,,,0,
PROP-198,104 Ashburne,Trash,5,2026-01-16,City of Corsicana,Dump,2250,[],C-15 2026-09-18: typed $27.30; the two City of Corsicana receipts of 01-16 read $27.30 and $22.50. Paul: 'most likely yes' (the second load was $22.50). Ashburne is $4.80 below the old tab,strong,gm-19bca1bc45709266,City of Corsicana - Landfill,2026-01-16,2250,dismissed,PAUL,1060,104 Ashburne,https://drive.google.com/file/d/1NwIpQxLSUM2y5278LBf97M4h9CCjUQQN/view?usp=drivesdk,https://mail.google.com/mail/u/0/#all/19bca1bc45709266,1,0
PROP-199,104 Ashburne,Lighting & Electrical,5,2026-02-10,Home Depot,Light Bulbs,8651,[],,strong,gm-19c488e7c2b56593,The Home Depot,2026-02-10,20087,dismissed,PAUL,1030,104 Ashburne,https://drive.google.com/file/d/1DKM42Kn2v0aYUyOxH7gYQM0cCdCY4j_C/view?usp=drivesdk,https://mail.google.com/mail/u/0/#all/19c488e7c2b56593,7,0
PROP-200,104 Ashburne,Master Bath,5,2026-02-11,Amazon,Shower Glass,32474,[],"C-3 2026-09-18: date typed 2/11/0126, read as 2026-02-11",strong,gm-19c51e93e64f8c9d,Amazon,2026-02-11,32474,posted,PAUL,1040,104 Ashburne,,https://mail.google.com/mail/u/0/#all/19c51e93e64f8c9d,1,0
PROP-201,104 Ashburne,Small Baths,5,2026-02-18,Home Depot,Wax Rings,1942,[],,strong,gm-19c7092d542413e0,The Home Depot,2026-02-18,6956,dismissed,PAUL,1030,104 Ashburne,https://drive.google.com/file/d/1ZaeV34-njGwfksiujmaF7ZrC-ABFg6bA/view?usp=drivesdk,https://mail.google.com/mail/u/0/#all/19c7092d542413e0,5,0
PROP-202,104 Ashburne,Pool,5,2026-03-01,Atlas Pools,Deposit,200000,[],,strong,gm-19cab7819599377d,Micky Atlas Pools,2026-03-01,200000,pending,PAUL,1020,104 Ashburne,,https://mail.google.com/mail/u/0/#all/19cab7819599377d,1,0
PROP-203,104 Ashburne,Landscaping,5,2026-01-14,Julio,Labor,20000,[],,weak,gm-19b944ec9eb500c7,"CoreLogic Solutions, LLC",2025-12-31,20000,pending,PAUL,6300,OVERHEAD,,https://mail.google.com/mail/u/0/#all/19b944ec9eb500c7,0,
PROP-204,104 Ashburne,Chimney/FIreplace/Glass,5,2026-04-21,Waxahachie Glass,Window Replacement,87818,[],,strong,gm-19db09cc256ad72b,Waxahachie Glass Corp.,2026-04-21,87818,pending,PAUL,1020,104 Ashburne,,https://mail.google.com/mail/u/0/#all/19db09cc256ad72b,1,0
PROP-205,104 Ashburne,Kitchen,5,2026-03-09,Barker Door,Drawers,25450,[],,strong,gm-19cd4e0777d35c4c,Barker Door,2026-03-09,25450,posted,PAUL,1040,104 Ashburne,,https://mail.google.com/mail/u/0/#all/19cd4e0777d35c4c,1,0
PROP-206,104 Ashburne,Appliances,5,2026-04-10,Luxury 4 Less Appliance,Appliaces,1031956,[],,weak,gm-19d985398a604372,Luxury 4 Less Appliances,2026-04-16,17500,pending,PAUL,1040,104 Ashburne,,https://mail.google.com/mail/u/0/#all/19d985398a604372,1,
PROP-207,104 Ashburne,HVAC,5,2026-01-20,Amazon,6 Pack Electrical Tape,636,[],,strong,gm-19c01b8ce2add604,Amazon,2026-01-20,636,dismissed,PAUL,1030,104 Ashburne,,https://mail.google.com/mail/u/0/#all/19c01b8ce2add604,1,0
PROP-208,104 Ashburne,House Hardware,5,2026-02-10,Amazon,Hinges,32466,[],,strong,gm-19c51f0d0ef588d9,Amazon,2026-02-10,32466,posted,PAUL,1030,104 Ashburne,,https://mail.google.com/mail/u/0/#all/19c51f0d0ef588d9,1,0
PROP-209,104 Ashburne,Countertops & Backsplash,5,2026-03-07,Floor & Decor,Backsplash TIle,24839,[],,weak,gm-19cc9f61226563fe,Floor &amp; Decor,2026-03-07,0,pending,PAUL,,,,https://mail.google.com/mail/u/0/#all/19cc9f61226563fe,0,
PROP-210,104 Ashburne,Insurance - Farmers Insurance,5,2026-03-10,Foremost Insurance Group,March,37458,[],,strong,gm-19cd8c81d22de209,Foremost Insurance Group,2026-03-10,37458,posted,PAUL,1110,104 Ashburne,,https://mail.google.com/mail/u/0/#all/19cd8c81d22de209,1,0
PROP-211,104 Ashburne,Utilities,5,2026-03-08,Atmos Energy,Natural Gas,64260,[],,strong,gm-19c69f8e2ceb81a7,Atmos Energy,2026-02-13,64260,pending,PAUL,,,,https://mail.google.com/mail/u/0/#all/19c69f8e2ceb81a7,1,0
PROP-212,104 Ashburne,Cleaning,5,2026-01-14,Marianna,Cleaning,50000,[],,none,,,,,,,,,,,0,
PROP-213,104 Ashburne,Supplies,5,2026-01-11,Home Depot,Dowel,448,[],,strong,gm-19badcf888c0b1cb,The Home Depot,2026-01-11,17063,dismissed,PAUL,1030,104 Ashburne,https://drive.google.com/file/d/18kwSM9i62HT2pKEvr0gnuCMlvVbSj008/view?usp=drivesdk,https://mail.google.com/mail/u/0/#all/19badcf888c0b1cb,11,1584
PROP-214,104 Ashburne,Gas/Truck/Trailer,5,2026-01-16,Shell,Gas,5298,[],,strong,gm-19bc8a7d88d9c798,Shell,2026-01-16,5298,pending,PAUL,6600,104 Ashburne,,https://mail.google.com/mail/u/0/#all/19bc8a7d88d9c798,1,0
PROP-215,104 Ashburne,Paint & Flooring,6,2026-02-10,Chinos LLC,Flooring,1350000,[],,weak,gm-19c521cfa5452bd9,Chino's H.R. Home Renovations (Chinos LLC),2026-02-12,0,pending,UNKNOWN,,,,https://mail.google.com/mail/u/0/#all/19c521cfa5452bd9,0,
PROP-216,104 Ashburne,Trash,6,2026-01-09,Julio,Labor,20000,[],,weak,gm-19b944ec9eb500c7,"CoreLogic Solutions, LLC",2025-12-31,20000,pending,PAUL,6300,OVERHEAD,,https://mail.google.com/mail/u/0/#all/19b944ec9eb500c7,0,
PROP-217,104 Ashburne,Lighting & Electrical,6,2026-02-10,Home Depot,Spray Paint for chandeliers,755,[],,strong,gm-19c488e7c2b56593,The Home Depot,2026-02-10,20087,dismissed,PAUL,1030,104 Ashburne,https://drive.google.com/file/d/1DKM42Kn2v0aYUyOxH7gYQM0cCdCY4j_C/view?usp=drivesdk,https://mail.google.com/mail/u/0/#all/19c488e7c2b56593,7,0
PROP-218,104 Ashburne,Master Bath,6,2026-02-09,Amazon,Tub drain,4978,[],,strong,gm-19c51f2daddbeabd,Amazon,2026-02-09,9079,posted,PAUL,1040,104 Ashburne,,https://mail.google.com/mail/u/0/#all/19c51f2daddbeabd,2,0
PROP-219,104 Ashburne,Small Baths,6,2026-02-19,Ideal Resurfacing,Tub REsurface,40000,[],,strong,gm-19c7351495140b60,Ideal Resurfacing and Flooring,2026-02-19,40000,posted,PAUL,1020,104 Ashburne,https://drive.google.com/file/d/1Cv5ACcyG7-ukhwUMreGs9k9x5AWPUfyT/view?usp=drivesdk,https://mail.google.com/mail/u/0/#all/19c7351495140b60,1,0
PROP-220,104 Ashburne,Pool,6,2026-03-06,Atlas Pools,Deposit,202500,[],,strong,gm-19cc11e7f5b50560,Atlas Pools,2026-03-06,202500,pending,1402,1020,104 Ashburne,,https://mail.google.com/mail/u/0/#all/19cc11e7f5b50560,1,0
PROP-221,104 Ashburne,Landscaping,6,2026-01-15,Julio,Labor,20000,[],,weak,gm-19b944ec9eb500c7,"CoreLogic Solutions, LLC",2025-12-31,20000,pending,PAUL,6300,OVERHEAD,,https://mail.google.com/mail/u/0/#all/19b944ec9eb500c7,0,
PROP-222,104 Ashburne,Chimney/FIreplace/Glass,6,2026-04-21,Sunstate Ren tals,Lift Rental,92226,[],,strong,gm-19e3b8a5fee70d22,Sunstate Equipment,2026-05-18,92226,pending,PAUL,1030,104 Ashburne,,https://mail.google.com/mail/u/0/#all/19e3b8a5fee70d22,1,0
PROP-223,104 Ashburne,Kitchen,6,2026-03-17,Amazon,Under Cabinet Lights,15453,[],,weak,gm-19cfbe563f75f960,Amazon,2026-03-17,59671,pending,PAUL,1130,104 Ashburne,,https://mail.google.com/mail/u/0/#all/19cfbe563f75f960,0,
PROP-224,104 Ashburne,HVAC,6,2026-01-17,Lowes,Pipe insulation,1806,[],,strong,gm-19bcc629a4d83e4e,"Lowe's Home Centers, LLC",2026-01-17,18034,posted,PAUL,1030,104 Ashburne,,https://mail.google.com/mail/u/0/#all/19bcc629a4d83e4e,1,16228
PROP-225,104 Ashburne,House Hardware,6,2026-02-09,Amazon,Drawer pulls,24997,[],,weak,gm-19c51f2daddbeabd,Amazon,2026-02-09,9079,posted,PAUL,1040,104 Ashburne,,https://mail.google.com/mail/u/0/#all/19c51f2daddbeabd,2,
PROP-226,104 Ashburne,Countertops & Backsplash,6,2026-03-08,Home Depot,Drywall for backsplash,1438,[],,strong,gm-19ccf1f38113d4f9,The Home Depot,2026-03-08,10675,posted,PAUL,1030,104 Ashburne,https://drive.google.com/file/d/1YZP3vIlLKmDqA2Z2GYHiZhc4rLiQN0Xv/view?usp=drivesdk,https://mail.google.com/mail/u/0/#all/19ccf1f38113d4f9,3,1992
PROP-227,104 Ashburne,Insurance - Farmers Insurance,6,2026-04-09,Foremost Insurance Group,April,37458,[],,strong,gm-19d22c0ca88727d6,Farmers Insurance,2026-03-22,37458,pending,PAUL,1110,104 Ashburne,,https://mail.google.com/mail/u/0/#all/19d22c0ca88727d6,1,0
PROP-228,104 Ashburne,Utilities,6,2026-01-30,HOA,Ashburne Glen Homeowners Association,25909,[],,weak,gm-19c0fc92279d93d1,Ashburne Glen Homeowners Association,2026-01-30,25909,posted,PAUL,1130,104 Ashburne,,https://mail.google.com/mail/u/0/#all/19c0fc92279d93d1,0,
PROP-229,104 Ashburne,Cleaning,6,2026-09-07,Marianna,Cleaning,45000,[],,none,,,,,,,,,,,0,
PROP-230,104 Ashburne,Supplies,6,2026-01-11,Home Depot,Screws,1691,[],,strong,gm-19badcf888c0b1cb,The Home Depot,2026-01-11,17063,dismissed,PAUL,1030,104 Ashburne,https://drive.google.com/file/d/18kwSM9i62HT2pKEvr0gnuCMlvVbSj008/view?usp=drivesdk,https://mail.google.com/mail/u/0/#all/19badcf888c0b1cb,11,1584
PROP-231,104 Ashburne,Gas/Truck/Trailer,6,2026-02-01,Shell,Gas,4945,[],,strong,gm-19c1afb3be5acff0,Shell,2026-02-01,4945,pending,PAUL,6600,104 Ashburne,,https://mail.google.com/mail/u/0/#all/19c1afb3be5acff0,1,0
PROP-232,104 Ashburne,Paint & Flooring,7,2026-02-20,Juan Garcia,Paint & Floor Installation,700000,[],,none,,,,,,,,,,,0,
PROP-233,104 Ashburne,Trash,7,2026-01-16,Julio,Labor,20000,[],,weak,gm-19c2d8b7905f7407,"CoreLogic Solutions, LLC",2026-01-31,20000,pending,PAUL,6300,OVERHEAD,,https://mail.google.com/mail/u/0/#all/19c2d8b7905f7407,0,
PROP-234,104 Ashburne,Lighting & Electrical,7,2026-02-16,Home Depot,Light Bulbs,5620,[],,strong,gm-19c66a1cdb487a56,The Home Depot,2026-02-16,18338,dismissed,PAUL,1030,104 Ashburne,https://drive.google.com/file/d/1LWOHxyo0yarxeZRyUfHTkNcRJF-6NklW/view?usp=drivesdk,https://mail.google.com/mail/u/0/#all/19c66a1cdb487a56,6,541
PROP-235,104 Ashburne,Master Bath,7,2026-02-09,Amazon,Tub drain,4101,[],,strong,gm-19c51f2daddbeabd,Amazon,2026-02-09,9079,posted,PAUL,1040,104 Ashburne,,https://mail.google.com/mail/u/0/#all/19c51f2daddbeabd,2,0
PROP-236,104 Ashburne,Small Baths,7,2026-02-20,Home Depot,Shark Bite Toilet Connectors,4499,[],,weak,gm-19c7bb272d77da5a,The Home Depot,2026-02-20,13507,dismissed,PAUL,1030,104 Ashburne,https://drive.google.com/file/d/10cINuDYio3iwttUc8IRW1OR-px6sXc6V/view?usp=drivesdk,https://mail.google.com/mail/u/0/#all/19c7bb272d77da5a,1,
PROP-237,104 Ashburne,Pool,7,2026-03-13,Atlas Pools,Payment,402500,[],,strong,gm-19ce4d01e565051f,Atlas Pools,2026-03-13,402500,pending,1402,1020,104 Ashburne,,https://mail.google.com/mail/u/0/#all/19ce4d01e565051f,1,0
PROP-238,104 Ashburne,Landscaping,7,2026-01-13,Lowes,Yard debris bags,1342,[],,strong,gm-19bb77e42342d32c,"Lowe's Home Centers, LLC",2026-01-13,1342,posted,PAUL,1060,104 Ashburne,,https://mail.google.com/mail/u/0/#all/19bb77e42342d32c,1,0
PROP-239,104 Ashburne,Kitchen,7,2026-03-17,Amazon,Under Cabinet Lights,3246,[],,weak,gm-19d20cf12a8888da,The Home Depot,2026-03-21,38993,pending,PAUL,1030,104 Ashburne,,https://mail.google.com/mail/u/0/#all/19d20cf12a8888da,0,
PROP-240,104 Ashburne,HVAC,7,2026-01-10,Home Depot,Thermostat,3787,[],,strong,gm-19ba9590cb81d5f0,The Home Depot,2026-01-10,4260,posted,PAUL,1030,104 Ashburne,https://drive.google.com/file/d/1kyud80EphC9da3rlTatYeYUsZMeiEeRj/view?usp=drivesdk,https://mail.google.com/mail/u/0/#all/19ba9590cb81d5f0,2,-1
PROP-241,104 Ashburne,House Hardware,7,2026-02-04,Lowes,Door Knobs,21914,[],,strong,gm-19c54bfd346362be,"Lowe's Home Centers, LLC",2026-02-03,76899,pending,PAUL,1030,104 Ashburne,,https://mail.google.com/mail/u/0/#all/19c54bfd346362be,3,33080
PROP-242,104 Ashburne,Countertops & Backsplash,7,2026-04-03,Seconds & Surplus,Bath Vanities,70142,[],,strong,gm-19d5549008d4307d,Seconds &amp; Surplus,2026-04-03,70142,pending,PAUL,1040,104 Ashburne,,https://mail.google.com/mail/u/0/#all/19d5549008d4307d,1,0
PROP-243,104 Ashburne,Insurance - Farmers Insurance,7,2026-05-09,Foremost Insurance Group,May,37458,[],,strong,gm-19f076ae56b2925a,Farmers Insurance,2026-06-19,37458,pending,PAUL,1110,104 Ashburne,,https://mail.google.com/mail/u/0/#all/19f076ae56b2925a,1,0
PROP-244,104 Ashburne,Utilities,7,2026-03-06,Energy Texas,Electricity,24017,[],,strong,gm-19c727fe5c8e59ee,"Energy Texas (Rhythm Ops, LLC)",2026-02-17,24017,posted,PAUL,1120,104 Ashburne,,https://mail.google.com/mail/u/0/#all/19c727fe5c8e59ee,1,0
PROP-245,104 Ashburne,Supplies,7,2026-01-11,Home Depot,Electrical Tape,312,[],,strong,gm-19badcf888c0b1cb,The Home Depot,2026-01-11,17063,dismissed,PAUL,1030,104 Ashburne,https://drive.google.com/file/d/18kwSM9i62HT2pKEvr0gnuCMlvVbSj008/view?usp=drivesdk,https://mail.google.com/mail/u/0/#all/19badcf888c0b1cb,11,1584
PROP-246,104 Ashburne,Gas/Truck/Trailer,7,2026-02-01,Jiffy Lube,Oil Chnege,7351,[],,strong,gm-19c1afb84540f732,"Jiffy Lube #3752 (Premium Velocity Auto, LLC)",2026-02-01,7351,posted,PAUL,6600,OVERHEAD,https://drive.google.com/file/d/1x03DsJLQm6hfnb6SImRSSftj5cMFPJnh/view?usp=drivesdk,https://mail.google.com/mail/u/0/#all/19c1afb84540f732,1,0
PROP-247,104 Ashburne,Paint & Flooring,8,2026-02-17,Home Depot,Floor Protection,12334,[],,strong,gm-19c6cab5d43c229e,The Home Depot,2026-02-17,16608,dismissed,PAUL,1030,104 Ashburne,https://drive.google.com/file/d/1lN409tbYx_e2N3E3JktiQo-QrT14GoQt/view?usp=drivesdk,https://mail.google.com/mail/u/0/#all/19c6cab5d43c229e,2,0
PROP-248,104 Ashburne,Trash,8,2026-01-07,Home Depot,Garbage Bags,6489,[],,strong,gm-19bae80800798f37,The Home Depot,2026-01-07,39355,posted,PAUL,6510,OVERHEAD,https://drive.google.com/file/d/1ZVDEqXlk7twrRuzyK-JsTl3VhzsqLH7I/view?usp=drivesdk,https://mail.google.com/mail/u/0/#all/19bae80800798f37,13,2281
PROP-249,104 Ashburne,Lighting & Electrical,8,2026-02-19,Home Depot,Hall & Closet Lights,6489,[],,strong,gm-19c768d3b6197026,The Home Depot,2026-02-19,39012,dismissed,PAUL,1040,104 Ashburne,https://drive.google.com/file/d/1981pmNyhpzmog5-cgUGTTb3rjMxSE14Q/view?usp=drivesdk,https://mail.google.com/mail/u/0/#all/19c768d3b6197026,9,-454
PROP-250,104 Ashburne,Master Bath,8,2026-02-03,Home Depot,Shower Faucet,31284,[],,strong,gm-19c262a76958d691,The Home Depot,2026-02-03,31284,posted,PAUL,1040,104 Ashburne,https://drive.google.com/file/d/1UAhQFpqev5DrbpMBz-G_cCflzkr6YVe5/view?usp=drivesdk,https://mail.google.com/mail/u/0/#all/19c262a76958d691,1,0
PROP-251,104 Ashburne,Small Baths,8,2026-02-20,Home Depot,Angle Stops,7280,[],,weak,gm-19c7bb272d77da5a,The Home Depot,2026-02-20,13507,dismissed,PAUL,1030,104 Ashburne,https://drive.google.com/file/d/10cINuDYio3iwttUc8IRW1OR-px6sXc6V/view?usp=drivesdk,https://mail.google.com/mail/u/0/#all/19c7bb272d77da5a,1,
PROP-252,104 Ashburne,Pool,8,2026-03-29,Atlas Pools,Payment,217700,[],,weak,gm-19d253342e722062,Atlas Pools,2026-03-23,212000,pending,PAUL,1020,104 Ashburne,,https://mail.google.com/mail/u/0/#all/19d253342e722062,1,
PROP-253,104 Ashburne,Landscaping,8,2026-01-14,Home Depot,Trash Bags,6489,[],,strong,gm-19bbd023b3e85f3b,The Home Depot,2026-01-14,6489,dismissed,PAUL,1030,104 Ashburne,https://drive.google.com/file/d/11D2rAyQ11i3VuQZKdgQQxhW2SYdh1s4o/view?usp=drivesdk,https://mail.google.com/mail/u/0/#all/19bbd023b3e85f3b,1,0
PROP-254,104 Ashburne,Kitchen,8,2026-03-14,Salvador Campos,Kitchen Backsplash,70000,[],,strong,gm-19cfcae97bf0260e,Salvador Campos,2026-03-14,190000,pending,PAUL,1020,104 Ashburne,,https://mail.google.com/mail/u/0/#all/19cfcae97bf0260e,2,0
PROP-255,104 Ashburne,HVAC,8,2026-01-10,Home Depot,Thermostat,7573,[],,strong,gm-19bae832dd56cffa,The Home Depot,2026-01-10,8341,posted,PAUL,1040,104 Ashburne,https://drive.google.com/file/d/1MSEWqlv-p5Io13ETuZrQjNog8nPylIEO/view?usp=drivesdk,https://mail.google.com/mail/u/0/#all/19bae832dd56cffa,2,1
PROP-256,104 Ashburne,House Hardware,8,2026-02-04,Lowes,Door Knobs,14068,[],,weak,gm-19c28c64aa9a29ea,Lowe's Home Improvement,2026-02-04,13423,posted,PAUL,1030,104 Ashburne,,https://mail.google.com/mail/u/0/#all/19c28c64aa9a29ea,0,
PROP-257,104 Ashburne,Countertops & Backsplash,8,2026-04-11,Seconds & Surplus,Butcher Vlock,43298,[],,strong,gm-19d7ec4e31eef94b,Seconds &amp; Surplus,2026-04-11,43298,error,PAUL,1040,104 Ashburne,,https://mail.google.com/mail/u/0/#all/19d7ec4e31eef94b,1,0
PROP-258,104 Ashburne,Insurance - Farmers Insurance,8,2026-06-09,Foremost Insurance Group,June,37458,[],,strong,gm-19f043eebcbd0976,Farmers Insurance,2026-06-19,37458,pending,PAUL,1110,104 Ashburne,,https://mail.google.com/mail/u/0/#all/19f043eebcbd0976,1,0
PROP-259,104 Ashburne,Utilities,8,2026-02-23,City of Ovilla,Water,4914,[],,strong,gm-19c8bf46eab10e3a,City of Ovilla,2026-02-23,5086,posted,PAUL,1120,104 Ashburne,,https://mail.google.com/mail/u/0/#all/19c8bf46eab10e3a,1,172
PROP-260,104 Ashburne,Supplies,8,2026-01-11,Home Depot,Wire Nuts,539,[],,strong,gm-19badcf888c0b1cb,The Home Depot,2026-01-11,17063,dismissed,PAUL,1030,104 Ashburne,https://drive.google.com/file/d/18kwSM9i62HT2pKEvr0gnuCMlvVbSj008/view?usp=drivesdk,https://mail.google.com/mail/u/0/#all/19badcf888c0b1cb,11,1584
PROP-261,104 Ashburne,Gas/Truck/Trailer,8,2026-01-21,Harbor Freight,Trailer Light,1699,[],,strong,gm-19c15ffa4a0176b8,Harbor Freight,2026-01-31,1699,pending,PAUL,6510,OVERHEAD,,https://mail.google.com/mail/u/0/#all/19c15ffa4a0176b8,1,0
PROP-262,104 Ashburne,Paint & Flooring,9,2026-02-17,Home Depot,Tape for Floor Protection,4274,[],,strong,gm-19c6cab5d43c229e,The Home Depot,2026-02-17,16608,dismissed,PAUL,1030,104 Ashburne,https://drive.google.com/file/d/1lN409tbYx_e2N3E3JktiQo-QrT14GoQt/view?usp=drivesdk,https://mail.google.com/mail/u/0/#all/19c6cab5d43c229e,2,0
PROP-263,104 Ashburne,Trash,9,2026-01-06,Julio,Labor,20000,[],,weak,gm-19b944ec9eb500c7,"CoreLogic Solutions, LLC",2025-12-31,20000,pending,PAUL,6300,OVERHEAD,,https://mail.google.com/mail/u/0/#all/19b944ec9eb500c7,0,
PROP-264,104 Ashburne,Lighting & Electrical,9,2026-02-19,Home Depot,Master Closet LED lights,8657,[],,strong,gm-19c768d3b6197026,The Home Depot,2026-02-19,39012,dismissed,PAUL,1040,104 Ashburne,https://drive.google.com/file/d/1981pmNyhpzmog5-cgUGTTb3rjMxSE14Q/view?usp=drivesdk,https://mail.google.com/mail/u/0/#all/19c768d3b6197026,9,-454
PROP-265,104 Ashburne,Master Bath,9,2026-02-03,Lowes,Shower Niche,9199,[],,strong,gm-19cf79150281a75a,"Lowe's Home Centers, LLC",2026-03-16,46573,posted,PAUL,1030,104 Ashburne,https://drive.google.com/file/d/1a0DTuwV1XP-1DnlEIGKsY6gJ2GtCfNFI/view?usp=drivesdk,https://mail.google.com/mail/u/0/#all/19cf79150281a75a,8,0
PROP-266,104 Ashburne,Small Baths,9,2026-03-02,Home Depot,Copper Pipe,1619,[],,strong,gm-19cb001414554a99,The Home Depot,2026-03-02,14738,pending,PAUL,1030,104 Ashburne,,https://mail.google.com/mail/u/0/#all/19cb001414554a99,4,8690
PROP-267,104 Ashburne,Pool,9,2026-03-20,Atlas Pools,Valve replacements,49000,[],,strong,gm-19d0df1ad5bf9d6c,Atlas Pools,2026-03-18,49000,pending,PAUL,1130,104 Ashburne,,https://mail.google.com/mail/u/0/#all/19d0df1ad5bf9d6c,1,0
PROP-268,104 Ashburne,Landscaping,9,2026-02-12,Julio,Labor,10000,[],,weak,gm-19cc51b6b845dd1f,Shalom Granite,2026-02-19,850800,pending,PAUL,1020,104 Ashburne,,https://mail.google.com/mail/u/0/#all/19cc51b6b845dd1f,2,
PROP-269,104 Ashburne,Kitchen,9,2026-04-10,Home Depot,Kitchen Faucet,18957,[],,weak,gm-19d775f16740a511,The Home Depot,2026-04-10,16128,dismissed,PAUL,1030,104 Ashburne,https://drive.google.com/file/d/1ZZWXBGKWFAz2naMpYCN9EWej-44hzf7h/view?usp=drivesdk,https://mail.google.com/mail/u/0/#all/19d775f16740a511,0,
PROP-270,104 Ashburne,HVAC,9,2026-01-24,Robinson Air,HVAC,60670,[],,strong,gm-19c23984521412b9,"Robinson Air &amp; Electric, Inc.",2026-01-24,60670,pending,DENNIS,1020,104 Ashburne,,https://mail.google.com/mail/u/0/#all/19c23984521412b9,1,0
PROP-271,104 Ashburne,House Hardware,9,2026-02-04,Lowes,Door Knobs,7010,[],,strong,gm-19c54bfd346362be,"Lowe's Home Centers, LLC",2026-02-03,76899,pending,PAUL,1030,104 Ashburne,,https://mail.google.com/mail/u/0/#all/19c54bfd346362be,3,33080
PROP-272,104 Ashburne,Insurance - Farmers Insurance,9,2026-07-09,Foremost Insurance Group,July,37458,[],,strong,gm-19f4189f59e51a5d,Foremost Insurance Group,2026-07-08,37458,posted,PAUL,1110,104 Ashburne,,https://mail.google.com/mail/u/0/#all/19f4189f59e51a5d,1,0
PROP-273,104 Ashburne,Utilities,9,2026-03-27,Atmos Energy,Natural Gas,14159,[],,strong,gm-19ce9537b630b426,Atmos Energy,2026-03-12,14159,pending,PAUL,,,,https://mail.google.com/mail/u/0/#all/19ce9537b630b426,1,0
PROP-274,104 Ashburne,Supplies,9,2026-01-11,Home Depot,Old Work Box,756,[],,strong,gm-19badcf888c0b1cb,The Home Depot,2026-01-11,17063,dismissed,PAUL,1030,104 Ashburne,https://drive.google.com/file/d/18kwSM9i62HT2pKEvr0gnuCMlvVbSj008/view?usp=drivesdk,https://mail.google.com/mail/u/0/#all/19badcf888c0b1cb,11,1584
PROP-275,104 Ashburne,Gas/Truck/Trailer,9,2026-01-21,Harbor Freight,Trailer Light,1699,[],,strong,gm-19c1616e0c3f33fa,Harbor Freight,2026-01-31,1699,pending,PAUL,6510,OVERHEAD,,https://mail.google.com/mail/u/0/#all/19c1616e0c3f33fa,1,0
PROP-276,104 Ashburne,Paint & Flooring,10,2026-02-19,Home Depot,Spray Paint,756,[],,strong,gm-19c768d3b6197026,The Home Depot,2026-02-19,39012,dismissed,PAUL,1030,104 Ashburne,https://drive.google.com/file/d/1981pmNyhpzmog5-cgUGTTb3rjMxSE14Q/view?usp=drivesdk,https://mail.google.com/mail/u/0/#all/19c768d3b6197026,9,-454
PROP-277,104 Ashburne,Trash,10,2026-02-11,Julio,Labor,20000,[],,weak,gm-19d1cc95a5026d98,Julio,2026-03-23,50000,pending,PAUL,1020,104 Ashburne,,https://mail.google.com/mail/u/0/#all/19d1cc95a5026d98,2,
PROP-278,104 Ashburne,Lighting & Electrical,10,2026-02-19,Home Depot,Light Bulbs,5514,[],,strong,gm-19c768d3b6197026,The Home Depot,2026-02-19,39012,dismissed,PAUL,1040,104 Ashburne,https://drive.google.com/file/d/1981pmNyhpzmog5-cgUGTTb3rjMxSE14Q/view?usp=drivesdk,https://mail.google.com/mail/u/0/#all/19c768d3b6197026,9,-454
PROP-279,104 Ashburne,Master Bath,10,2026-02-10,Home Depot,Angle Stops,4954,[],,strong,gm-19c488e7c2b56593,The Home Depot,2026-02-10,20087,dismissed,PAUL,1030,104 Ashburne,https://drive.google.com/file/d/1DKM42Kn2v0aYUyOxH7gYQM0cCdCY4j_C/view?usp=drivesdk,https://mail.google.com/mail/u/0/#all/19c488e7c2b56593,7,0
PROP-280,104 Ashburne,Small Baths,10,2026-03-02,Home Depot,Sharkbite Fittings ,3228,[],,strong,gm-19cb1495d71c53af,The Home Depot,2026-03-02,3228,dismissed,PAUL,1030,104 Ashburne,https://drive.google.com/file/d/1j9kHSKKd2f8YHxQtXozOkAzABHel6kcW/view?usp=drivesdk,https://mail.google.com/mail/u/0/#all/19cb1495d71c53af,1,0
PROP-281,104 Ashburne,Pool,10,2026-03-20,Atlas Pools,Floaty thing,2165,[],,strong,gm-19d3c4ca8ef8ddfb,Atlas Pools,2026-03-20,2165,pending,PAUL,,,,https://mail.google.com/mail/u/0/#all/19d3c4ca8ef8ddfb,1,0
PROP-282,104 Ashburne,Landscaping,10,2026-02-16,Julio,Labor,20000,[],,weak,gm-19d1cc95a5026d98,Julio,2026-03-23,50000,pending,PAUL,1020,104 Ashburne,,https://mail.google.com/mail/u/0/#all/19d1cc95a5026d98,2,
PROP-283,104 Ashburne,HVAC,10,2026-05-05,Robinson Air,HVAC,106574,[],,strong,gm-19dfabd73aaac412,"Robinson Air &amp; Electric, Inc.",2026-03-28,106574,pending,DENNIS,1030,104 Ashburne,,https://mail.google.com/mail/u/0/#all/19dfabd73aaac412,1,0
PROP-284,104 Ashburne,House Hardware,10,2026-02-04,Lowes,Smokle Detectors,14895,[],,strong,gm-19c54bfd346362be,"Lowe's Home Centers, LLC",2026-02-03,76899,pending,PAUL,1030,104 Ashburne,,https://mail.google.com/mail/u/0/#all/19c54bfd346362be,3,33080
PROP-285,104 Ashburne,Insurance - Farmers Insurance,10,2026-08-07,Foremost Insurance Group,August,37458,[],,strong,gm-19fec5d90578892d,Foremost Insurance Group,2026-08-07,37458,error,PAUL,1110,104 Ashburne,,https://mail.google.com/mail/u/0/#all/19fec5d90578892d,1,0
PROP-286,104 Ashburne,Utilities,10,2026-05-08,Atmos Energy,Natural Gas,19700,[],,strong,gm-19e09b39421dc9af,Atmos Energy,2026-05-08,19700,pending,PAUL,1120,104 Ashburne,,https://mail.google.com/mail/u/0/#all/19e09b39421dc9af,1,0
PROP-287,104 Ashburne,Supplies,10,2026-01-11,Home Depot,Lag Screws,816,[],,strong,gm-19badcf888c0b1cb,The Home Depot,2026-01-11,17063,dismissed,PAUL,1030,104 Ashburne,https://drive.google.com/file/d/18kwSM9i62HT2pKEvr0gnuCMlvVbSj008/view?usp=drivesdk,https://mail.google.com/mail/u/0/#all/19badcf888c0b1cb,11,1584
PROP-288,104 Ashburne,Gas/Truck/Trailer,10,2026-02-01,Home Depot,Trailer Lumber,16017,[],,strong,gm-19c1bbf8d22774d9,The Home Depot,2026-02-01,16017,pending,PAUL,1030,104 Ashburne,,https://mail.google.com/mail/u/0/#all/19c1bbf8d22774d9,1,0
PROP-289,104 Ashburne,Paint & Flooring,11,2026-02-19,Home Depot,Floor Protection,12334,[],,strong,gm-19c77180389ec215,The Home Depot,2026-02-19,17848,dismissed,PAUL,1030,104 Ashburne,https://drive.google.com/file/d/1aGAEU4iZq9B0mlQKKy3xz_MNINxHmsi7/view?usp=drivesdk,https://mail.google.com/mail/u/0/#all/19c77180389ec215,1,5514
PROP-290,104 Ashburne,Trash,11,2026-02-11,City of Corsicana,Dump,2250,[],,strong,gm-19c524a368afa28e,City of Corsicana - Landfill,2026-02-11,2250,posted,PAUL,1060,104 Ashburne,https://drive.google.com/file/d/1yMS9cSU3oiNtAhL_XcX_oGjNwB3UIhyV/view?usp=drivesdk,https://mail.google.com/mail/u/0/#all/19c524a368afa28e,1,0
PROP-291,104 Ashburne,Lighting & Electrical,11,2026-02-19,Home Depot,Recessed LED Replacements,7571,[],,strong,gm-19c77b8ad0ecc11d,The Home Depot,2026-02-19,10815,pending,PAUL,1040,104 Ashburne,,https://mail.google.com/mail/u/0/#all/19c77b8ad0ecc11d,1,3244
PROP-292,104 Ashburne,Master Bath,11,2026-02-13,Salvador Campos,Shower TIle Labor,388000,[],,none,,,,,,,,,,,0,
PROP-293,104 Ashburne,Small Baths,11,2026-03-05,Home Depot,Plunger,1080,[],,strong,gm-19cf2444d6efb00f,The Home Depot,2026-03-15,31359,dismissed,PAUL,1030,104 Ashburne,https://drive.google.com/file/d/1-edI43EIwShtWAM_tngrOn0saxuC1osZ/view?usp=drivesdk,https://mail.google.com/mail/u/0/#all/19cf2444d6efb00f,10,753
PROP-294,104 Ashburne,Pool,11,2026-03-13,Home Depot,Hose,4328,[],,strong,gm-19ce7aeac97e5535,The Home Depot,2026-03-13,4328,pending,PAUL,1030,104 Ashburne,,https://mail.google.com/mail/u/0/#all/19ce7aeac97e5535,1,0
PROP-295,104 Ashburne,Landscaping,11,2026-02-17,Julio,Labor,20000,[],,weak,gm-19d1cc95a5026d98,Julio,2026-03-23,50000,pending,PAUL,1020,104 Ashburne,,https://mail.google.com/mail/u/0/#all/19d1cc95a5026d98,2,
PROP-296,104 Ashburne,House Hardware,11,2026-02-17,MyKnobs.com,Double door knobs,26815,[],,strong,gm-19c72800f7d3e852,"MyKnobs, Inc",2026-02-17,26815,posted,PAUL,1030,104 Ashburne,,https://mail.google.com/mail/u/0/#all/19c72800f7d3e852,1,0
PROP-297,104 Ashburne,Insurance - Farmers Insurance,11,2026-09-07,Foremost Insurance Group,Sept,37458,[],,strong,gm-1a0175f65049f28b,Farmers Insurance,2026-08-18,37458,pending,PAUL,1110,104 Ashburne,,https://mail.google.com/mail/u/0/#all/1a0175f65049f28b,1,0
PROP-298,104 Ashburne,Utilities,11,2026-04-06,Energy Texas,Electricity,6876,[],,strong,gm-19d6380481e76f15,Energy Texas,2026-04-06,6876,posted,PAUL,1120,104 Ashburne,https://drive.google.com/file/d/1hadO7lBjlRNR8Ysc1Eap0NyendeWFxGW/view?usp=drivesdk,https://mail.google.com/mail/u/0/#all/19d6380481e76f15,1,0
PROP-299,104 Ashburne,Supplies,11,2026-01-07,Home Depot,Paper Towels,106,[],,strong,gm-19bae80800798f37,The Home Depot,2026-01-07,39355,posted,PAUL,1030,104 Ashburne,https://drive.google.com/file/d/1ZVDEqXlk7twrRuzyK-JsTl3VhzsqLH7I/view?usp=drivesdk,https://mail.google.com/mail/u/0/#all/19bae80800798f37,13,2281
PROP-300,104 Ashburne,Gas/Truck/Trailer,11,2026-02-03,Shell,Gas,4517,[],,strong,gm-19c265b1151d57f5,Shell,2026-02-03,4517,pending,PAUL,6600,104 Ashburne,,https://mail.google.com/mail/u/0/#all/19c265b1151d57f5,1,0
PROP-301,104 Ashburne,Paint & Flooring,12,2026-02-22,Architectual Depot,Quarter Round,69533,[],,strong,gm-19c86e9af6ee7c6d,ArchitecturalDepot.com,2026-02-22,69533,pending,PAUL,1030,104 Ashburne,,https://mail.google.com/mail/u/0/#all/19c86e9af6ee7c6d,1,0
PROP-302,104 Ashburne,Trash,12,2026-02-12,Julio,Labor,10000,[],,weak,gm-19cc51b6b845dd1f,Shalom Granite,2026-02-19,850800,pending,PAUL,1020,104 Ashburne,,https://mail.google.com/mail/u/0/#all/19cc51b6b845dd1f,2,
PROP-303,104 Ashburne,Lighting & Electrical,12,2026-02-19,Home Depot,Closet Light,3244,[],,strong,gm-19c768d3b6197026,The Home Depot,2026-02-19,39012,dismissed,PAUL,1040,104 Ashburne,https://drive.google.com/file/d/1981pmNyhpzmog5-cgUGTTb3rjMxSE14Q/view?usp=drivesdk,https://mail.google.com/mail/u/0/#all/19c768d3b6197026,9,-454
PROP-304,104 Ashburne,Master Bath,12,2026-02-12,Home Depot,PEX,1047,[],,strong,gm-19c529f443b9a66e,The Home Depot,2026-02-12,15667,pending,PAUL,6510,OVERHEAD,,https://mail.google.com/mail/u/0/#all/19c529f443b9a66e,4,6567
PROP-305,104 Ashburne,Small Baths,12,2026-03-05,Home Depot,Toilet,11799,[],,strong,gm-19cc387a05beb25b,The Home Depot,2026-03-06,19960,dismissed,PAUL,1040,104 Ashburne,https://drive.google.com/file/d/1RR1QxC7JmRWQRmwa5SjyYAV5cRtduf-_/view?usp=drivesdk,https://mail.google.com/mail/u/0/#all/19cc387a05beb25b,2,7351
PROP-306,104 Ashburne,Pool,12,2026-03-17,Amazon,Aiper Pool Robot,41134,[],,weak,gm-19cfbe563f75f960,Amazon,2026-03-17,59671,pending,PAUL,1130,104 Ashburne,,https://mail.google.com/mail/u/0/#all/19cfbe563f75f960,0,
PROP-307,104 Ashburne,Landscaping,12,2026-02-18,Julio,Labor,20000,[],,weak,gm-19d1cc95a5026d98,Julio,2026-03-23,50000,pending,PAUL,1020,104 Ashburne,,https://mail.google.com/mail/u/0/#all/19d1cc95a5026d98,2,
PROP-308,104 Ashburne,House Hardware,12,2026-02-28,Home Depot,Threaded Rod,248,[],,strong,gm-19ca6987ecb649fd,The Home Depot,2026-02-28,284,dismissed,PAUL,1030,104 Ashburne,https://drive.google.com/file/d/1GQ3fVGzat5Je9dONMyPGx_wD_7o8GqGD/view?usp=drivesdk,https://mail.google.com/mail/u/0/#all/19ca6987ecb649fd,1,36
PROP-309,104 Ashburne,Utilities,12,2026-05-04,Energy Texas,Electricity,8022,[],,strong,gm-19db68cdc0f2c8e2,Energy Texas,2026-04-17,8022,posted,PAUL,1120,104 Ashburne,,https://mail.google.com/mail/u/0/#all/19db68cdc0f2c8e2,1,0
PROP-310,104 Ashburne,Supplies,12,2026-01-07,Home Depot,Masks,1080,[],,strong,gm-19bbe393dbd7520b,The Home Depot,2026-01-14,1080,dismissed,PAUL,1030,104 Ashburne,https://drive.google.com/file/d/1qrl90s8gwpPdMy3Enq5XWHg5wyQQeJm8/view?usp=drivesdk,https://mail.google.com/mail/u/0/#all/19bbe393dbd7520b,1,0
PROP-311,104 Ashburne,Gas/Truck/Trailer,12,2026-02-04,Home Depot,Trailer Screws etc,3104,[],,strong,gm-19c293d1acbe9a36,The Home Depot,2026-02-04,3104,posted,PAUL,1030,104 Ashburne,https://drive.google.com/file/d/1Flps6WB1KR2Vb4iXh2MV36jkix2Eufz_/view?usp=drivesdk,https://mail.google.com/mail/u/0/#all/19c293d1acbe9a36,1,0
PROP-312,104 Ashburne,Paint & Flooring,13,2026-03-01,Home Depot,Floor Protection,16445,[],,strong,gm-19cab6a1acffa793,The Home Depot,2026-03-01,20719,dismissed,PAUL,1030,104 Ashburne,https://drive.google.com/file/d/1gqTvSfqhLJi8u00EiPaSDH_dOhybu-28/view?usp=drivesdk,https://mail.google.com/mail/u/0/#all/19cab6a1acffa793,2,0
PROP-313,104 Ashburne,Trash,13,2026-02-11,Home Depot,Garbage Bags,3244,[],,strong,gm-19c4cb602c2d527c,The Home Depot,2026-02-11,4161,pending,PAUL,6510,OVERHEAD,,https://mail.google.com/mail/u/0/#all/19c4cb602c2d527c,2,0
PROP-314,104 Ashburne,Lighting & Electrical,13,2026-02-24,Amazon,Light Bulbs,1081,[],,weak,gm-19c76c4996bae8b0,The Home Depot,2026-02-19,39012,pending,PAUL,,,,https://mail.google.com/mail/u/0/#all/19c76c4996bae8b0,0,
PROP-315,104 Ashburne,Master Bath,13,2026-02-12,Home Depot,Sharkbite Fittings,3999,[],,strong,gm-19c529f443b9a66e,The Home Depot,2026-02-12,15667,pending,PAUL,6510,OVERHEAD,,https://mail.google.com/mail/u/0/#all/19c529f443b9a66e,4,6567
PROP-316,104 Ashburne,Small Baths,13,2026-03-11,Home Depot,Angle Stops,3151,[],,strong,gm-19cdd47626a096cb,The Home Depot,2026-03-11,3151,dismissed,PAUL,1030,104 Ashburne,https://drive.google.com/file/d/1GiA2UtFVn8bDxbkOwoZQv7HbeZvQD9TR/view?usp=drivesdk,https://mail.google.com/mail/u/0/#all/19cdd47626a096cb,1,0
PROP-317,104 Ashburne,Pool,13,2026-03-27,Leslies Pool Supply,Polaris,54017,[],,strong,gm-19d31434155164f2,Leslie's Pool Supplies,2026-03-27,54017,pending,PAUL,1040,104 Ashburne,,https://mail.google.com/mail/u/0/#all/19d31434155164f2,1,0
PROP-318,104 Ashburne,Landscaping,13,2026-03-12,Home Depot,Weed Killer,863,[],,strong,gm-19cddf3d9dcd3db2,The Home Depot,2026-03-11,668,posted,PAUL,1030,104 Ashburne,https://drive.google.com/file/d/1j1WViQ7k1WHOmJZyBUSey6ulfsSND2ln/view?usp=drivesdk,https://mail.google.com/mail/u/0/#all/19cddf3d9dcd3db2,1,-195
PROP-319,104 Ashburne,House Hardware,13,2026-03-06,MyKnobs.com,Double door knobs,28969,[],,strong,gm-19cc528798a2a3e5,MyKnobs.com,2026-03-06,28969,posted,PAUL,1040,104 Ashburne,https://drive.google.com/file/d/1BdqHHfnltL2kFcOZwgyB7bb6SOAg-ZAM/view?usp=drivesdk,https://mail.google.com/mail/u/0/#all/19cc528798a2a3e5,1,0
PROP-320,104 Ashburne,Utilities,13,2026-05-05,City of Ovilla,Water,13153,[],,weak,gm-19dedd5146ee87ad,Uber,2026-05-03,6324,posted,PAUL,6700,OVERHEAD,,https://mail.google.com/mail/u/0/#all/19dedd5146ee87ad,1,
PROP-321,104 Ashburne,Supplies,13,2026-01-10,Home Depot,Drywall Achors,767,[],,strong,gm-19bae832dd56cffa,The Home Depot,2026-01-10,8341,posted,PAUL,1040,104 Ashburne,https://drive.google.com/file/d/1MSEWqlv-p5Io13ETuZrQjNog8nPylIEO/view?usp=drivesdk,https://mail.google.com/mail/u/0/#all/19bae832dd56cffa,2,1
PROP-322,104 Ashburne,Gas/Truck/Trailer,13,2026-02-18,Exxon,Gas,5244,[],,strong,gm-19c4777f162998eb,Exxon,2026-02-10,5244,posted,PAUL,6600,OVERHEAD,https://drive.google.com/file/d/1MmUjuMFAEL0ZX5sUUsR45xgIlpayUUrk/view?usp=drivesdk,https://mail.google.com/mail/u/0/#all/19c4777f162998eb,1,0
PROP-323,104 Ashburne,Paint & Flooring,14,2026-03-01,Home Depot,Tape for Floor Protection,4274,[],,strong,gm-19cab6a1acffa793,The Home Depot,2026-03-01,20719,dismissed,PAUL,1030,104 Ashburne,https://drive.google.com/file/d/1gqTvSfqhLJi8u00EiPaSDH_dOhybu-28/view?usp=drivesdk,https://mail.google.com/mail/u/0/#all/19cab6a1acffa793,2,0
PROP-324,104 Ashburne,Trash,14,2026-02-12,City of Corsicana,Dump,2730,[],,strong,gm-19c53f820df5b90c,City of Corsicana - Landfill,2026-02-12,2730,posted,PAUL,1060,104 Ashburne,https://drive.google.com/file/d/1TkAmKZJGHze5D7hWiEebq5Wzu4WSdfFz/view?usp=drivesdk,https://mail.google.com/mail/u/0/#all/19c53f820df5b90c,1,0
PROP-325,104 Ashburne,Lighting & Electrical,14,2026-02-19,Lowes,Celing Fans,86596,[],,strong,gm-19c9b3740b02575c,Lowe's Home Improvement,2026-02-19,147859,pending,PAUL,1040,104 Ashburne,,https://mail.google.com/mail/u/0/#all/19c9b3740b02575c,4,0
PROP-326,104 Ashburne,Master Bath,14,2026-02-13,Lowes,Grout,5408,[],,strong,gm-19c57380bae96d98,"Lowe's Home Centers, LLC",2026-02-13,5408,posted,PAUL,1030,104 Ashburne,,https://mail.google.com/mail/u/0/#all/19c57380bae96d98,1,0
PROP-327,104 Ashburne,Small Baths,14,2026-03-11,Home Depot,Angle Stop,1576,[],,strong,gm-19d4ed506ec83c9a,The Home Depot,2026-04-02,27124,posted,PAUL,1130,104 Ashburne,https://drive.google.com/file/d/1xCcg9al8SkPPJ4kXbkqYO4jE0314eIRX/view?usp=drivesdk,https://mail.google.com/mail/u/0/#all/19d4ed506ec83c9a,6,0
PROP-328,104 Ashburne,Pool,14,2026-03-31,Atlas Pools,New Pump,212000,[],,strong,gm-19d253342e722062,Atlas Pools,2026-03-23,212000,pending,PAUL,1020,104 Ashburne,,https://mail.google.com/mail/u/0/#all/19d253342e722062,1,0
PROP-329,104 Ashburne,Landscaping,14,2026-03-12,Home Depot,Weed & Feed,7574,[],,weak,gm-19cf2444d6efb00f,The Home Depot,2026-03-15,31359,dismissed,PAUL,1030,104 Ashburne,https://drive.google.com/file/d/1-edI43EIwShtWAM_tngrOn0saxuC1osZ/view?usp=drivesdk,https://mail.google.com/mail/u/0/#all/19cf2444d6efb00f,10,
PROP-330,104 Ashburne,House Hardware,14,2026-03-21,Lowes,Door Knobs,9842,[],,strong,gm-19cf79150281a75a,"Lowe's Home Centers, LLC",2026-03-16,46573,posted,PAUL,1030,104 Ashburne,https://drive.google.com/file/d/1a0DTuwV1XP-1DnlEIGKsY6gJ2GtCfNFI/view?usp=drivesdk,https://mail.google.com/mail/u/0/#all/19cf79150281a75a,8,0
PROP-331,104 Ashburne,Utilities,14,2026-06-04,Energy Texas,Electricity,13921,[],,weak,gm-19e8d1415d216814,Uber,2026-06-03,9498,pending,PAUL,6700,OVERHEAD,,https://mail.google.com/mail/u/0/#all/19e8d1415d216814,0,
PROP-332,104 Ashburne,Supplies,14,2026-01-14,Home Depot,Old Work Boxes,946,[],,strong,gm-19bbd41a87b2b698,The Home Depot,2026-01-14,2025,pending,PAUL,1030,104 Ashburne,,https://mail.google.com/mail/u/0/#all/19bbd41a87b2b698,2,0
PROP-333,104 Ashburne,Gas/Truck/Trailer,14,2026-02-12,Shell,Gas,5373,[],,strong,gm-19c524ab00c8adef,Shell,2026-02-12,5373,pending,PAUL,6600,104 Ashburne,,https://mail.google.com/mail/u/0/#all/19c524ab00c8adef,1,0
PROP-334,104 Ashburne,Paint & Flooring,15,2026-03-02,Lowes,Moldings,2852,[],,strong,gm-19cb1566e7f23282,"Lowe's Home Centers, LLC",2026-03-02,2852,posted,PAUL,1030,104 Ashburne,https://drive.google.com/file/d/1UHa6Mjac3NkeoahMrgYlbpkGekdHkUud/view?usp=drivesdk,https://mail.google.com/mail/u/0/#all/19cb1566e7f23282,1,0
PROP-335,104 Ashburne,Trash,15,2026-02-20,City of Corsicana,Dump,2250,[],,strong,gm-19c7cfac1157869b,City of Corsicana - Landfill,2026-02-20,2250,posted,PAUL,1060,104 Ashburne,https://drive.google.com/file/d/1GngjIqk5wVbsVs6wNCQMSI8l75NutnWX/view?usp=drivesdk,https://mail.google.com/mail/u/0/#all/19c7cfac1157869b,1,0
PROP-336,104 Ashburne,Lighting & Electrical,15,2026-02-19,Lowes,Celing Fan Drownrod,7034,[],,strong,gm-19c9b3740b02575c,Lowe's Home Improvement,2026-02-19,147859,pending,PAUL,1040,104 Ashburne,,https://mail.google.com/mail/u/0/#all/19c9b3740b02575c,4,0
PROP-337,104 Ashburne,Master Bath,15,2026-02-15,Home Depot,2x4's,1533,[],,strong,gm-19caba0d41d86d9b,The Home Depot,2026-03-01,20719,pending,PAUL,1030,104 Ashburne,,https://mail.google.com/mail/u/0/#all/19caba0d41d86d9b,8,0
PROP-338,104 Ashburne,Small Baths,15,2026-03-16,Home Depot,Sand Mix,2559,[],,strong,gm-19cf85c8d2911eb0,The Home Depot,2026-03-16,31664,posted,PAUL,1030,104 Ashburne,https://drive.google.com/file/d/1gKFoJb5b9jxzJG5cRXcjN4XAMoKPnyK9/view?usp=drivesdk,https://mail.google.com/mail/u/0/#all/19cf85c8d2911eb0,4,0
PROP-339,104 Ashburne,Pool,15,2026-04-04,Leslies Pool Supply,Timer pegs,865,[],,strong,gm-19d5491d71583652,Leslie's Pool Supplies,2026-04-03,865,posted,PAUL,1030,104 Ashburne,https://drive.google.com/file/d/1eM2X23zLqe4XjaTHqvGE9mBoK-Wesprn/view?usp=drivesdk,https://mail.google.com/mail/u/0/#all/19d5491d71583652,1,0
PROP-340,104 Ashburne,Landscaping,15,2026-03-17,Julio,Labor,20000,[],,weak,gm-19d1cc95a5026d98,Julio,2026-03-23,50000,pending,PAUL,1020,104 Ashburne,,https://mail.google.com/mail/u/0/#all/19d1cc95a5026d98,2,
PROP-341,104 Ashburne,House Hardware,15,2026-03-24,Home Depot,Door Weather Stripping,11253,[],,strong,gm-19d20029c2d90ba7,The Home Depot,2026-03-24,14494,posted,PAUL,1030,104 Ashburne,https://drive.google.com/file/d/1S8fxqig4NLZrLXxXXQBLMeGikCb9G-70/view?usp=drivesdk,https://mail.google.com/mail/u/0/#all/19d20029c2d90ba7,2,0
PROP-342,104 Ashburne,Utilities,15,2026-06-04,Atmos Energy,Natural Gas,3131,[],,strong,gm-19e2379ba3158c72,Atmos Energy,2026-05-12,3131,pending,PAUL,,,,https://mail.google.com/mail/u/0/#all/19e2379ba3158c72,1,0
PROP-343,104 Ashburne,Supplies,15,2026-01-14,Home Depot,Old Work Box,647,[],,strong,gm-19c66a1cdb487a56,The Home Depot,2026-02-16,18338,dismissed,PAUL,6510,OVERHEAD,https://drive.google.com/file/d/1LWOHxyo0yarxeZRyUfHTkNcRJF-6NklW/view?usp=drivesdk,https://mail.google.com/mail/u/0/#all/19c66a1cdb487a56,6,541
PROP-344,104 Ashburne,Gas/Truck/Trailer,15,2026-02-12,J&P Auto Repair,Trailer Tire,5200,[],,strong,gm-19c53948b4990f97,J &amp; P Auto Repair,2026-02-12,5200,posted,PAUL,6600,OVERHEAD,https://drive.google.com/file/d/1q639S81PTDpT0OtA1OkNXA0CxbU0vsjR/view?usp=drivesdk,https://mail.google.com/mail/u/0/#all/19c53948b4990f97,1,0
PROP-345,104 Ashburne,Paint & Flooring,16,2026-03-05,Home Depot,Baseboards & Trim,42584,[],,strong,gm-19cbe5c17963dd8d,The Home Depot,2026-03-05,42584,posted,PAUL,1030,104 Ashburne,https://drive.google.com/file/d/1gniTPBB0vQqeJoqsmahTyb4DWliz0U-y/view?usp=drivesdk,https://mail.google.com/mail/u/0/#all/19cbe5c17963dd8d,1,0
PROP-346,104 Ashburne,Trash,16,2026-02-20,Julio,Labor,20000,[],,weak,gm-19d1cc95a5026d98,Julio,2026-03-23,50000,pending,PAUL,1020,104 Ashburne,,https://mail.google.com/mail/u/0/#all/19d1cc95a5026d98,2,
PROP-347,104 Ashburne,Lighting & Electrical,16,2026-02-19,Home Depot,Light Switches,6924,[],,strong,gm-19c768d3b6197026,The Home Depot,2026-02-19,39012,dismissed,PAUL,1040,104 Ashburne,https://drive.google.com/file/d/1981pmNyhpzmog5-cgUGTTb3rjMxSE14Q/view?usp=drivesdk,https://mail.google.com/mail/u/0/#all/19c768d3b6197026,9,-454
PROP-348,104 Ashburne,Master Bath,16,2026-02-18,Home Depot,Pex Turnsouts,1063,[],,strong,gm-19c7092d542413e0,The Home Depot,2026-02-18,6956,dismissed,PAUL,1030,104 Ashburne,https://drive.google.com/file/d/1ZaeV34-njGwfksiujmaF7ZrC-ABFg6bA/view?usp=drivesdk,https://mail.google.com/mail/u/0/#all/19c7092d542413e0,5,0
PROP-349,104 Ashburne,Small Baths,16,2026-03-16,Home Depot,Shower Faucet,16129,[],,strong,gm-19cf85c8d2911eb0,The Home Depot,2026-03-16,31664,posted,PAUL,1040,104 Ashburne,https://drive.google.com/file/d/1gKFoJb5b9jxzJG5cRXcjN4XAMoKPnyK9/view?usp=drivesdk,https://mail.google.com/mail/u/0/#all/19cf85c8d2911eb0,4,0
PROP-350,104 Ashburne,Pool,16,2026-04-17,Atlas Pools,New Filter,180000,[],,strong,gm-19d9c07d5c6edf7f,Atlas Pools,2026-04-17,180000,pending,PAUL,1130,104 Ashburne,,https://mail.google.com/mail/u/0/#all/19d9c07d5c6edf7f,1,0
PROP-351,104 Ashburne,Landscaping,16,2026-03-19,FNF Irrigation,Controller and DIagnosis,45000,[],"C-1 2026-09-17/18: the cell is the text '450,00' (comma typo) - $450.00; the parser read 45,000. Paul confirmed $450",strong,gm-19d22c318a9ae172,FNF Irrigation,2026-03-19,45000,posted,PAUL,1020,104 Ashburne,https://drive.google.com/file/d/1c6sGBRyK09VRpgjX7pzmaqvRnUxGQK4O/view?usp=drivesdk,https://mail.google.com/mail/u/0/#all/19d22c318a9ae172,1,0
PROP-352,104 Ashburne,House Hardware,16,2026-03-30,Home Depot,Crawl Space Door,26142,[],,strong,gm-19d46fc2dd5b39fa,The Home Depot,2026-03-30,26142,dismissed,PAUL,1030,104 Ashburne,,https://mail.google.com/mail/u/0/#all/19d46fc2dd5b39fa,1,0
PROP-353,104 Ashburne,Utilities,16,2026-07-06,Energy Texas,Electricity,22682,[],,strong,gm-19f37bd652dbc0b5,"Energy Texas (Rhythm Ops, LLC)",2026-07-06,22682,pending,PAUL,1120,104 Ashburne,,https://mail.google.com/mail/u/0/#all/19f37bd652dbc0b5,1,0
PROP-354,104 Ashburne,Supplies,16,2026-01-15,Home Depot,Old Work Box,647,[],,strong,gm-19bc1e5948839629,The Home Depot,2026-01-15,647,dismissed,PAUL,1030,104 Ashburne,https://drive.google.com/file/d/1m86cWbuRY5agVEiIE86k775wH8s0MRT-/view?usp=drivesdk,https://mail.google.com/mail/u/0/#all/19bc1e5948839629,1,0
PROP-355,104 Ashburne,Gas/Truck/Trailer,16,2026-02-14,Shell,Gas,5000,[],,strong,gm-19c5cde22d3b278d,Shell,2026-02-14,5000,pending,PAUL,6600,104 Ashburne,,https://mail.google.com/mail/u/0/#all/19c5cde22d3b278d,1,0
PROP-356,104 Ashburne,Paint & Flooring,17,2026-03-05,Armandre Vega,Flexible Quarter Round,9897,[],,weak,gm-19cbe5fe4bbbc3d4,Armandre Vega,2026-03-05,52481,pending,PAUL,1020,104 Ashburne,,https://mail.google.com/mail/u/0/#all/19cbe5fe4bbbc3d4,0,
PROP-357,104 Ashburne,Trash,17,2026-02-13,Julio,Labor,20000,[],,weak,gm-19d1cc95a5026d98,Julio,2026-03-23,50000,pending,PAUL,1020,104 Ashburne,,https://mail.google.com/mail/u/0/#all/19d1cc95a5026d98,2,
PROP-358,104 Ashburne,Lighting & Electrical,17,2026-03-05,Home Depot,Old Work Boxes,857,[],,strong,gm-19cbf798cd5a28c5,The Home Depot,2026-03-05,33356,dismissed,PAUL,1030,104 Ashburne,https://drive.google.com/file/d/1-UQRtyYI37yUJ_uLFNClOekeFA_vwrDf/view?usp=drivesdk,https://mail.google.com/mail/u/0/#all/19cbf798cd5a28c5,3,1555
PROP-359,104 Ashburne,Master Bath,17,2026-02-22,Pebble Tile Shop,Tile Sample,1499,[],,strong,gm-19c727fc06096c89,Pebble Tile Shop,2026-02-17,1499,posted,PAUL,1030,104 Ashburne,,https://mail.google.com/mail/u/0/#all/19c727fc06096c89,1,0
PROP-360,104 Ashburne,Small Baths,17,2026-03-16,Home Depot,Shower Niche,7899,[],,strong,gm-19cf85c8d2911eb0,The Home Depot,2026-03-16,31664,posted,PAUL,1030,104 Ashburne,https://drive.google.com/file/d/1gKFoJb5b9jxzJG5cRXcjN4XAMoKPnyK9/view?usp=drivesdk,https://mail.google.com/mail/u/0/#all/19cf85c8d2911eb0,4,0
PROP-361,104 Ashburne,Pool,17,2026-04-17,Atlas Pools,Service,18500,[],,strong,gm-19d9c2bb83706d3e,Atlas Pools,2026-04-17,18500,posted,PAUL,1130,104 Ashburne,,https://mail.google.com/mail/u/0/#all/19d9c2bb83706d3e,1,0
PROP-362,104 Ashburne,Landscaping,17,2026-03-30,Home Depot,Fence Boards,3934,[],,strong,gm-19caba0d41d86d9b,The Home Depot,2026-03-01,20719,pending,PAUL,1030,104 Ashburne,,https://mail.google.com/mail/u/0/#all/19caba0d41d86d9b,8,0
PROP-363,104 Ashburne,House Hardware,17,2026-03-30,Waxahachie Glass,Glass Deposit,51878,[],,weak,gm-19d405df0d679aff,Waxahachie Glass Corp.,2026-03-30,51878,pending,PAUL,1020,104 Ashburne,,https://mail.google.com/mail/u/0/#all/19d405df0d679aff,1,
PROP-364,104 Ashburne,Utilities,17,2026-07-13,Atmos Energy,Natural Gas,3160,[],,strong,gm-19f5c7193197e0a6,Atmos Energy,2026-07-13,3160,posted,PAUL,1120,104 Ashburne,,https://mail.google.com/mail/u/0/#all/19f5c7193197e0a6,1,0
PROP-365,104 Ashburne,Supplies,17,2026-01-15,Home Depot,Wood Dowel,734,[],,strong,gm-19bc2775a6872115,The Home Depot,2026-01-15,24867,dismissed,PAUL,1030,104 Ashburne,https://drive.google.com/file/d/1acVtswFO50RlOSwOYQKl42vmBcozM4os/view?usp=drivesdk,https://mail.google.com/mail/u/0/#all/19bc2775a6872115,2,23399
PROP-366,104 Ashburne,Gas/Truck/Trailer,17,2026-02-17,HGO Tire SHop,Flat Tire,2000,[],,strong,gm-19c6bc67c11b5ac6,HGO Tire Shop,2026-02-17,2000,pending,PAUL,6600,104 Ashburne,,https://mail.google.com/mail/u/0/#all/19c6bc67c11b5ac6,1,0
PROP-367,104 Ashburne,Paint & Flooring,18,2026-03-05,Lowes,Moldings,3241,[],,strong,gm-19cbe988cb289b26,"Lowe's Home Centers, LLC",2026-03-05,3241,posted,PAUL,1030,104 Ashburne,https://drive.google.com/file/d/1bcxdcWiBvItHY6IRYZ7ytTHGxGv533ry/view?usp=drivesdk,https://mail.google.com/mail/u/0/#all/19cbe988cb289b26,1,0
PROP-368,104 Ashburne,Trash,18,2026-02-18,Julio,Labor,20000,[],,weak,gm-19d1cc95a5026d98,Julio,2026-03-23,50000,pending,PAUL,1020,104 Ashburne,,https://mail.google.com/mail/u/0/#all/19d1cc95a5026d98,2,
PROP-369,104 Ashburne,Lighting & Electrical,18,2026-03-05,Home Depot,Outlets,647,[],,strong,gm-19cbf798cd5a28c5,The Home Depot,2026-03-05,33356,dismissed,PAUL,1030,104 Ashburne,https://drive.google.com/file/d/1-UQRtyYI37yUJ_uLFNClOekeFA_vwrDf/view?usp=drivesdk,https://mail.google.com/mail/u/0/#all/19cbf798cd5a28c5,3,1555
PROP-370,104 Ashburne,Master Bath,18,2026-02-19,Lowes,Sinks,14285,[],,strong,gm-19c9b3740b02575c,Lowe's Home Improvement,2026-02-19,147859,pending,PAUL,1040,104 Ashburne,,https://mail.google.com/mail/u/0/#all/19c9b3740b02575c,4,0
PROP-371,104 Ashburne,Small Baths,18,2026-03-16,Home Depot,Backer Board,5077,[],,strong,gm-19cf85c8d2911eb0,The Home Depot,2026-03-16,31664,posted,PAUL,1030,104 Ashburne,https://drive.google.com/file/d/1gKFoJb5b9jxzJG5cRXcjN4XAMoKPnyK9/view?usp=drivesdk,https://mail.google.com/mail/u/0/#all/19cf85c8d2911eb0,4,0
PROP-372,104 Ashburne,Pool,18,2026-04-17,Atlas Pools,Service,19647,[],,strong,gm-19d9c2bdd7c7d9c1,Atlas Pools,2026-04-17,19647,posted,PAUL,1130,104 Ashburne,,https://mail.google.com/mail/u/0/#all/19d9c2bdd7c7d9c1,1,0
PROP-373,104 Ashburne,Landscaping,18,2026-05-08,Julio,Lawn Maintenance,10000,[],,weak,gm-19e3baaed0e83190,Oregon Secretary of State (NICUSA),2026-05-18,10000,dismissed,PAUL,6900,OVERHEAD,,https://mail.google.com/mail/u/0/#all/19e3baaed0e83190,1,
PROP-374,104 Ashburne,House Hardware,18,2026-03-30,Lowes,Door Knobs,5949,[],,strong,gm-19cf79150281a75a,"Lowe's Home Centers, LLC",2026-03-16,46573,posted,PAUL,1030,104 Ashburne,https://drive.google.com/file/d/1a0DTuwV1XP-1DnlEIGKsY6gJ2GtCfNFI/view?usp=drivesdk,https://mail.google.com/mail/u/0/#all/19cf79150281a75a,8,0
PROP-375,104 Ashburne,Utilities,18,2026-08-03,Energy Texas,Electricity,37116,[],,strong,gm-19fc8ca461cafa79,Energy Texas,2026-08-03,37116,pending,UNKNOWN,1120,104 Ashburne,,https://mail.google.com/mail/u/0/#all/19fc8ca461cafa79,1,0
PROP-376,104 Ashburne,Supplies,18,2026-02-10,Home Depot,Shop Towels,377,[],,strong,gm-19c488e7c2b56593,The Home Depot,2026-02-10,20087,dismissed,PAUL,1030,104 Ashburne,https://drive.google.com/file/d/1DKM42Kn2v0aYUyOxH7gYQM0cCdCY4j_C/view?usp=drivesdk,https://mail.google.com/mail/u/0/#all/19c488e7c2b56593,7,0
PROP-377,104 Ashburne,Gas/Truck/Trailer,18,2026-02-17,O'Reily,Lug Nut,345,[],,weak,gm-19c6bce6982d294b,O'Reilly Auto Parts,2026-02-17,345,posted,PAUL,6600,OVERHEAD,https://drive.google.com/file/d/183Y2DLyc7jPK3dOA9KRu7ePJnZuLj0Cm/view?usp=drivesdk,https://mail.google.com/mail/u/0/#all/19c6bce6982d294b,0,
PROP-378,104 Ashburne,Paint & Flooring,19,2026-03-06,Juan Garcia,Paint & Floor Installation,250000,[],,strong,gm-19cc51b9d5d50855,Juanito (unidentified labor payee),2026-03-06,250000,pending,PAUL,1020,104 Ashburne,,https://mail.google.com/mail/u/0/#all/19cc51b9d5d50855,1,0
PROP-379,104 Ashburne,Trash,19,2026-03-04,Home Depot,Garbage Bags,3244,[],,strong,gm-19cb9e86dc1c5092,The Home Depot,2026-03-04,3996,pending,PAUL,6510,OVERHEAD,,https://mail.google.com/mail/u/0/#all/19cb9e86dc1c5092,1,752
PROP-380,104 Ashburne,Lighting & Electrical,19,2026-03-05,Home Depot,Outlet Covers,585,[],,strong,gm-19caba0d41d86d9b,The Home Depot,2026-03-01,20719,pending,PAUL,1030,104 Ashburne,,https://mail.google.com/mail/u/0/#all/19caba0d41d86d9b,8,0
PROP-381,104 Ashburne,Master Bath,19,2026-02-15,Home Depot,PT 2x4's,6079,[],,strong,gm-19caba0d41d86d9b,The Home Depot,2026-03-01,20719,pending,PAUL,1030,104 Ashburne,,https://mail.google.com/mail/u/0/#all/19caba0d41d86d9b,8,0
PROP-382,104 Ashburne,Small Baths,19,2026-03-18,Floor & Decor,Shower Tile,37894,[],,strong,gm-19d01359eb674ac2,Floor and Decor,2026-03-18,42319,posted,PAUL,1030,104 Ashburne,https://drive.google.com/file/d/1jo8RBJdJW8NOtY_k7v8kOzor43LhD1in/view?usp=drivesdk,https://mail.google.com/mail/u/0/#all/19d01359eb674ac2,1,4425
PROP-383,104 Ashburne,Pool,19,2026-05-18,Atlas Pools,New Timer,35000,[],,strong,gm-19e3b9d4d703ee57,Atlas Pools,2026-05-18,35000,posted,PAUL,1130,104 Ashburne,,https://mail.google.com/mail/u/0/#all/19e3b9d4d703ee57,1,0
PROP-384,104 Ashburne,Landscaping,19,2026-04-02,Home Depot,Grass Seed,20506,[],,weak,gm-19d6d01dadaa68e4,The Home Depot,2026-04-08,20708,posted,PAUL,1030,104 Ashburne,https://drive.google.com/file/d/1Svs9tT6_SFjEh5BgW8lSLJaY_r-gdUjN/view?usp=drivesdk,https://mail.google.com/mail/u/0/#all/19d6d01dadaa68e4,5,
PROP-385,104 Ashburne,House Hardware,19,2026-04-01,Home Depot,oor weather stripping,2250,[],,strong,gm-19d63f17bf22f9fa,The Home Depot,2026-04-06,18152,pending,PAUL,,,,https://mail.google.com/mail/u/0/#all/19d63f17bf22f9fa,5,0
PROP-386,104 Ashburne,Utilities,19,2026-08-10,Atmos Energy,Natural Gas,3579,[],,strong,gm-19fecb16f5663e40,Atmos Energy,2026-08-10,3579,pending,UNKNOWN,1120,104 Ashburne,,https://mail.google.com/mail/u/0/#all/19fecb16f5663e40,1,0
PROP-387,104 Ashburne,Supplies,19,2026-02-11,Home Depot,Gloves,917,[],,strong,gm-19c4cb602c2d527c,The Home Depot,2026-02-11,4161,pending,PAUL,6510,OVERHEAD,,https://mail.google.com/mail/u/0/#all/19c4cb602c2d527c,2,0
PROP-388,104 Ashburne,Gas/Truck/Trailer,19,2026-02-18,Shell,Gas,5148,[],,strong,gm-19c72576226cdb22,Shell,2026-02-18,5148,pending,PAUL,6600,104 Ashburne,,https://mail.google.com/mail/u/0/#all/19c72576226cdb22,1,0
PROP-389,104 Ashburne,Paint & Flooring,20,2026-03-12,Home Depot,Quarter Round,5253,[],,strong,gm-19caba0d41d86d9b,The Home Depot,2026-03-01,20719,pending,PAUL,1030,104 Ashburne,,https://mail.google.com/mail/u/0/#all/19caba0d41d86d9b,8,0
PROP-390,104 Ashburne,Trash,20,2026-03-10,City of Corsicana,Dump,2730,[],,strong,gm-19cd97e8d0053cdd,City of Corsicana - Landfill,2026-03-10,2730,dismissed,PAUL,1060,104 Ashburne,https://drive.google.com/file/d/1e4NBHjsQXTYVs-bLaZsszO7nHl-vjZAB/view?usp=drivesdk,https://mail.google.com/mail/u/0/#all/19cd97e8d0053cdd,1,0
PROP-391,104 Ashburne,Lighting & Electrical,20,2026-03-05,Home Depot,LED Strip Lights For Cabinets,30297,[],,strong,gm-19cbf798cd5a28c5,The Home Depot,2026-03-05,33356,dismissed,PAUL,1040,104 Ashburne,https://drive.google.com/file/d/1-UQRtyYI37yUJ_uLFNClOekeFA_vwrDf/view?usp=drivesdk,https://mail.google.com/mail/u/0/#all/19cbf798cd5a28c5,3,1555
PROP-392,104 Ashburne,Master Bath,20,2026-03-05,Home Depot,Sink Faucets,36589,[],,strong,gm-19cbddb92c61a37a,The Home Depot,2026-03-05,36589,dismissed,PAUL,1040,104 Ashburne,https://drive.google.com/file/d/1PTryUvANB6Fx8ykStIvCg1uEpZ_3RG7p/view?usp=drivesdk,https://mail.google.com/mail/u/0/#all/19cbddb92c61a37a,1,0
PROP-393,104 Ashburne,Small Baths,20,2026-03-18,Lowes,Slutters,5402,[],,strong,gm-19d025886a028690,"Lowe's Home Centers, LLC",2026-03-18,5402,posted,PAUL,1030,104 Ashburne,https://drive.google.com/file/d/1Yqm8I-U56AKcl8JdVFww8-qKH18VLPN8/view?usp=drivesdk,https://mail.google.com/mail/u/0/#all/19d025886a028690,1,0
PROP-394,104 Ashburne,Pool,20,2026-05-18,Atlas Pools,Service,25601,[],,strong,gm-19e3b9e38c92919f,Atlas Pools,2026-05-18,25601,pending,PAUL,1130,104 Ashburne,,https://mail.google.com/mail/u/0/#all/19e3b9e38c92919f,1,0
PROP-395,104 Ashburne,Landscaping,20,2026-04-02,Julio,Labor,20000,[],,weak,gm-19d1cc95a5026d98,Julio,2026-03-23,50000,pending,PAUL,1020,104 Ashburne,,https://mail.google.com/mail/u/0/#all/19d1cc95a5026d98,2,
PROP-396,104 Ashburne,House Hardware,20,2026-04-01,Lowes,Door Knobs,2055,[],,strong,gm-19d492744d5f21c2,"Lowe's Home Centers, LLC",2026-04-01,5501,posted,PAUL,1030,104 Ashburne,https://drive.google.com/file/d/1YkAr1WEdFP_PiUVk3AkFQ4ob9RdZeaZs/view?usp=drivesdk,https://mail.google.com/mail/u/0/#all/19d492744d5f21c2,2,-1
PROP-397,104 Ashburne,Utilities,20,2026-08-10,City of Ovilla,Water,18267,[],,strong,gm-19fed3edc8e2cd4e,City of Ovilla,2026-08-10,18267,posted,PAUL,1120,104 Ashburne,https://drive.google.com/file/d/1lpDUwXOosWJdAbKGZ96bIXAp_hIWx5x5/view?usp=drivesdk,https://mail.google.com/mail/u/0/#all/19fed3edc8e2cd4e,1,0
PROP-398,104 Ashburne,Supplies,20,2026-02-13,Home Depot,Shop Towels,377,[],,strong,gm-19c576d1036e4a39,The Home Depot,2026-02-13,14341,posted,PAUL,1030,104 Ashburne,https://drive.google.com/file/d/1deGUzi8y68f1aSrD8FP3YYWyuViEaNoI/view?usp=drivesdk,https://mail.google.com/mail/u/0/#all/19c576d1036e4a39,2,0
PROP-399,104 Ashburne,Gas/Truck/Trailer,20,2026-02-20,Shell,Gas,5515,[],,strong,gm-19c7cfbc9a6c86a0,Shell,2026-02-20,5515,pending,PAUL,6600,104 Ashburne,,https://mail.google.com/mail/u/0/#all/19c7cfbc9a6c86a0,1,0
PROP-400,104 Ashburne,Paint & Flooring,21,2026-03-13,Lowes,Quarter Round,4832,[],,strong,gm-19ce7245dbb4ed86,"Lowe's Home Centers, LLC",2026-03-13,10914,posted,PAUL,1030,104 Ashburne,https://drive.google.com/file/d/1gn9pyhkWH1jzk9eyvwixamTRYDtx4l2p/view?usp=drivesdk,https://mail.google.com/mail/u/0/#all/19ce7245dbb4ed86,1,6082
PROP-401,104 Ashburne,Trash,21,2026-03-10,Julio,Labor,20000,[],,weak,gm-19d1cc95a5026d98,Julio,2026-03-23,50000,pending,PAUL,1020,104 Ashburne,,https://mail.google.com/mail/u/0/#all/19d1cc95a5026d98,2,
PROP-402,104 Ashburne,Lighting & Electrical,21,2026-03-09,Wayfiar,Dining Room Light,15262,[],"C-2 2026-09-18: the cell is the text '152,62' (comma typo) - $152.62, never $15,262; the inventory parser misread it",weak,gm-19cd60fc58534aca,Wayfair,2026-03-09,26411,dismissed,PAUL,1040,104 Ashburne,,https://mail.google.com/mail/u/0/#all/19cd60fc58534aca,0,
PROP-403,104 Ashburne,Master Bath,21,2026-03-07,The Tile Shop,Tile for bathtub plaform,37367,[],,strong,gm-19cc98e8a2850d78,The Tile Shop,2026-03-07,37367,posted,PAUL,1030,104 Ashburne,https://drive.google.com/file/d/1yAgF-YnqQt0T17-tr3DS2cS9P1siNpIw/view?usp=drivesdk,https://mail.google.com/mail/u/0/#all/19cc98e8a2850d78,1,0
PROP-404,104 Ashburne,Small Baths,21,2026-03-19,Lowes,Grout,5408,[],,strong,gm-19d069c13314e2b8,"Lowe's Home Centers, LLC",2026-03-19,5408,posted,PAUL,1030,104 Ashburne,https://drive.google.com/file/d/19CDPV6LBlECOIoOzvbWhAXCfix7yM4qa/view?usp=drivesdk,https://mail.google.com/mail/u/0/#all/19d069c13314e2b8,1,0
PROP-405,104 Ashburne,Pool,21,2026-06-11,Atlas Pools,Service,25601,[],,strong,gm-19eb746f47e8d76d,Atlas Pools,2026-06-01,25601,posted,PAUL,1130,104 Ashburne,https://drive.google.com/file/d/1AKHtDpYA579pSSXTG3wJed7663Z8_g9F/view?usp=drivesdk,https://mail.google.com/mail/u/0/#all/19eb746f47e8d76d,1,0
PROP-406,104 Ashburne,Landscaping,21,2026-04-03,Julio,Labor,20000,[],,weak,gm-19d1cc95a5026d98,Julio,2026-03-23,50000,pending,PAUL,1020,104 Ashburne,,https://mail.google.com/mail/u/0/#all/19d1cc95a5026d98,2,
PROP-407,104 Ashburne,House Hardware,21,2026-04-01,Home Depot,Door stops,1586,[],,strong,gm-19d4a3ee589e436a,The Home Depot,2026-04-01,9358,posted,PAUL,1030,104 Ashburne,https://drive.google.com/file/d/1bv7Pp9Yb2Xc7unJLH327L9MUkbbPuswv/view?usp=drivesdk,https://mail.google.com/mail/u/0/#all/19d4a3ee589e436a,4,1069
PROP-408,104 Ashburne,Supplies,21,2026-02-12,Home Depot,Screws,1566,[],,strong,gm-19c529f443b9a66e,The Home Depot,2026-02-12,15667,pending,PAUL,1030,104 Ashburne,,https://mail.google.com/mail/u/0/#all/19c529f443b9a66e,4,6567
PROP-409,104 Ashburne,Gas/Truck/Trailer,21,2026-03-04,Shell,Gas,5596,[],,strong,gm-19cba38a160751ad,Shell,2026-03-04,5596,pending,PAUL,6600,104 Ashburne,,https://mail.google.com/mail/u/0/#all/19cba38a160751ad,1,0
PROP-410,104 Ashburne,Paint & Flooring,22,2026-03-13,FedEx,Shipping to Felxitions,1190,[],,strong,gm-19ce84ad1be595c1,FedEx Office,2026-03-13,1190,pending,PAUL,1030,104 Ashburne,,https://mail.google.com/mail/u/0/#all/19ce84ad1be595c1,1,0
PROP-411,104 Ashburne,Trash,22,2026-03-23,Julio,Labor,20000,[],,strong,gm-19d1cc95a5026d98,Julio,2026-03-23,50000,pending,PAUL,1020,104 Ashburne,,https://mail.google.com/mail/u/0/#all/19d1cc95a5026d98,2,0
PROP-412,104 Ashburne,Lighting & Electrical,22,2026-03-13,Lumens,Laundry Bath Light,12081,[],,strong,gm-19ce9e96ec55aec5,Lumens,2026-03-13,12081,posted,PAUL,1040,104 Ashburne,,https://mail.google.com/mail/u/0/#all/19ce9e96ec55aec5,1,0
PROP-413,104 Ashburne,Master Bath,22,2026-03-07,Floor & Decor,Tile for bathtub plaform,13640,[],,weak,gm-19cc9f61226563fe,Floor &amp; Decor,2026-03-07,0,pending,PAUL,,,,https://mail.google.com/mail/u/0/#all/19cc9f61226563fe,0,
PROP-414,104 Ashburne,Small Baths,22,2026-03-19,Home Depot,Vanith Top,54527,[],,strong,gm-19d06dcf2f70ce53,The Home Depot,2026-03-19,54527,pending,PAUL,1040,104 Ashburne,,https://mail.google.com/mail/u/0/#all/19d06dcf2f70ce53,1,0
PROP-415,104 Ashburne,Pool,22,2026-06-30,Atlas Pools,Service,25601,[],,weak,gm-19f99e711bce8059,Atlas Pools,2026-07-25,25601,posted,PAUL,1130,104 Ashburne,,https://mail.google.com/mail/u/0/#all/19f99e711bce8059,1,
PROP-416,104 Ashburne,Landscaping,22,2026-04-05,Julio,Labor,20000,[],,weak,gm-19d1cc95a5026d98,Julio,2026-03-23,50000,pending,PAUL,1020,104 Ashburne,,https://mail.google.com/mail/u/0/#all/19d1cc95a5026d98,2,
PROP-417,104 Ashburne,House Hardware,22,2026-04-03,Lowes,Front Door Lock Set,15694,[],,strong,gm-19d535a923f6b186,"Lowe's Home Centers, LLC",2026-04-03,34172,posted,PAUL,1030,104 Ashburne,,https://mail.google.com/mail/u/0/#all/19d535a923f6b186,9,1505
PROP-418,104 Ashburne,Supplies,22,2026-02-15,Home Depot,Screws,1691,[],,strong,gm-19cd8db842855d26,The Home Depot,2026-03-10,8725,dismissed,PAUL,1030,104 Ashburne,https://drive.google.com/file/d/1KGu234JiirQkoSSD4_KDCDuwVGj4oBzY/view?usp=drivesdk,https://mail.google.com/mail/u/0/#all/19cd8db842855d26,2,5343
PROP-419,104 Ashburne,Gas/Truck/Trailer,22,2026-03-07,Shell,Gas,5925,[],,strong,gm-19cc95f39c8dcc89,Shell,2026-03-07,5925,pending,PAUL,6600,104 Ashburne,,https://mail.google.com/mail/u/0/#all/19cc95f39c8dcc89,1,0
PROP-420,104 Ashburne,Paint & Flooring,23,2026-03-16,Lowes,"3/4 round, garage trim and stair faces",46573,[],,strong,gm-19cf78c3c07ff0f6,"Lowe's Home Centers, LLC",2026-03-16,46573,dismissed,PAUL,1030,104 Ashburne,,https://mail.google.com/mail/u/0/#all/19cf78c3c07ff0f6,1,0
PROP-421,104 Ashburne,Trash,23,2026-03-23,City of Corsicana,Dump,2730,[],,strong,gm-19d1cd018ff7d685,City of Corsicana - Landfill,2026-03-23,2730,posted,PAUL,1060,104 Ashburne,https://drive.google.com/file/d/17Dt4fIHGmFwmqfuqOmSxeh3PRza2qg0X/view?usp=drivesdk,https://mail.google.com/mail/u/0/#all/19d1cd018ff7d685,1,0
PROP-422,104 Ashburne,Lighting & Electrical,23,2026-03-21,Wauyfair,Single Bath Light Fixture,7685,[],,weak,gm-19d0446213881f8d,Wayfair,2026-03-18,7685,posted,PAUL,1040,104 Ashburne,,https://mail.google.com/mail/u/0/#all/19d0446213881f8d,0,
PROP-423,104 Ashburne,Master Bath,23,2026-03-08,Home Depot,OSB Subfloor,5408,[],,strong,gm-19ccf1f38113d4f9,The Home Depot,2026-03-08,10675,posted,PAUL,1030,104 Ashburne,https://drive.google.com/file/d/1YZP3vIlLKmDqA2Z2GYHiZhc4rLiQN0Xv/view?usp=drivesdk,https://mail.google.com/mail/u/0/#all/19ccf1f38113d4f9,3,1992
PROP-424,104 Ashburne,Small Baths,23,2026-03-19,Floor & Decor,RETURN,-12102,[],,weak,gm-19d07518d663dbfe,Floor and Decor,2026-03-19,1871,posted,PAUL,1030,104 Ashburne,https://drive.google.com/file/d/1iymiaOKtrlJ5dRVrqJqpyvtVmhquXSlf/view?usp=drivesdk,https://mail.google.com/mail/u/0/#all/19d07518d663dbfe,1,
PROP-425,104 Ashburne,Pool,23,2026-07-30,Atlas Pools,Service,25601,[],,strong,gm-19f99e711bce8059,Atlas Pools,2026-07-25,25601,posted,PAUL,1130,104 Ashburne,,https://mail.google.com/mail/u/0/#all/19f99e711bce8059,1,0
PROP-426,104 Ashburne,Landscaping,23,2026-04-06,Julio,Labor,20000,[],,weak,gm-19d1cc95a5026d98,Julio,2026-03-23,50000,pending,PAUL,1020,104 Ashburne,,https://mail.google.com/mail/u/0/#all/19d1cc95a5026d98,2,
PROP-427,104 Ashburne,House Hardware,23,2026-04-03,Home Depot,Front Door Lock Set,11364,[],,strong,gm-19d4ed506ec83c9a,The Home Depot,2026-04-02,27124,posted,PAUL,1130,104 Ashburne,https://drive.google.com/file/d/1xCcg9al8SkPPJ4kXbkqYO4jE0314eIRX/view?usp=drivesdk,https://mail.google.com/mail/u/0/#all/19d4ed506ec83c9a,6,0
PROP-428,104 Ashburne,Supplies,23,2026-02-16,Home Depot,Screws,3975,[],,strong,gm-19c66a1cdb487a56,The Home Depot,2026-02-16,18338,dismissed,PAUL,1030,104 Ashburne,https://drive.google.com/file/d/1LWOHxyo0yarxeZRyUfHTkNcRJF-6NklW/view?usp=drivesdk,https://mail.google.com/mail/u/0/#all/19c66a1cdb487a56,6,541
PROP-429,104 Ashburne,Gas/Truck/Trailer,23,2026-03-10,Shell,Gas,6927,[],,weak,gm-19d86af34f4c2840,Shell,2026-04-13,6927,pending,PAUL,6600,104 Ashburne,,https://mail.google.com/mail/u/0/#all/19d86af34f4c2840,1,
PROP-430,104 Ashburne,Paint & Flooring,24,2026-03-17,Home Depot,Quarter Round,6463,[],,strong,gm-19cfc93a35021f22,The Home Depot,2026-03-17,6463,posted,PAUL,1030,104 Ashburne,https://drive.google.com/file/d/1McppFin3WD0b7-8GS6Vv1CbkAKvbFS-f/view?usp=drivesdk,https://mail.google.com/mail/u/0/#all/19cfc93a35021f22,1,0
PROP-431,104 Ashburne,Trash,24,2026-04-08,City of Corsicana,Dump,2730,[],,strong,gm-19d6e8c47f186ff0,City of Corsicana - Landfill,2026-04-08,2730,posted,PAUL,1060,104 Ashburne,https://drive.google.com/file/d/1mv1tqjBRkMPM3sKLDkGbXTVhuB_pxyuW/view?usp=drivesdk,https://mail.google.com/mail/u/0/#all/19d6e8c47f186ff0,1,0
PROP-432,104 Ashburne,Lighting & Electrical,24,2026-03-21,Lowes,Downrod,1897,[],,weak,gm-19d11a93764263f8,"Lowe's Home Centers, LLC",2026-03-21,29723,posted,PAUL,1030,104 Ashburne,https://drive.google.com/file/d/1HM8VakTScJcmLg3JbX6vNGs2Uvnn0vx9/view?usp=drivesdk,https://mail.google.com/mail/u/0/#all/19d11a93764263f8,0,
PROP-433,104 Ashburne,Master Bath,24,2026-03-12,Home Depot,Molding,7586,[],,strong,gm-19d63f17bf22f9fa,The Home Depot,2026-04-06,18152,pending,PAUL,,,,https://mail.google.com/mail/u/0/#all/19d63f17bf22f9fa,5,0
PROP-434,104 Ashburne,Small Baths,24,2026-03-19,Floor & Decor,Tile,1871,[],,strong,gm-19d07518d663dbfe,Floor and Decor,2026-03-19,1871,posted,PAUL,1030,104 Ashburne,https://drive.google.com/file/d/1iymiaOKtrlJ5dRVrqJqpyvtVmhquXSlf/view?usp=drivesdk,https://mail.google.com/mail/u/0/#all/19d07518d663dbfe,1,0
PROP-435,104 Ashburne,Pool,24,2026-09-01,Atlas Pools,Service - August,25601,[],,strong,gm-1a05e91af6af152b,Atlas Pools,2026-09-01,25601,dismissed,PAUL,1130,104 Ashburne,,https://mail.google.com/mail/u/0/#all/1a05e91af6af152b,1,0
PROP-436,104 Ashburne,Landscaping,24,2026-04-07,Julio,Labor,20000,[],,weak,gm-19d1cc95a5026d98,Julio,2026-03-23,50000,pending,PAUL,1020,104 Ashburne,,https://mail.google.com/mail/u/0/#all/19d1cc95a5026d98,2,
PROP-437,104 Ashburne,House Hardware,24,2026-06-26,Shade Screen Solutions,Window Screens,92788,[],,strong,gm-19f03e5017a7c259,Shade Screen Solutions,2026-06-26,92788,pending,PAUL,1030,104 Ashburne,,https://mail.google.com/mail/u/0/#all/19f03e5017a7c259,1,0
PROP-438,104 Ashburne,Supplies,24,2026-02-16,Home Depot,Thread Dope,416,[],,strong,gm-19c66a1cdb487a56,The Home Depot,2026-02-16,18338,dismissed,PAUL,1030,104 Ashburne,https://drive.google.com/file/d/1LWOHxyo0yarxeZRyUfHTkNcRJF-6NklW/view?usp=drivesdk,https://mail.google.com/mail/u/0/#all/19c66a1cdb487a56,6,541
PROP-439,104 Ashburne,Gas/Truck/Trailer,24,2026-03-13,Shell,Gas,7060,[],,strong,gm-19ce7f2d328e4ac8,Shell,2026-03-13,7060,pending,PAUL,6600,104 Ashburne,,https://mail.google.com/mail/u/0/#all/19ce7f2d328e4ac8,1,0
PROP-440,104 Ashburne,Paint & Flooring,25,2026-03-18,Flexitions,Curved Stair Moldings,65334,[],,strong,gm-19d02f0310a87049,Flexitions,2026-03-18,65334,pending,PAUL,1030,104 Ashburne,,https://mail.google.com/mail/u/0/#all/19d02f0310a87049,1,0
PROP-441,104 Ashburne,Lighting & Electrical,25,2026-03-21,Lowes,RETURN celing fan,-10823,[],,weak,gm-19d11a93764263f8,"Lowe's Home Centers, LLC",2026-03-21,29723,posted,PAUL,1030,104 Ashburne,https://drive.google.com/file/d/1HM8VakTScJcmLg3JbX6vNGs2Uvnn0vx9/view?usp=drivesdk,https://mail.google.com/mail/u/0/#all/19d11a93764263f8,0,
PROP-442,104 Ashburne,Master Bath,25,2026-03-12,Home Depot,FJP 1x6,3299,[],,strong,gm-19d4ed506ec83c9a,The Home Depot,2026-04-02,27124,posted,PAUL,1130,104 Ashburne,https://drive.google.com/file/d/1xCcg9al8SkPPJ4kXbkqYO4jE0314eIRX/view?usp=drivesdk,https://mail.google.com/mail/u/0/#all/19d4ed506ec83c9a,6,0
PROP-443,104 Ashburne,Small Baths,25,2026-03-19,Floor & Decor,Tile,1871,[],,strong,gm-19d07810db483152,Floor and Decor,2026-03-19,1871,dismissed,PAUL,1030,104 Ashburne,https://drive.google.com/file/d/1wA77AihdL7z3i1jWrWTYCcijdfnjwTbo/view?usp=drivesdk,https://mail.google.com/mail/u/0/#all/19d07810db483152,1,0
PROP-444,104 Ashburne,Pool,25,2026-09-01,Atlas Pools,Service - Sept,25601,[],,strong,gm-1a05e92632b068ee,Atlas Pools,2026-09-01,25601,posted,PAUL,1130,104 Ashburne,,https://mail.google.com/mail/u/0/#all/1a05e92632b068ee,1,0
PROP-445,104 Ashburne,Landscaping,25,2026-04-08,The Greenery,Mulch,25915,[],,strong,gm-19d6ec0ee16a06b1,"Green's Greenery, LLC",2026-04-08,25915,posted,PAUL,1030,104 Ashburne,https://drive.google.com/file/d/1prvG_qA1CUtGWhs1xWYNQlU0MtrGGKN3/view?usp=drivesdk,https://mail.google.com/mail/u/0/#all/19d6ec0ee16a06b1,1,0
PROP-446,104 Ashburne,Supplies,25,2026-02-16,Harbor Freight,Staples,215,[],,strong,gm-19c678226649aa40,Harbor Freight Tools,2026-02-16,25077,pending,PAUL,1030,104 Ashburne,,https://mail.google.com/mail/u/0/#all/19c678226649aa40,7,10581
PROP-447,104 Ashburne,Gas/Truck/Trailer,25,2026-03-16,Shell,Gas,7208,[],,strong,gm-19cf81ba91c8c90f,Shell,2026-03-16,7208,pending,PAUL,6600,104 Ashburne,,https://mail.google.com/mail/u/0/#all/19cf81ba91c8c90f,1,0
PROP-448,104 Ashburne,Paint & Flooring,26,2026-03-24,Armander Vega,Exterior Paint,388900,[],,strong,gm-19d20ce0a13a68af,Armando Vega,2026-03-24,388900,pending,PAUL,1020,104 Ashburne,,https://mail.google.com/mail/u/0/#all/19d20ce0a13a68af,1,0
PROP-449,104 Ashburne,Lighting & Electrical,26,2026-03-19,Lowes,Celing Fans,89830,[],,weak,gm-19d069c13314e2b8,"Lowe's Home Centers, LLC",2026-03-19,5408,posted,PAUL,1030,104 Ashburne,https://drive.google.com/file/d/19CDPV6LBlECOIoOzvbWhAXCfix7yM4qa/view?usp=drivesdk,https://mail.google.com/mail/u/0/#all/19d069c13314e2b8,1,
PROP-450,104 Ashburne,Master Bath,26,2026-03-12,Home Depot,Backer Board,7821,[],,weak,gm-19d02629b0206123,The Home Depot,2026-03-18,7951,dismissed,PAUL,1030,104 Ashburne,https://drive.google.com/file/d/1Vfp9cGdLsBuzB9P4KM8DJlqU_Y0RDoYv/view?usp=drivesdk,https://mail.google.com/mail/u/0/#all/19d02629b0206123,1,
PROP-451,104 Ashburne,Small Baths,26,2026-03-20,Salvador Campos,Shower Tile,291000,[],,strong,gm-19d0d690ad99ec5c,Salvador Campos,2026-03-20,291000,pending,PAUL,1020,104 Ashburne,,https://mail.google.com/mail/u/0/#all/19d0d690ad99ec5c,1,0
PROP-452,104 Ashburne,Landscaping,26,2026-04-08,Home Depot,Landscape Fabric & Supplies,87931,[],,strong,gm-19d6ee18dbed6f84,The Home Depot,2026-04-08,89118,pending,PAUL,1030,104 Ashburne,,https://mail.google.com/mail/u/0/#all/19d6ee18dbed6f84,1,1187
PROP-453,104 Ashburne,Supplies,26,2026-02-16,Harbor Freight,Wire Nuts,540,[],,strong,gm-19c678226649aa40,Harbor Freight Tools,2026-02-16,25077,pending,PAUL,1030,104 Ashburne,,https://mail.google.com/mail/u/0/#all/19c678226649aa40,7,10581
PROP-454,104 Ashburne,Gas/Truck/Trailer,26,2026-03-16,Waltons Brakes & Mufflers,Brakes,59377,[],,weak,gm-19d018e208f5ce58,Walton's Muffler Brake &amp; Tire,2026-03-18,59377,pending,PAUL,6600,OVERHEAD,,https://mail.google.com/mail/u/0/#all/19d018e208f5ce58,0,
PROP-455,104 Ashburne,Paint & Flooring,27,2026-03-30,Juan Garcia,Exterior Paint,167000,[],,weak,gm-19d40334634a85c4,"None identified (email from Paul Bjork, subject only)",2026-03-30,0,pending,PAUL,,,,https://mail.google.com/mail/u/0/#all/19d40334634a85c4,0,
PROP-456,104 Ashburne,Lighting & Electrical,27,2026-03-22,Home Depot,"Outlets, GFI's & Switches",30717,[],,weak,gm-19cf2444d6efb00f,The Home Depot,2026-03-15,31359,dismissed,PAUL,1030,104 Ashburne,https://drive.google.com/file/d/1-edI43EIwShtWAM_tngrOn0saxuC1osZ/view?usp=drivesdk,https://mail.google.com/mail/u/0/#all/19cf2444d6efb00f,10,
PROP-457,104 Ashburne,Master Bath,27,2026-03-13,Lowes,Grout,6081,[],,strong,gm-19cf79150281a75a,"Lowe's Home Centers, LLC",2026-03-16,46573,posted,PAUL,1030,104 Ashburne,https://drive.google.com/file/d/1a0DTuwV1XP-1DnlEIGKsY6gJ2GtCfNFI/view?usp=drivesdk,https://mail.google.com/mail/u/0/#all/19cf79150281a75a,8,0
PROP-458,104 Ashburne,Small Baths,27,2026-03-23,Home Depot,Angle Stops,7864,[],,strong,gm-19d1b92fe12a4c7d,The Home Depot,2026-03-23,9807,posted,PAUL,1030,104 Ashburne,https://drive.google.com/file/d/1SxCJSApwrx9UUj4JfYT2cJh-XYgoSORO/view?usp=drivesdk,https://mail.google.com/mail/u/0/#all/19d1b92fe12a4c7d,2,1
PROP-459,104 Ashburne,Landscaping,27,2026-04-09,FNF Irrigation,Irrigation Repair,96500,[],,strong,gm-19d6fecde00f5873,FNF Irrigation,2026-04-09,96500,pending,PAUL,1020,104 Ashburne,,https://mail.google.com/mail/u/0/#all/19d6fecde00f5873,1,0
PROP-460,104 Ashburne,Supplies,27,2026-02-18,Home Depot,Screws,1532,[],,strong,gm-19c7092d542413e0,The Home Depot,2026-02-18,6956,dismissed,PAUL,1030,104 Ashburne,https://drive.google.com/file/d/1ZaeV34-njGwfksiujmaF7ZrC-ABFg6bA/view?usp=drivesdk,https://mail.google.com/mail/u/0/#all/19c7092d542413e0,5,0
PROP-461,104 Ashburne,Gas/Truck/Trailer,27,2026-03-19,Shell,Gas,1306,[],,strong,gm-19d064b856ef56ce,Shell,2026-03-19,1306,pending,PAUL,6600,104 Ashburne,,https://mail.google.com/mail/u/0/#all/19d064b856ef56ce,1,0
PROP-462,104 Ashburne,Paint & Flooring,28,2026-03-31,50 Floors,Stair Carpet,49150,[],,none,,,,,,,,,,,0,
PROP-463,104 Ashburne,Lighting & Electrical,28,2026-03-22,Home Depot,LED Tape for Master Bth Soffet,7574,[],,weak,gm-19cf2444d6efb00f,The Home Depot,2026-03-15,31359,dismissed,PAUL,1030,104 Ashburne,https://drive.google.com/file/d/1-edI43EIwShtWAM_tngrOn0saxuC1osZ/view?usp=drivesdk,https://mail.google.com/mail/u/0/#all/19cf2444d6efb00f,10,
PROP-464,104 Ashburne,Master Bath,28,2026-03-15,Home Depot,Brass Plumbing Fittings,3672,[],,strong,gm-19cf3177d3ee370b,The Home Depot,2026-03-15,3672,posted,PAUL,1030,104 Ashburne,https://drive.google.com/file/d/1Khf1l0UStQxjhBklhnHrIIcDUeXEG_k9/view?usp=drivesdk,https://mail.google.com/mail/u/0/#all/19cf3177d3ee370b,1,0
PROP-465,104 Ashburne,Small Baths,28,2026-03-25,Lowes,Tiolet,10717,[],,strong,gm-19d2556d29835a4b,"Lowe's Home Centers, LLC",2026-03-25,48680,dismissed,PAUL,1040,104 Ashburne,https://drive.google.com/file/d/1OBt5kC3UTMvyjrtjyKU1K851MqIr7JWA/view?usp=drivesdk,https://mail.google.com/mail/u/0/#all/19d2556d29835a4b,6,2054
PROP-466,104 Ashburne,Landscaping,28,2026-04-08,The Greenery,Mulch & Rock,115615,[],,strong,gm-19d78e051da2f255,"Green's Greenery, LLC",2026-04-10,115615,pending,PAUL,1030,104 Ashburne,,https://mail.google.com/mail/u/0/#all/19d78e051da2f255,1,0
PROP-467,104 Ashburne,Supplies,28,2026-02-18,Home Depot,Zip Ties,473,[],,strong,gm-19c7092d542413e0,The Home Depot,2026-02-18,6956,dismissed,PAUL,1030,104 Ashburne,https://drive.google.com/file/d/1ZaeV34-njGwfksiujmaF7ZrC-ABFg6bA/view?usp=drivesdk,https://mail.google.com/mail/u/0/#all/19c7092d542413e0,5,0
PROP-468,104 Ashburne,Gas/Truck/Trailer,28,2026-03-20,Shell,Gas,7547,[],,strong,gm-19d0b8a1ba69dd09,Shell,2026-03-20,7547,pending,PAUL,6600,104 Ashburne,,https://mail.google.com/mail/u/0/#all/19d0b8a1ba69dd09,1,0
PROP-469,104 Ashburne,Paint & Flooring,29,2026-04-01,Home Depot,Quarter Round,3878,[],,strong,gm-19d4ed506ec83c9a,The Home Depot,2026-04-02,27124,posted,PAUL,1130,104 Ashburne,https://drive.google.com/file/d/1xCcg9al8SkPPJ4kXbkqYO4jE0314eIRX/view?usp=drivesdk,https://mail.google.com/mail/u/0/#all/19d4ed506ec83c9a,6,0
PROP-470,104 Ashburne,Lighting & Electrical,29,2026-03-22,Home Depot,LED Shower light,1783,[],,strong,gm-19d2647307183ef9,The Home Depot,2026-03-25,9859,dismissed,PAUL,1040,104 Ashburne,https://drive.google.com/file/d/1qGwMdOP5f2cSs-B-Ew-6u9yLWGNyeXJo/view?usp=drivesdk,https://mail.google.com/mail/u/0/#all/19d2647307183ef9,1,8076
PROP-471,104 Ashburne,Master Bath,29,2026-03-14,Salvador Campos,Tub Platform Tile,120000,[],,strong,gm-19cfcae97bf0260e,Salvador Campos,2026-03-14,190000,pending,PAUL,1020,104 Ashburne,,https://mail.google.com/mail/u/0/#all/19cfcae97bf0260e,2,0
PROP-472,104 Ashburne,Small Baths,29,2026-03-25,Lowes,Mirrow,7792,[],,strong,gm-19d2556d29835a4b,"Lowe's Home Centers, LLC",2026-03-25,48680,dismissed,PAUL,1040,104 Ashburne,https://drive.google.com/file/d/1OBt5kC3UTMvyjrtjyKU1K851MqIr7JWA/view?usp=drivesdk,https://mail.google.com/mail/u/0/#all/19d2556d29835a4b,6,2054
PROP-473,104 Ashburne,Landscaping,29,2026-04-10,Julio & Friend,Labor,80000,[],,weak,gm-19d7e6e5e1ce5426,Julio (unidentified labor),2026-04-11,40000,pending,PAUL,1020,104 Ashburne,,https://mail.google.com/mail/u/0/#all/19d7e6e5e1ce5426,1,
PROP-474,104 Ashburne,Supplies,29,2026-02-19,Home Depot,AAA Batteries,2367,[],,strong,gm-19c768d3b6197026,The Home Depot,2026-02-19,39012,dismissed,PAUL,1030,104 Ashburne,https://drive.google.com/file/d/1981pmNyhpzmog5-cgUGTTb3rjMxSE14Q/view?usp=drivesdk,https://mail.google.com/mail/u/0/#all/19c768d3b6197026,9,-454
PROP-475,104 Ashburne,Gas/Truck/Trailer,29,2026-03-23,AutoXZone,Oil,3895,[],,weak,gm-19d1aff5eaa6fee2,AutoZone,2026-03-23,3895,posted,PAUL,6600,OVERHEAD,https://drive.google.com/file/d/1IKvTFnDbZ2SdDEcV3owL7yzvrbUUm3r-/view?usp=drivesdk,https://mail.google.com/mail/u/0/#all/19d1aff5eaa6fee2,0,
PROP-476,104 Ashburne,Paint & Flooring,30,2026-04-01,Lowes,Quarter Round,3447,[],,strong,gm-19d492744d5f21c2,"Lowe's Home Centers, LLC",2026-04-01,5501,posted,PAUL,1030,104 Ashburne,https://drive.google.com/file/d/1YkAr1WEdFP_PiUVk3AkFQ4ob9RdZeaZs/view?usp=drivesdk,https://mail.google.com/mail/u/0/#all/19d492744d5f21c2,2,-1
PROP-477,104 Ashburne,Lighting & Electrical,30,2026-03-19,Lowes,"18"" Downrod",2588,[],,weak,gm-19d069c13314e2b8,"Lowe's Home Centers, LLC",2026-03-19,5408,posted,PAUL,1030,104 Ashburne,https://drive.google.com/file/d/19CDPV6LBlECOIoOzvbWhAXCfix7yM4qa/view?usp=drivesdk,https://mail.google.com/mail/u/0/#all/19d069c13314e2b8,1,
PROP-478,104 Ashburne,Master Bath,30,2026-03-21,LightsLux,Pendandt,16000,[],,strong,gm-19d10a379c030001,LightsLux,2026-03-21,16000,posted,PAUL,1040,104 Ashburne,,https://mail.google.com/mail/u/0/#all/19d10a379c030001,1,0
PROP-479,104 Ashburne,Small Baths,30,2026-03-25,Lowes,Pedastal Sink,11908,[],,strong,gm-19d2556d29835a4b,"Lowe's Home Centers, LLC",2026-03-25,48680,dismissed,PAUL,1040,104 Ashburne,https://drive.google.com/file/d/1OBt5kC3UTMvyjrtjyKU1K851MqIr7JWA/view?usp=drivesdk,https://mail.google.com/mail/u/0/#all/19d2556d29835a4b,6,2054
PROP-480,104 Ashburne,Landscaping,30,2026-04-10,Julio & Friend,Labor,40000,[],,strong,gm-19d7e6e5e1ce5426,Julio (unidentified labor),2026-04-11,40000,pending,PAUL,1020,104 Ashburne,,https://mail.google.com/mail/u/0/#all/19d7e6e5e1ce5426,1,0
PROP-481,104 Ashburne,Supplies,30,2026-02-19,Home Depot,Wire Connectors,1170,[],,strong,gm-19d4ed506ec83c9a,The Home Depot,2026-04-02,27124,posted,PAUL,1130,104 Ashburne,https://drive.google.com/file/d/1xCcg9al8SkPPJ4kXbkqYO4jE0314eIRX/view?usp=drivesdk,https://mail.google.com/mail/u/0/#all/19d4ed506ec83c9a,6,0
PROP-482,104 Ashburne,Gas/Truck/Trailer,30,2026-03-23,Shell,Gas,6750,[],,strong,gm-19d1b148cdad166d,Shell,2026-03-23,6750,pending,PAUL,6600,104 Ashburne,,https://mail.google.com/mail/u/0/#all/19d1b148cdad166d,1,0
PROP-483,104 Ashburne,Paint & Flooring,31,2026-04-03,Lowes,Quarter Round,2576,[],,weak,gm-19d535a923f6b186,"Lowe's Home Centers, LLC",2026-04-03,34172,posted,PAUL,1030,104 Ashburne,,https://mail.google.com/mail/u/0/#all/19d535a923f6b186,9,
PROP-484,104 Ashburne,Lighting & Electrical,31,2026-03-25,Home Depot,New Work Boxes,1633,[],,strong,gm-19d63f17bf22f9fa,The Home Depot,2026-04-06,18152,pending,PAUL,,,,https://mail.google.com/mail/u/0/#all/19d63f17bf22f9fa,5,0
PROP-485,104 Ashburne,Master Bath,31,2026-03-21,Lowes,Window Trim,3101,[],,strong,gm-19cf79150281a75a,"Lowe's Home Centers, LLC",2026-03-16,46573,posted,PAUL,1030,104 Ashburne,https://drive.google.com/file/d/1a0DTuwV1XP-1DnlEIGKsY6gJ2GtCfNFI/view?usp=drivesdk,https://mail.google.com/mail/u/0/#all/19cf79150281a75a,8,0
PROP-486,104 Ashburne,Small Baths,31,2026-03-25,Home Depot,Hydro Seats,4975,[],,strong,gm-19d63f17bf22f9fa,The Home Depot,2026-04-06,18152,pending,PAUL,,,,https://mail.google.com/mail/u/0/#all/19d63f17bf22f9fa,5,0
PROP-487,104 Ashburne,Landscaping,31,2026-04-13,The Greenery,Mulch & Rock,34263,[],,strong,gm-19d89b71f0d374da,"Green's Greenery, LLC",2026-04-13,34263,posted,PAUL,1030,104 Ashburne,https://drive.google.com/file/d/1tw20ZfTf2v58rlS7c1MowR6JPiOkl4yW/view?usp=drivesdk,https://mail.google.com/mail/u/0/#all/19d89b71f0d374da,1,0
PROP-488,104 Ashburne,Supplies,31,2026-02-19,Home Depot,Utility Blades,428,[],,strong,gm-19ca6cf04236bd89,The Home Depot,2026-02-28,284,pending,PAUL,6510,OVERHEAD,,https://mail.google.com/mail/u/0/#all/19ca6cf04236bd89,1,-144
PROP-489,104 Ashburne,Gas/Truck/Trailer,31,2026-03-23,HGO Tire SHop,Tire,13500,[],,strong,gm-19d1bf70a202aea4,HGO Tire Shop,2026-03-23,13500,pending,PAUL,6600,104 Ashburne,,https://mail.google.com/mail/u/0/#all/19d1bf70a202aea4,1,0
PROP-490,104 Ashburne,Paint & Flooring,32,2026-04-01,Home Depot,Stair Moldings,35028,[],,weak,gm-19d4918fa3edc702,The Home Depot,2026-04-01,28109,dismissed,PAUL,1030,104 Ashburne,https://drive.google.com/file/d/1DQUzfVhHrQ-KzJy5jqxXXLbJpVT687ld/view?usp=drivesdk,https://mail.google.com/mail/u/0/#all/19d4918fa3edc702,2,
PROP-491,104 Ashburne,Lighting & Electrical,32,2026-03-26,Home Depot,Wall Plates,1708,[],,strong,gm-19d63f17bf22f9fa,The Home Depot,2026-04-06,18152,pending,PAUL,,,,https://mail.google.com/mail/u/0/#all/19d63f17bf22f9fa,5,0
PROP-492,104 Ashburne,Master Bath,32,2026-03-21,Lowes,Window Trim,8625,[],,strong,gm-19cf79150281a75a,"Lowe's Home Centers, LLC",2026-03-16,46573,posted,PAUL,1030,104 Ashburne,https://drive.google.com/file/d/1a0DTuwV1XP-1DnlEIGKsY6gJ2GtCfNFI/view?usp=drivesdk,https://mail.google.com/mail/u/0/#all/19cf79150281a75a,8,0
PROP-493,104 Ashburne,Small Baths,32,2026-03-29,Home Depot,Toggle Bolts,1011,[],,strong,gm-19d3a4c4d7090e19,The Home Depot,2026-03-29,8764,error,PAUL,1030,104 Ashburne,,https://mail.google.com/mail/u/0/#all/19d3a4c4d7090e19,3,6590
PROP-494,104 Ashburne,Landscaping,32,2026-04-14,The Greenery,Mulch & Rock,7578,[],,strong,gm-19d8d1dab8225467,"Green's Greenery, LLC",2026-04-14,7578,posted,PAUL,1030,104 Ashburne,https://drive.google.com/file/d/1lpQtV9vPUlBHzjkRalFhuxurcI2AMOar/view?usp=drivesdk,https://mail.google.com/mail/u/0/#all/19d8d1dab8225467,1,0
PROP-495,104 Ashburne,Supplies,32,2026-02-19,Home Depot,Saw Blade,5409,[],,weak,gm-19c768d3b6197026,The Home Depot,2026-02-19,39012,dismissed,PAUL,1030,104 Ashburne,https://drive.google.com/file/d/1981pmNyhpzmog5-cgUGTTb3rjMxSE14Q/view?usp=drivesdk,https://mail.google.com/mail/u/0/#all/19c768d3b6197026,9,
PROP-496,104 Ashburne,Gas/Truck/Trailer,32,2026-03-25,Shell,Gas,6548,[],,strong,gm-19d253064d2268c2,Shell,2026-03-25,6548,pending,PAUL,6600,104 Ashburne,,https://mail.google.com/mail/u/0/#all/19d253064d2268c2,1,0
PROP-497,104 Ashburne,Paint & Flooring,33,2026-04-05,Home Depot,Eurethane,4540,[],,weak,gm-19d5e139b4ae4612,The Home Depot,2026-04-05,28844,dismissed,PAUL,1040,104 Ashburne,https://drive.google.com/file/d/1Mfu4nYQ-PN91OkAOYTS4i10DoNp8I3Fp/view?usp=drivesdk,https://mail.google.com/mail/u/0/#all/19d5e139b4ae4612,0,
PROP-498,104 Ashburne,Lighting & Electrical,33,2026-03-26,Home Depot,Old Work Boxes,918,[],,weak,gm-19c4cb602c2d527c,The Home Depot,2026-02-11,4161,pending,PAUL,6510,OVERHEAD,,https://mail.google.com/mail/u/0/#all/19c4cb602c2d527c,2,
PROP-499,104 Ashburne,Master Bath,33,2026-03-22,Sherwin Williams,Paint Supplies,5572,[],,strong,gm-19d169241a90532d,Sherwin-Williams,2026-03-22,5572,error,PAUL,1030,104 Ashburne,,https://mail.google.com/mail/u/0/#all/19d169241a90532d,1,0
PROP-500,104 Ashburne,Small Baths,33,2026-03-29,Home Depot,P Trap,582,[],,strong,gm-19d3a4c4d7090e19,The Home Depot,2026-03-29,8764,error,PAUL,1030,104 Ashburne,,https://mail.google.com/mail/u/0/#all/19d3a4c4d7090e19,3,6590
PROP-501,104 Ashburne,Landscaping,33,2026-04-13,Julio,Labor,20000,[],,weak,gm-19d1cc95a5026d98,Julio,2026-03-23,50000,pending,PAUL,1020,104 Ashburne,,https://mail.google.com/mail/u/0/#all/19d1cc95a5026d98,2,
PROP-502,104 Ashburne,Supplies,33,2026-02-14,Home Depot,Ram Set Ammo,1622,[],,strong,gm-19c5d297b5829e55,The Home Depot,2026-02-14,35312,posted,PAUL,6510,OVERHEAD,https://drive.google.com/file/d/1d7L_wzfiuV5TXD1bFSEh-si0uuSZ46y2/view?usp=drivesdk,https://mail.google.com/mail/u/0/#all/19c5d297b5829e55,4,1004
PROP-503,104 Ashburne,Gas/Truck/Trailer,33,2026-03-25,Shell,Gas,6548,[],,weak,gm-19d253064d2268c2,Shell,2026-03-25,6548,pending,PAUL,6600,104 Ashburne,,https://mail.google.com/mail/u/0/#all/19d253064d2268c2,1,
PROP-504,104 Ashburne,Paint & Flooring,34,2026-04-08,Home Depot,Floor mats,8122,[],,weak,gm-19d6d01dadaa68e4,The Home Depot,2026-04-08,20708,posted,PAUL,1030,104 Ashburne,https://drive.google.com/file/d/1Svs9tT6_SFjEh5BgW8lSLJaY_r-gdUjN/view?usp=drivesdk,https://mail.google.com/mail/u/0/#all/19d6d01dadaa68e4,5,
PROP-505,104 Ashburne,Lighting & Electrical,34,2026-03-26,Home Depot,LED light strip,6492,[],,strong,gm-19d2b6120ef5187f,The Home Depot,2026-03-26,6492,dismissed,PAUL,1040,104 Ashburne,https://drive.google.com/file/d/1SdDL73kUhzXfcgnbgzkMoV4YkuJbCRVr/view?usp=drivesdk,https://mail.google.com/mail/u/0/#all/19d2b6120ef5187f,1,0
PROP-506,104 Ashburne,Master Bath,34,2026-03-24,Home Depot,FJP 1x6,3241,[],,strong,gm-19d20029c2d90ba7,The Home Depot,2026-03-24,14494,posted,PAUL,1030,104 Ashburne,https://drive.google.com/file/d/1S8fxqig4NLZrLXxXXQBLMeGikCb9G-70/view?usp=drivesdk,https://mail.google.com/mail/u/0/#all/19d20029c2d90ba7,2,0
PROP-507,104 Ashburne,Small Baths,34,2026-03-29,Home Depot,Extension Tube,581,[],,strong,gm-19d3a4c4d7090e19,The Home Depot,2026-03-29,8764,error,PAUL,1030,104 Ashburne,,https://mail.google.com/mail/u/0/#all/19d3a4c4d7090e19,3,6590
PROP-508,104 Ashburne,Landscaping,34,2026-04-14,Julio,Labor,20000,[],,weak,gm-19d1cc95a5026d98,Julio,2026-03-23,50000,pending,PAUL,1020,104 Ashburne,,https://mail.google.com/mail/u/0/#all/19d1cc95a5026d98,2,
PROP-509,104 Ashburne,Supplies,34,2026-02-14,Home Depot,Ram Set Nails,3787,[],,strong,gm-19c5d297b5829e55,The Home Depot,2026-02-14,35312,posted,PAUL,6510,OVERHEAD,https://drive.google.com/file/d/1d7L_wzfiuV5TXD1bFSEh-si0uuSZ46y2/view?usp=drivesdk,https://mail.google.com/mail/u/0/#all/19c5d297b5829e55,4,1004
PROP-510,104 Ashburne,Gas/Truck/Trailer,34,2026-03-27,Shell,Gas,7054,[],,strong,gm-19d3118d6bcc3a7f,Shell,2026-03-27,7054,pending,PAUL,6600,104 Ashburne,,https://mail.google.com/mail/u/0/#all/19d3118d6bcc3a7f,1,0
PROP-511,104 Ashburne,Paint & Flooring,35,2026-04-08,Home Depot,Carpet protect film,4763,[],,strong,gm-19d6d01dadaa68e4,The Home Depot,2026-04-08,20708,posted,PAUL,1030,104 Ashburne,https://drive.google.com/file/d/1Svs9tT6_SFjEh5BgW8lSLJaY_r-gdUjN/view?usp=drivesdk,https://mail.google.com/mail/u/0/#all/19d6d01dadaa68e4,5,6816
PROP-512,104 Ashburne,Lighting & Electrical,35,2026-03-28,Wayfair,Kitchen Pendant Lights,36260,[],,strong,gm-19d3c382001038d7,Wayfair,2026-03-28,36260,posted,PAUL,1040,104 Ashburne,,https://mail.google.com/mail/u/0/#all/19d3c382001038d7,1,0
PROP-513,104 Ashburne,Master Bath,35,2026-03-25,Miffron.com,Vanity Lights,59400,[],,strong,gm-19d22ca91fcea1b2,Miffron,2026-03-25,59400,pending,PAUL,1040,104 Ashburne,,https://mail.google.com/mail/u/0/#all/19d22ca91fcea1b2,1,0
PROP-514,104 Ashburne,Small Baths,35,2026-03-29,Home Depot,Wall Flanges,1942,[],,strong,gm-19d1b92fe12a4c7d,The Home Depot,2026-03-23,9807,posted,PAUL,1030,104 Ashburne,https://drive.google.com/file/d/1SxCJSApwrx9UUj4JfYT2cJh-XYgoSORO/view?usp=drivesdk,https://mail.google.com/mail/u/0/#all/19d1b92fe12a4c7d,2,1
PROP-515,104 Ashburne,Landscaping,35,2026-04-15,Julio,Labor,30000,[],,weak,gm-19d1cc95a5026d98,Julio,2026-03-23,50000,pending,PAUL,1020,104 Ashburne,,https://mail.google.com/mail/u/0/#all/19d1cc95a5026d98,2,
PROP-516,104 Ashburne,Supplies,35,2026-03-02,Home Depot,Paper Towels,1405,[],,strong,gm-19cb001414554a99,The Home Depot,2026-03-02,14738,pending,PAUL,1030,104 Ashburne,,https://mail.google.com/mail/u/0/#all/19cb001414554a99,4,8690
PROP-517,104 Ashburne,Gas/Truck/Trailer,35,2026-03-30,Shell,Gas,7495,[],,strong,gm-19d400cec1201a16,Shell,2026-03-30,7495,pending,PAUL,6600,104 Ashburne,,https://mail.google.com/mail/u/0/#all/19d400cec1201a16,1,0
PROP-518,104 Ashburne,Paint & Flooring,36,2026-04-08,Home Depot,Paint,6274,[],,strong,gm-19d7301fafc82a83,The Home Depot,2026-04-09,11124,dismissed,PAUL,1030,104 Ashburne,https://drive.google.com/file/d/1oVwucDJ4e1Y9iN6uDeSYUKUG_4c3gHI9/view?usp=drivesdk,https://mail.google.com/mail/u/0/#all/19d7301fafc82a83,3,1612
PROP-519,104 Ashburne,Lighting & Electrical,36,2026-03-29,Wayfair,Wall Sconce,8009,[],,strong,gm-19d3c4215ed33ae9,Wayfair,2026-03-29,8009,posted,PAUL,1040,104 Ashburne,,https://mail.google.com/mail/u/0/#all/19d3c4215ed33ae9,1,0
PROP-520,104 Ashburne,Master Bath,36,2026-03-25,Lowes,Tiolet,10717,[],,strong,gm-19d2556d29835a4b,"Lowe's Home Centers, LLC",2026-03-25,48680,dismissed,PAUL,1040,104 Ashburne,https://drive.google.com/file/d/1OBt5kC3UTMvyjrtjyKU1K851MqIr7JWA/view?usp=drivesdk,https://mail.google.com/mail/u/0/#all/19d2556d29835a4b,6,2054
PROP-521,104 Ashburne,Small Baths,36,2026-04-01,Home Depot,P traps,3491,[],,strong,gm-19d4918fa3edc702,The Home Depot,2026-04-01,28109,dismissed,PAUL,1030,104 Ashburne,https://drive.google.com/file/d/1DQUzfVhHrQ-KzJy5jqxXXLbJpVT687ld/view?usp=drivesdk,https://mail.google.com/mail/u/0/#all/19d4918fa3edc702,2,14984
PROP-522,104 Ashburne,Landscaping,36,2026-05-21,Julio,Labor,25000,[],,strong,gm-19e4a94c6d49832a,Julio (last name unknown),2026-05-21,25000,pending,DENNIS,1020,104 Ashburne,,https://mail.google.com/mail/u/0/#all/19e4a94c6d49832a,1,0
PROP-523,104 Ashburne,Supplies,36,2026-03-04,Home Depot,Packing Tape,751,[],,strong,gm-19cb9b1055042f0e,The Home Depot,2026-03-04,3996,dismissed,PAUL,1030,104 Ashburne,https://drive.google.com/file/d/1Uwei2_T3KI7kMh1xSsLiEKItq95rgaf0/view?usp=drivesdk,https://mail.google.com/mail/u/0/#all/19cb9b1055042f0e,1,3245
PROP-524,104 Ashburne,Gas/Truck/Trailer,36,2026-04-03,Shell,Gas,7166,[],,strong,gm-19d551c2e7db7daf,Shell,2026-04-03,7166,pending,PAUL,6600,104 Ashburne,,https://mail.google.com/mail/u/0/#all/19d551c2e7db7daf,1,0
PROP-525,104 Ashburne,Paint & Flooring,37,2026-04-08,Sherwin Williams,Paint,5162,[],,strong,gm-19d8d3df9a1c4d81,Sherwin-Williams,2026-04-14,5162,posted,PAUL,1030,104 Ashburne,https://drive.google.com/file/d/12guA2oxynLZSU-pOownJm4o6EqgZi440/view?usp=drivesdk,https://mail.google.com/mail/u/0/#all/19d8d3df9a1c4d81,1,0
PROP-526,104 Ashburne,Lighting & Electrical,37,2026-03-29,Home Depot,LED can light,1783,[],,strong,gm-19d3ee7e210a8af3,The Home Depot,2026-03-30,8523,dismissed,PAUL,1040,104 Ashburne,,https://mail.google.com/mail/u/0/#all/19d3ee7e210a8af3,1,6740
PROP-527,104 Ashburne,Master Bath,37,2026-03-25,Lowes,FJP 1x8,4401,[],,strong,gm-19d2556d29835a4b,"Lowe's Home Centers, LLC",2026-03-25,48680,dismissed,PAUL,1030,104 Ashburne,https://drive.google.com/file/d/1OBt5kC3UTMvyjrtjyKU1K851MqIr7JWA/view?usp=drivesdk,https://mail.google.com/mail/u/0/#all/19d2556d29835a4b,6,2054
PROP-528,104 Ashburne,Small Baths,37,2026-04-01,Home Depot,angle stops,2700,[],,strong,gm-19d3a708f16b12eb,The Home Depot,2026-03-29,2573,posted,PAUL,1030,104 Ashburne,https://drive.google.com/file/d/1zpsw1UtLt56dMKgx0tBeOEqf_R9zHYQd/view?usp=drivesdk,https://mail.google.com/mail/u/0/#all/19d3a708f16b12eb,1,-127
PROP-529,104 Ashburne,Landscaping,37,2026-05-29,Julio,Labor,20000,[],,weak,gm-19e8ef3d9338fabb,"CoreLogic Solutions, LLC",2026-05-31,20000,pending,PAUL,6300,OVERHEAD,,https://mail.google.com/mail/u/0/#all/19e8ef3d9338fabb,0,
PROP-530,104 Ashburne,Supplies,37,2026-03-04,UPS Store,Packing Tape,573,[],,weak,gm-19cbac340f4e5a7b,The UPS Store #5780,2026-03-04,573,pending,PAUL,6500,OVERHEAD,,https://mail.google.com/mail/u/0/#all/19cbac340f4e5a7b,0,
PROP-531,104 Ashburne,Gas/Truck/Trailer,37,2026-04-06,Valero,Gas,7473,[],,strong,gm-19d69ac67a04af90,Valero,2026-04-07,7473,pending,PAUL,6600,104 Ashburne,,https://mail.google.com/mail/u/0/#all/19d69ac67a04af90,1,0
PROP-532,104 Ashburne,Lighting & Electrical,38,2026-03-30,Lowes,Exterior Celing Fans,34090,[],,strong,gm-19d442100d7bb73f,"Lowe's Home Centers, LLC",2026-03-30,34090,posted,PAUL,1040,104 Ashburne,https://drive.google.com/file/d/1c_vFy0-CaX1yvoPm5R18qlwcnX901ctk/view?usp=drivesdk,https://mail.google.com/mail/u/0/#all/19d442100d7bb73f,1,0
PROP-533,104 Ashburne,Master Bath,38,2026-03-19,Lowes,Water Supplies,3325,[],,weak,gm-19d069c13314e2b8,"Lowe's Home Centers, LLC",2026-03-19,5408,posted,PAUL,1030,104 Ashburne,https://drive.google.com/file/d/19CDPV6LBlECOIoOzvbWhAXCfix7yM4qa/view?usp=drivesdk,https://mail.google.com/mail/u/0/#all/19d069c13314e2b8,1,
PROP-534,104 Ashburne,Small Baths,38,2026-04-02,Home Depot,Gaskets,831,[],,weak,gm-19d2c0314cc37287,The Home Depot,2026-03-26,840,pending,PAUL,1030,104 Ashburne,,https://mail.google.com/mail/u/0/#all/19d2c0314cc37287,1,
PROP-535,104 Ashburne,Landscaping,38,2026-06-24,Julio,Labor,15000,[],,strong,gm-19efaed25d50c403,Julio (unidentified individual),2026-06-24,15000,pending,PAUL,1020,104 Ashburne,,https://mail.google.com/mail/u/0/#all/19efaed25d50c403,1,0
PROP-536,104 Ashburne,Supplies,38,2026-03-06,Home Depot,Toilet Paper,810,[],,strong,gm-19cc387a05beb25b,The Home Depot,2026-03-06,19960,dismissed,PAUL,1030,104 Ashburne,https://drive.google.com/file/d/1RR1QxC7JmRWQRmwa5SjyYAV5cRtduf-_/view?usp=drivesdk,https://mail.google.com/mail/u/0/#all/19cc387a05beb25b,2,7351
PROP-537,104 Ashburne,Gas/Truck/Trailer,38,2026-04-09,Shell,Gas,7930,[],,strong,gm-19d74595d34b67cc,Shell,2026-04-09,7930,pending,PAUL,6600,104 Ashburne,,https://mail.google.com/mail/u/0/#all/19d74595d34b67cc,1,0
PROP-538,104 Ashburne,Lighting & Electrical,39,2026-04-03,Lowes,Smolke Detectors,8006,[],,strong,gm-19d535a923f6b186,"Lowe's Home Centers, LLC",2026-04-03,34172,posted,PAUL,1030,104 Ashburne,,https://mail.google.com/mail/u/0/#all/19d535a923f6b186,9,1505
PROP-539,104 Ashburne,Master Bath,39,2026-02-26,Home Depot,Plumbing & Lumber,27372,[],,strong,gm-19c9b4b38c3229d6,The Home Depot,2026-02-15,27372,posted,PAUL,1030,104 Ashburne,https://drive.google.com/file/d/12Was8FfTWXZ87N2WLch2xKrh8Zm1B3wQ/view?usp=drivesdk,https://mail.google.com/mail/u/0/#all/19c9b4b38c3229d6,1,0
PROP-540,104 Ashburne,Small Baths,39,2026-04-09,Home Depot,Toilet parts,4001,[],,strong,gm-19d724c5c326c549,The Home Depot,2026-04-09,4001,posted,PAUL,1030,104 Ashburne,https://drive.google.com/file/d/1VynliTBCglRE2pcQ_tceYqI8HUFy36Mu/view?usp=drivesdk,https://mail.google.com/mail/u/0/#all/19d724c5c326c549,1,0
PROP-541,104 Ashburne,Landscaping,39,2026-03-23,Julio,Deck Repair,30000,[],,strong,gm-19d1cc95a5026d98,Julio,2026-03-23,50000,pending,PAUL,1020,104 Ashburne,,https://mail.google.com/mail/u/0/#all/19d1cc95a5026d98,2,0
PROP-542,104 Ashburne,Supplies,39,2026-03-06,Home Depot,Multi Tool Blades,3674,[],,weak,gm-19cf3177d3ee370b,The Home Depot,2026-03-15,3672,posted,PAUL,1030,104 Ashburne,https://drive.google.com/file/d/1Khf1l0UStQxjhBklhnHrIIcDUeXEG_k9/view?usp=drivesdk,https://mail.google.com/mail/u/0/#all/19cf3177d3ee370b,1,
PROP-543,104 Ashburne,Gas/Truck/Trailer,39,2026-04-11,Shell,Gas,6927,[],,strong,gm-19d86af34f4c2840,Shell,2026-04-13,6927,pending,PAUL,6600,104 Ashburne,,https://mail.google.com/mail/u/0/#all/19d86af34f4c2840,1,0
PROP-544,104 Ashburne,Lighting & Electrical,40,2026-04-03,Lowes,Batteries,1180,[],,strong,gm-19cf79150281a75a,"Lowe's Home Centers, LLC",2026-03-16,46573,posted,PAUL,1030,104 Ashburne,https://drive.google.com/file/d/1a0DTuwV1XP-1DnlEIGKsY6gJ2GtCfNFI/view?usp=drivesdk,https://mail.google.com/mail/u/0/#all/19cf79150281a75a,8,0
PROP-545,104 Ashburne,Master Bath,40,2026-03-26,Home Depot,Closet Shelf,2379,[],,weak,gm-19d62dc0a36bb7bd,The Home Depot,2026-04-06,2379,dismissed,PAUL,1030,104 Ashburne,https://drive.google.com/file/d/1IFn_TDabMSIM9qWlUtXhbMTQKc4Sgbrq/view?usp=drivesdk,https://mail.google.com/mail/u/0/#all/19d62dc0a36bb7bd,1,
PROP-546,104 Ashburne,Small Baths,40,2026-06-16,Home Depot,Bathroom Fan,2382,[],,strong,gm-19ed818d6be0fb42,The Home Depot,2026-06-16,12666,dismissed,PAUL,1040,104 Ashburne,https://drive.google.com/file/d/1THdunvjQR7KaqWX3CA4tsx_oF9rpw-mA/view?usp=drivesdk,https://mail.google.com/mail/u/0/#all/19ed818d6be0fb42,2,7902
PROP-547,104 Ashburne,Landscaping,40,2026-07-07,Julio,Labor,15000,[],,strong,gm-19f3cf70fa754ed2,Julio (unidentified labor),2026-07-07,15000,pending,PAUL,1020,104 Ashburne,,https://mail.google.com/mail/u/0/#all/19f3cf70fa754ed2,1,0
PROP-548,104 Ashburne,Supplies,40,2026-03-06,Chase,Checks,600,[],,strong,gm-19cc48fef5154a25,"JPMorgan Chase Bank, N.A.",2026-03-06,600,posted,PAUL,6910,OVERHEAD,https://drive.google.com/file/d/1VXCo0Bxsuf5ywkxR9w-3sS-kmHY0mIF1/view?usp=drivesdk,https://mail.google.com/mail/u/0/#all/19cc48fef5154a25,1,0
PROP-549,104 Ashburne,Gas/Truck/Trailer,40,2026-04-15,Shell,Gas,1097,[],,strong,gm-19d9299078f0128e,Shell,2026-04-15,1095,pending,PAUL,6600,104 Ashburne,,https://mail.google.com/mail/u/0/#all/19d9299078f0128e,1,-2
PROP-550,104 Ashburne,Lighting & Electrical,41,2026-04-03,Lowes,Electrical Straps,753,[],,strong,gm-19d535a923f6b186,"Lowe's Home Centers, LLC",2026-04-03,34172,posted,PAUL,1030,104 Ashburne,,https://mail.google.com/mail/u/0/#all/19d535a923f6b186,9,1505
PROP-551,104 Ashburne,Master Bath,41,2026-03-26,Home Depot,Hose Clamp,253,[],,weak,gm-19d2a51f5dffc8be,The Home Depot,2026-03-26,-5314,pending,PAUL,,,,https://mail.google.com/mail/u/0/#all/19d2a51f5dffc8be,0,
PROP-552,104 Ashburne,Small Baths,41,2026-06-16,Home Depot,Roof Vent,3897,[],,strong,gm-19ed8190a6945042,The Home Depot,2026-06-16,58945,pending,PAUL,1030,104 Ashburne,,https://mail.google.com/mail/u/0/#all/19ed8190a6945042,8,24169
PROP-553,104 Ashburne,Landscaping,41,2026-08-30,Falcon Creek Lawn Care - INV 1390,Trim Bushes,15000,[],,strong,gm-1a05ab0fab9330ec,Falcon Creek Lawn Care,2026-08-30,42500,pending,UNKNOWN,1130,104 Ashburne,,https://mail.google.com/mail/u/0/#all/1a05ab0fab9330ec,1,27500
PROP-554,104 Ashburne,Supplies,41,2026-03-08,Home Depot,Multi Tool Blades,1837,[],,strong,gm-19ccf1f38113d4f9,The Home Depot,2026-03-08,10675,posted,PAUL,1030,104 Ashburne,https://drive.google.com/file/d/1YZP3vIlLKmDqA2Z2GYHiZhc4rLiQN0Xv/view?usp=drivesdk,https://mail.google.com/mail/u/0/#all/19ccf1f38113d4f9,3,1992
PROP-555,104 Ashburne,Gas/Truck/Trailer,41,2026-05-04,Shell,Gas,6651,[],,strong,gm-19df4b2c6e1e5aee,Shell,2026-05-04,6651,pending,PAUL,6600,104 Ashburne,,https://mail.google.com/mail/u/0/#all/19df4b2c6e1e5aee,1,0
PROP-556,104 Ashburne,Lighting & Electrical,42,2026-04-05,Home Depot,Smokle Detectors,8542,[],,weak,gm-19d3ee7e210a8af3,The Home Depot,2026-03-30,8523,dismissed,PAUL,1030,104 Ashburne,,https://mail.google.com/mail/u/0/#all/19d3ee7e210a8af3,1,
PROP-557,104 Ashburne,Master Bath,42,2026-03-26,Home Depot,Wall Flanges,1295,[],,strong,gm-19d6d01dadaa68e4,The Home Depot,2026-04-08,20708,posted,PAUL,1030,104 Ashburne,https://drive.google.com/file/d/1Svs9tT6_SFjEh5BgW8lSLJaY_r-gdUjN/view?usp=drivesdk,https://mail.google.com/mail/u/0/#all/19d6d01dadaa68e4,5,6816
PROP-558,104 Ashburne,Small Baths,42,2026-06-18,Armandre Vega,Bath Fan and Vent,55000,[],,weak,gm-19edb74b0d81508a,Unknown (no vendor named in email),2026-06-18,55000,pending,PAUL,1040,104 Ashburne,,https://mail.google.com/mail/u/0/#all/19edb74b0d81508a,0,
PROP-559,104 Ashburne,Landscaping,42,2026-09-01,Keith Pfaff,Irrigation Repair,5000,[],,strong,gm-1a05e2374d3a2f2d,Keith Pfaff,2026-09-01,5000,pending,UNKNOWN,1020,104 Ashburne,,https://mail.google.com/mail/u/0/#all/1a05e2374d3a2f2d,1,0
PROP-560,104 Ashburne,Supplies,42,2026-03-10,Home Depot,Screws,1691,[],,strong,gm-19cd8db842855d26,The Home Depot,2026-03-10,8725,dismissed,PAUL,1030,104 Ashburne,https://drive.google.com/file/d/1KGu234JiirQkoSSD4_KDCDuwVGj4oBzY/view?usp=drivesdk,https://mail.google.com/mail/u/0/#all/19cd8db842855d26,2,5343
PROP-561,104 Ashburne,Gas/Truck/Trailer,42,2026-05-07,Shell,Gas,8243,[],,strong,gm-19e032c2f5fd1063,Shell,2026-05-07,8243,pending,PAUL,6600,104 Ashburne,,https://mail.google.com/mail/u/0/#all/19e032c2f5fd1063,1,0
PROP-562,104 Ashburne,Lighting & Electrical,43,2026-04-05,Home Depot,Light Bulbs,6376,[],,weak,gm-19d2b6120ef5187f,The Home Depot,2026-03-26,6492,dismissed,PAUL,1040,104 Ashburne,https://drive.google.com/file/d/1SdDL73kUhzXfcgnbgzkMoV4YkuJbCRVr/view?usp=drivesdk,https://mail.google.com/mail/u/0/#all/19d2b6120ef5187f,1,
PROP-563,104 Ashburne,Master Bath,43,2026-03-26,Home Depot,P Trap,582,[],,strong,gm-19d2c0314cc37287,The Home Depot,2026-03-26,840,pending,PAUL,1030,104 Ashburne,,https://mail.google.com/mail/u/0/#all/19d2c0314cc37287,1,258
PROP-564,104 Ashburne,Small Baths,43,2026-06-30,Home Depot,Flange Covers,5631,[],,strong,gm-19f18b33a88ea898,The Home Depot,2026-06-30,19731,dismissed,PAUL,1030,104 Ashburne,https://drive.google.com/file/d/1guyOxurOSZaVdn8_ISuDX1PZ02Vfx2YD/view?usp=drivesdk,https://mail.google.com/mail/u/0/#all/19f18b33a88ea898,1,14100
PROP-565,104 Ashburne,Landscaping,43,2026-09-01,Julio,Labor,15000,[],,strong,gm-1a05e23b4b8b9be7,Julio (unidentified landscaping labor),2026-09-01,15000,pending,UNKNOWN,1130,104 Ashburne,,https://mail.google.com/mail/u/0/#all/1a05e23b4b8b9be7,1,0
PROP-566,104 Ashburne,Supplies,43,2026-03-12,Home Depot,Screws,1605,[],,weak,gm-19ce3297652cbfc8,The Home Depot,2026-03-12,38527,dismissed,PAUL,1030,104 Ashburne,https://drive.google.com/file/d/1RMeQFDpls9yzGZPbV5TpHGE7FRbsFkMo/view?usp=drivesdk,https://mail.google.com/mail/u/0/#all/19ce3297652cbfc8,0,
PROP-567,104 Ashburne,Gas/Truck/Trailer,43,2026-05-08,Jiffy Lube,Oil Change,7351,[],,strong,gm-19e07440dfd3573d,"Jiffy Lube #3752 (Premium Velocity Auto, LLC)",2026-05-07,7351,posted,PAUL,6600,OVERHEAD,https://drive.google.com/file/d/1Md0WohnlKtYa7dQuwlGD51rvwQ3wuKn8/view?usp=drivesdk,https://mail.google.com/mail/u/0/#all/19e07440dfd3573d,1,0
PROP-568,104 Ashburne,Lighting & Electrical,44,2026-04-09,Home Depot,wire connectors,1619,[],,strong,gm-19cb001414554a99,The Home Depot,2026-03-02,14738,pending,PAUL,1030,104 Ashburne,,https://mail.google.com/mail/u/0/#all/19cb001414554a99,4,8690
PROP-569,104 Ashburne,Master Bath,44,2026-07-03,Verity Plumbing,Hat Water Heater,263667,[],,strong,gm-19f28677d9f269fb,Verity Plumbing,2026-07-03,263667,pending,PAUL,1020,104 Ashburne,,https://mail.google.com/mail/u/0/#all/19f28677d9f269fb,1,0
PROP-570,104 Ashburne,Small Baths,44,2026-06-30,Home Depot,Caulk,1998,[],,weak,gm-19f18a7ab38c52cf,The Home Depot,2026-06-30,-7457,pending,PAUL,,,,https://mail.google.com/mail/u/0/#all/19f18a7ab38c52cf,0,
PROP-571,104 Ashburne,Landscaping,44,2026-09-05,Keith Pfaff,Irrigation Repair,13500,[],,strong,gm-1a0716dcb2254415,Keith Pfaff,2026-09-05,13500,pending,UNKNOWN,1020,104 Ashburne,,https://mail.google.com/mail/u/0/#all/1a0716dcb2254415,1,0
PROP-572,104 Ashburne,Supplies,44,2026-03-12,Home Depot,Screws,2974,[],,strong,gm-19cf2444d6efb00f,The Home Depot,2026-03-15,31359,dismissed,PAUL,1030,104 Ashburne,https://drive.google.com/file/d/1-edI43EIwShtWAM_tngrOn0saxuC1osZ/view?usp=drivesdk,https://mail.google.com/mail/u/0/#all/19cf2444d6efb00f,10,753
PROP-573,104 Ashburne,Gas/Truck/Trailer,44,2026-05-08,Midlothian Municipal Counrt,Traffic TIcket,28095,[],,strong,gm-19e091cb11fddeec,Midlothian Municipal Court (Municipal Online Payments),2026-05-08,28095,pending,PAUL,,,,https://mail.google.com/mail/u/0/#all/19e091cb11fddeec,1,0
PROP-574,104 Ashburne,Lighting & Electrical,45,2026-04-09,Home Depot,Outlets & Testet,16853,[],,weak,gm-19d724c5c326c549,The Home Depot,2026-04-09,4001,posted,PAUL,1030,104 Ashburne,https://drive.google.com/file/d/1VynliTBCglRE2pcQ_tceYqI8HUFy36Mu/view?usp=drivesdk,https://mail.google.com/mail/u/0/#all/19d724c5c326c549,1,
PROP-575,104 Ashburne,Landscaping,45,2026-09-08,Julio,Labor,15000,[],,strong,gm-1a0817e06f3faaf4,Julio Camacho,2026-09-08,15000,pending,PAUL,1020,104 Ashburne,,https://mail.google.com/mail/u/0/#all/1a0817e06f3faaf4,1,0
PROP-576,104 Ashburne,Supplies,45,2026-03-12,Home Depot,Finish Nails,4761,[],,strong,gm-19ce39f32dd9c9c0,The Home Depot,2026-03-12,67329,pending,PAUL,1030,104 Ashburne,,https://mail.google.com/mail/u/0/#all/19ce39f32dd9c9c0,2,-1
PROP-577,104 Ashburne,Gas/Truck/Trailer,45,2026-06-17,Shell,Gas,6664,[],,strong,gm-19ed81985682b730,Shell,2026-06-17,6664,pending,PAUL,6600,104 Ashburne,,https://mail.google.com/mail/u/0/#all/19ed81985682b730,1,0
PROP-578,104 Ashburne,Lighting & Electrical,46,2026-04-15,Home Depot,Outlets & Testet,11399,[],,strong,gm-19d925f537016a06,The Home Depot,2026-04-15,11399,dismissed,PAUL,1030,104 Ashburne,https://drive.google.com/file/d/1hCKmEkJEW86MG9V_GX5J060lrqvLsuGo/view?usp=drivesdk,https://mail.google.com/mail/u/0/#all/19d925f537016a06,1,0
PROP-579,104 Ashburne,Supplies,46,2026-03-15,Home Depot,Shims,892,[],,strong,gm-19cf2444d6efb00f,The Home Depot,2026-03-15,31359,dismissed,PAUL,1030,104 Ashburne,https://drive.google.com/file/d/1-edI43EIwShtWAM_tngrOn0saxuC1osZ/view?usp=drivesdk,https://mail.google.com/mail/u/0/#all/19cf2444d6efb00f,10,753
PROP-580,104 Ashburne,Lighting & Electrical,47,2026-06-30,Cool Hand Electric,60 Amp Dsiconnect,56400,[],,strong,gm-19f19bb75c14f4c6,Cool Hand Electric &amp; Air,2026-06-30,56400,pending,PAUL,1020,104 Ashburne,,https://mail.google.com/mail/u/0/#all/19f19bb75c14f4c6,1,0
PROP-581,104 Ashburne,Supplies,47,2026-03-15,Home Depot,Wood Filler,2055,[],,strong,gm-19cf2444d6efb00f,The Home Depot,2026-03-15,31359,dismissed,PAUL,1030,104 Ashburne,https://drive.google.com/file/d/1-edI43EIwShtWAM_tngrOn0saxuC1osZ/view?usp=drivesdk,https://mail.google.com/mail/u/0/#all/19cf2444d6efb00f,10,753
PROP-582,104 Ashburne,Lighting & Electrical,48,2026-07-02,Cool Hand Electric,Circuit ground and misc,120700,[],,strong,gm-19f6bc755fba151a,Cool Hand Electric & Air,2026-07-02,120700,pending,PAUL,1020,104 Ashburne,,https://mail.google.com/mail/u/0/#all/19f6bc755fba151a,1,0
PROP-583,104 Ashburne,Supplies,48,2026-03-15,Home Depot,Sanding Discs,2156,[],,weak,gm-19cf2444d6efb00f,The Home Depot,2026-03-15,31359,dismissed,PAUL,1030,104 Ashburne,https://drive.google.com/file/d/1-edI43EIwShtWAM_tngrOn0saxuC1osZ/view?usp=drivesdk,https://mail.google.com/mail/u/0/#all/19cf2444d6efb00f,10,
PROP-584,104 Ashburne,Supplies,49,2026-03-15,Home Depot,Dremel DIscs,1837,[],,strong,gm-19cf2444d6efb00f,The Home Depot,2026-03-15,31359,dismissed,PAUL,1030,104 Ashburne,https://drive.google.com/file/d/1-edI43EIwShtWAM_tngrOn0saxuC1osZ/view?usp=drivesdk,https://mail.google.com/mail/u/0/#all/19cf2444d6efb00f,10,753
PROP-585,104 Ashburne,Supplies,50,2026-03-15,Home Depot,Threaded Rod,307,[],,strong,gm-19cf2444d6efb00f,The Home Depot,2026-03-15,31359,dismissed,PAUL,1030,104 Ashburne,https://drive.google.com/file/d/1-edI43EIwShtWAM_tngrOn0saxuC1osZ/view?usp=drivesdk,https://mail.google.com/mail/u/0/#all/19cf2444d6efb00f,10,753
PROP-586,104 Ashburne,Supplies,51,2026-03-15,Home Depot,Screws,2852,[],,strong,gm-19cf2444d6efb00f,The Home Depot,2026-03-15,31359,dismissed,PAUL,1030,104 Ashburne,https://drive.google.com/file/d/1-edI43EIwShtWAM_tngrOn0saxuC1osZ/view?usp=drivesdk,https://mail.google.com/mail/u/0/#all/19cf2444d6efb00f,10,753
PROP-587,104 Ashburne,Supplies,52,2026-03-17,UPS Store,Packing Tape,357,[],,weak,gm-19cfc60f0514c660,The UPS Store #5780,2026-03-17,357,posted,PAUL,6500,OVERHEAD,https://drive.google.com/file/d/1BVUUzcHPdsnZP96tGaDOuMUU0kTDYDmr/view?usp=drivesdk,https://mail.google.com/mail/u/0/#all/19cfc60f0514c660,0,
PROP-588,104 Ashburne,Supplies,53,2026-03-18,Home Depot,Threaded Rod,307,[],,strong,gm-19d019ce67d9c5c3,The Home Depot,2026-03-18,5447,posted,PAUL,1030,104 Ashburne,https://drive.google.com/file/d/1hpwvObYLqmaPSSlup2IP9TsvwJ37Q46L/view?usp=drivesdk,https://mail.google.com/mail/u/0/#all/19d019ce67d9c5c3,3,0
PROP-589,104 Ashburne,Supplies,54,2026-03-18,Home Depot,Dowels,364,[],,strong,gm-19d019ce67d9c5c3,The Home Depot,2026-03-18,5447,posted,PAUL,1030,104 Ashburne,https://drive.google.com/file/d/1hpwvObYLqmaPSSlup2IP9TsvwJ37Q46L/view?usp=drivesdk,https://mail.google.com/mail/u/0/#all/19d019ce67d9c5c3,3,0
PROP-590,104 Ashburne,Supplies,55,2026-03-18,Home Depot,Screws,4776,[],,strong,gm-19d019ce67d9c5c3,The Home Depot,2026-03-18,5447,posted,PAUL,1030,104 Ashburne,https://drive.google.com/file/d/1hpwvObYLqmaPSSlup2IP9TsvwJ37Q46L/view?usp=drivesdk,https://mail.google.com/mail/u/0/#all/19d019ce67d9c5c3,3,0
PROP-591,104 Ashburne,Supplies,56,2026-03-18,Home Depot,Screws,7951,[],,strong,gm-19d02629b0206123,The Home Depot,2026-03-18,7951,dismissed,PAUL,1030,104 Ashburne,https://drive.google.com/file/d/1Vfp9cGdLsBuzB9P4KM8DJlqU_Y0RDoYv/view?usp=drivesdk,https://mail.google.com/mail/u/0/#all/19d02629b0206123,1,0
PROP-592,104 Ashburne,Supplies,57,2026-03-21,Lowes,Glass Scraper & Blades,948,[],,weak,gm-19d11a93764263f8,"Lowe's Home Centers, LLC",2026-03-21,29723,posted,PAUL,1030,104 Ashburne,https://drive.google.com/file/d/1HM8VakTScJcmLg3JbX6vNGs2Uvnn0vx9/view?usp=drivesdk,https://mail.google.com/mail/u/0/#all/19d11a93764263f8,0,
PROP-593,104 Ashburne,Supplies,58,2026-03-21,Lowes,Spray Bottle,431,[],,strong,gm-19d535a923f6b186,"Lowe's Home Centers, LLC",2026-04-03,34172,posted,PAUL,1030,104 Ashburne,,https://mail.google.com/mail/u/0/#all/19d535a923f6b186,9,1505
PROP-594,104 Ashburne,Supplies,59,2026-03-21,Lowes,Multi Tool Blade,1838,[],,strong,gm-19d535a923f6b186,"Lowe's Home Centers, LLC",2026-04-03,34172,posted,PAUL,1030,104 Ashburne,,https://mail.google.com/mail/u/0/#all/19d535a923f6b186,9,1505
PROP-595,104 Ashburne,Supplies,60,2026-03-22,Home Depot,Microfiber Towels,1080,[],,strong,gm-19cf2444d6efb00f,The Home Depot,2026-03-15,31359,dismissed,PAUL,1030,104 Ashburne,https://drive.google.com/file/d/1-edI43EIwShtWAM_tngrOn0saxuC1osZ/view?usp=drivesdk,https://mail.google.com/mail/u/0/#all/19cf2444d6efb00f,10,753
PROP-596,104 Ashburne,Supplies,61,2026-03-22,Home Depot,Teflon Tape,106,[],,weak,gm-19d16d3ec604edb7,The Home Depot,2026-03-22,51416,pending,PAUL,1030,104 Ashburne,,https://mail.google.com/mail/u/0/#all/19d16d3ec604edb7,0,
PROP-597,104 Ashburne,Supplies,62,2026-03-22,Home Depot,Dremel Post,1404,[],,weak,gm-19cf25c0bd386e41,"Lowe's Home Centers, LLC",2026-03-15,1405,posted,PAUL,6510,OVERHEAD,https://drive.google.com/file/d/1EOC-K7bCn9ly0b-UN91I1rAM00bWOM8F/view?usp=drivesdk,https://mail.google.com/mail/u/0/#all/19cf25c0bd386e41,1,
PROP-598,104 Ashburne,Supplies,63,2026-03-22,Home Depot,Shopvac Filters,3786,[],,weak,gm-19c5d297b5829e55,The Home Depot,2026-02-14,35312,posted,PAUL,6510,OVERHEAD,https://drive.google.com/file/d/1d7L_wzfiuV5TXD1bFSEh-si0uuSZ46y2/view?usp=drivesdk,https://mail.google.com/mail/u/0/#all/19c5d297b5829e55,4,
PROP-599,104 Ashburne,Supplies,64,2026-03-22,Home Depot,Tile Drill Bits,2378,[],,weak,gm-19d62dc0a36bb7bd,The Home Depot,2026-04-06,2379,dismissed,PAUL,1030,104 Ashburne,https://drive.google.com/file/d/1IFn_TDabMSIM9qWlUtXhbMTQKc4Sgbrq/view?usp=drivesdk,https://mail.google.com/mail/u/0/#all/19d62dc0a36bb7bd,1,
PROP-600,104 Ashburne,Supplies,65,2026-03-22,Home Depot,Windex,527,[],,weak,gm-19d4078f56917fbb,The Home Depot,2026-03-30,589,dismissed,PAUL,1030,104 Ashburne,https://drive.google.com/file/d/1eH50u6kK3woc7Xgyne6bKbnUkdJgzK_e/view?usp=drivesdk,https://mail.google.com/mail/u/0/#all/19d4078f56917fbb,1,
PROP-601,104 Ashburne,Supplies,66,2026-03-23,Home Depot,Abrasive Cloth,537,[],,weak,gm-19d4078f56917fbb,The Home Depot,2026-03-30,589,dismissed,PAUL,1030,104 Ashburne,https://drive.google.com/file/d/1eH50u6kK3woc7Xgyne6bKbnUkdJgzK_e/view?usp=drivesdk,https://mail.google.com/mail/u/0/#all/19d4078f56917fbb,1,
PROP-602,104 Ashburne,Supplies,67,2026-03-23,Home Depot,Shop Towels,1405,[],,strong,gm-19cb001414554a99,The Home Depot,2026-03-02,14738,pending,PAUL,1030,104 Ashburne,,https://mail.google.com/mail/u/0/#all/19cb001414554a99,4,8690
PROP-603,104 Ashburne,Supplies,68,2026-03-25,Lowes,Tri for Garage,1091,[],,strong,gm-19d2556d29835a4b,"Lowe's Home Centers, LLC",2026-03-25,48680,dismissed,PAUL,1030,104 Ashburne,https://drive.google.com/file/d/1OBt5kC3UTMvyjrtjyKU1K851MqIr7JWA/view?usp=drivesdk,https://mail.google.com/mail/u/0/#all/19d2556d29835a4b,6,2054
PROP-604,104 Ashburne,Supplies,69,2026-03-19,Lowes,Silicone Caulk,2096,[],,weak,gm-19d6ee18dbed6f84,The Home Depot,2026-04-08,89118,pending,PAUL,1030,104 Ashburne,,https://mail.google.com/mail/u/0/#all/19d6ee18dbed6f84,1,
PROP-605,104 Ashburne,Supplies,70,2026-03-06,Amazon,Rat Traps,4328,[],,strong,gm-19cc5d6126f9b0e8,Amazon,2026-03-06,14611,posted,PAUL,1030,104 Ashburne,https://drive.google.com/file/d/1tszB-WTdmS_c3RTee1S_19yMAIwktY8w/view?usp=drivesdk,https://mail.google.com/mail/u/0/#all/19cc5d6126f9b0e8,1,10283
PROP-606,104 Ashburne,Supplies,71,2026-03-25,Home Depot,Tapcon Scres & Bit,1468,[],,weak,gm-19cf3177d3ee370b,The Home Depot,2026-03-15,3672,posted,PAUL,1030,104 Ashburne,https://drive.google.com/file/d/1Khf1l0UStQxjhBklhnHrIIcDUeXEG_k9/view?usp=drivesdk,https://mail.google.com/mail/u/0/#all/19cf3177d3ee370b,1,
PROP-607,104 Ashburne,Supplies,72,2026-03-26,Home Depot,Clorox Wipes,756,[],,strong,gm-19d2a6dc500a3a1c,The Home Depot,2026-03-26,10463,dismissed,PAUL,1030,104 Ashburne,https://drive.google.com/file/d/1f2q_c3kYtJMlfqZ8mUpluTMBxHHn9C-_/view?usp=drivesdk,https://mail.google.com/mail/u/0/#all/19d2a6dc500a3a1c,1,9707
PROP-608,104 Ashburne,Supplies,73,2026-03-29,Home Depot,Tapcon Screws,864,[],,weak,gm-19dfd55f48f159ef,The Home Depot,2026-05-06,11849,error,PAUL,1030,104 Ashburne,,https://mail.google.com/mail/u/0/#all/19dfd55f48f159ef,1,
PROP-609,104 Ashburne,Supplies,74,2026-03-30,Home Depot,Tapcon Screws,589,[],,strong,gm-19d4078f56917fbb,The Home Depot,2026-03-30,589,dismissed,PAUL,1030,104 Ashburne,https://drive.google.com/file/d/1eH50u6kK3woc7Xgyne6bKbnUkdJgzK_e/view?usp=drivesdk,https://mail.google.com/mail/u/0/#all/19d4078f56917fbb,1,0
PROP-610,104 Ashburne,Supplies,75,2026-04-01,Home Depot,Angle Grinder discs,2537,[],,weak,gm-19d3a708f16b12eb,The Home Depot,2026-03-29,2573,posted,PAUL,1030,104 Ashburne,https://drive.google.com/file/d/1zpsw1UtLt56dMKgx0tBeOEqf_R9zHYQd/view?usp=drivesdk,https://mail.google.com/mail/u/0/#all/19d3a708f16b12eb,1,
PROP-611,104 Ashburne,Supplies,76,2026-04-01,Home Depot,Caulk,1080,[],,strong,gm-19d7d96bd9768097,The Home Depot,2026-04-11,18151,posted,PAUL,1030,104 Ashburne,https://drive.google.com/file/d/1t7itEZhq43AkjmJjP8csWKFd0O7ltlf-/view?usp=drivesdk,https://mail.google.com/mail/u/0/#all/19d7d96bd9768097,3,14704
PROP-612,104 Ashburne,Supplies,77,2026-04-01,Home Depot,Adhesive,1567,[],,weak,gm-19d6461d769e7e56,The Home Depot,2026-04-06,3401,posted,PAUL,1030,104 Ashburne,https://drive.google.com/file/d/1C7ZiYTILoKbZKdoe7W9l8qekhlNuxSLe/view?usp=drivesdk,https://mail.google.com/mail/u/0/#all/19d6461d769e7e56,2,
PROP-613,104 Ashburne,Supplies,78,2026-04-01,Home Depot,Self Leveler,3789,[],,strong,gm-19d4a3ee589e436a,The Home Depot,2026-04-01,9358,posted,PAUL,1030,104 Ashburne,https://drive.google.com/file/d/1bv7Pp9Yb2Xc7unJLH327L9MUkbbPuswv/view?usp=drivesdk,https://mail.google.com/mail/u/0/#all/19d4a3ee589e436a,4,1069
PROP-614,104 Ashburne,Supplies,79,2026-04-01,Home Depot,Big Gap Filler,647,[],,strong,gm-19d4a3ee589e436a,The Home Depot,2026-04-01,9358,posted,PAUL,1030,104 Ashburne,https://drive.google.com/file/d/1bv7Pp9Yb2Xc7unJLH327L9MUkbbPuswv/view?usp=drivesdk,https://mail.google.com/mail/u/0/#all/19d4a3ee589e436a,4,1069
PROP-615,104 Ashburne,Supplies,80,2026-04-01,Home Depot,Spray Paint,2267,[],,strong,gm-19d4a3ee589e436a,The Home Depot,2026-04-01,9358,posted,PAUL,1030,104 Ashburne,https://drive.google.com/file/d/1bv7Pp9Yb2Xc7unJLH327L9MUkbbPuswv/view?usp=drivesdk,https://mail.google.com/mail/u/0/#all/19d4a3ee589e436a,4,1069
PROP-616,104 Ashburne,Supplies,81,2026-04-01,Home Depot,Latex Gloves,1080,[],,strong,gm-19d7d96bd9768097,The Home Depot,2026-04-11,18151,posted,PAUL,1030,104 Ashburne,https://drive.google.com/file/d/1t7itEZhq43AkjmJjP8csWKFd0O7ltlf-/view?usp=drivesdk,https://mail.google.com/mail/u/0/#all/19d7d96bd9768097,3,14704
PROP-617,104 Ashburne,Supplies,82,2026-04-02,Home Depot,Caulk,5837,[],,strong,gm-19d4ed506ec83c9a,The Home Depot,2026-04-02,27124,posted,PAUL,1030,104 Ashburne,https://drive.google.com/file/d/1xCcg9al8SkPPJ4kXbkqYO4jE0314eIRX/view?usp=drivesdk,https://mail.google.com/mail/u/0/#all/19d4ed506ec83c9a,6,0
PROP-618,104 Ashburne,Supplies,83,2026-04-03,Lowes,1/8 sheet plywood,1838,[],,strong,gm-19d535a923f6b186,"Lowe's Home Centers, LLC",2026-04-03,34172,posted,PAUL,1030,104 Ashburne,,https://mail.google.com/mail/u/0/#all/19d535a923f6b186,9,1505
PROP-619,104 Ashburne,Supplies,84,2026-04-03,Lowes,sanded plywood,2812,[],,strong,gm-19d535a923f6b186,"Lowe's Home Centers, LLC",2026-04-03,34172,posted,PAUL,1030,104 Ashburne,,https://mail.google.com/mail/u/0/#all/19d535a923f6b186,9,1505
PROP-620,104 Ashburne,Supplies,85,2026-04-03,Lowes,Blue Tape,864,[],,strong,gm-19d535a923f6b186,"Lowe's Home Centers, LLC",2026-04-03,34172,posted,PAUL,1030,104 Ashburne,,https://mail.google.com/mail/u/0/#all/19d535a923f6b186,9,1505
PROP-621,104 Ashburne,Supplies,86,2026-04-03,Lowes,Titebond Glue,431,[],,strong,gm-19d535a923f6b186,"Lowe's Home Centers, LLC",2026-04-03,34172,posted,PAUL,1030,104 Ashburne,,https://mail.google.com/mail/u/0/#all/19d535a923f6b186,9,1505
PROP-622,104 Ashburne,Supplies,87,2026-04-04,Lowes,Broom,1730,[],,strong,gm-19d593d6a8a5082a,"Lowe's Home Centers, LLC",2026-04-04,1730,pending,PAUL,1030,104 Ashburne,,https://mail.google.com/mail/u/0/#all/19d593d6a8a5082a,1,0
PROP-623,104 Ashburne,Supplies,88,2026-04-05,Home Depot,Drill Bit,917,[],,weak,gm-19d2c0314cc37287,The Home Depot,2026-03-26,840,pending,PAUL,1030,104 Ashburne,,https://mail.google.com/mail/u/0/#all/19d2c0314cc37287,1,
PROP-624,104 Ashburne,Supplies,89,2026-04-05,Home Depot,Drill Bit,917,[],,weak,gm-19d2c0314cc37287,The Home Depot,2026-03-26,840,pending,PAUL,1030,104 Ashburne,,https://mail.google.com/mail/u/0/#all/19d2c0314cc37287,1,
PROP-625,104 Ashburne,Supplies,90,2026-04-05,Home Depot,Nuts & Bolts,1440,[],,weak,gm-19d5e139b4ae4612,The Home Depot,2026-04-05,28844,dismissed,PAUL,1040,104 Ashburne,https://drive.google.com/file/d/1Mfu4nYQ-PN91OkAOYTS4i10DoNp8I3Fp/view?usp=drivesdk,https://mail.google.com/mail/u/0/#all/19d5e139b4ae4612,0,
PROP-626,104 Ashburne,Supplies,91,2026-04-06,Home Depot,Bondo,2379,[],,strong,gm-19d62dc0a36bb7bd,The Home Depot,2026-04-06,2379,dismissed,PAUL,1030,104 Ashburne,https://drive.google.com/file/d/1IFn_TDabMSIM9qWlUtXhbMTQKc4Sgbrq/view?usp=drivesdk,https://mail.google.com/mail/u/0/#all/19d62dc0a36bb7bd,1,0
PROP-627,104 Ashburne,Supplies,92,2026-04-06,Home Depot,Caulk,1567,[],,strong,gm-19d6461d769e7e56,The Home Depot,2026-04-06,3401,posted,PAUL,1030,104 Ashburne,https://drive.google.com/file/d/1C7ZiYTILoKbZKdoe7W9l8qekhlNuxSLe/view?usp=drivesdk,https://mail.google.com/mail/u/0/#all/19d6461d769e7e56,2,0
PROP-628,104 Ashburne,Supplies,93,2026-04-06,Home Depot,Drill Bit,1834,[],,strong,gm-19d6461d769e7e56,The Home Depot,2026-04-06,3401,posted,PAUL,1030,104 Ashburne,https://drive.google.com/file/d/1C7ZiYTILoKbZKdoe7W9l8qekhlNuxSLe/view?usp=drivesdk,https://mail.google.com/mail/u/0/#all/19d6461d769e7e56,2,0
PROP-629,104 Ashburne,Supplies,94,2026-04-08,Home Depot,Windex,1295,[],,strong,gm-19d6d01dadaa68e4,The Home Depot,2026-04-08,20708,posted,PAUL,1030,104 Ashburne,https://drive.google.com/file/d/1Svs9tT6_SFjEh5BgW8lSLJaY_r-gdUjN/view?usp=drivesdk,https://mail.google.com/mail/u/0/#all/19d6d01dadaa68e4,5,6816
PROP-630,104 Ashburne,Supplies,95,2026-04-08,Home Depot,Micro Filber Roll,2161,[],,strong,gm-19d6d01dadaa68e4,The Home Depot,2026-04-08,20708,posted,PAUL,1030,104 Ashburne,https://drive.google.com/file/d/1Svs9tT6_SFjEh5BgW8lSLJaY_r-gdUjN/view?usp=drivesdk,https://mail.google.com/mail/u/0/#all/19d6d01dadaa68e4,5,6816
PROP-631,104 Ashburne,Supplies,96,2026-04-08,Home Depot,Caulk,4378,[],,strong,gm-19d6d01dadaa68e4,The Home Depot,2026-04-08,20708,posted,PAUL,1030,104 Ashburne,https://drive.google.com/file/d/1Svs9tT6_SFjEh5BgW8lSLJaY_r-gdUjN/view?usp=drivesdk,https://mail.google.com/mail/u/0/#all/19d6d01dadaa68e4,5,6816
PROP-632,104 Ashburne,Supplies,97,2026-04-09,Home Depot,Screws,1509,[],,strong,gm-19d7301fafc82a83,The Home Depot,2026-04-09,11124,dismissed,PAUL,1030,104 Ashburne,https://drive.google.com/file/d/1oVwucDJ4e1Y9iN6uDeSYUKUG_4c3gHI9/view?usp=drivesdk,https://mail.google.com/mail/u/0/#all/19d7301fafc82a83,3,1612
PROP-633,104 Ashburne,Supplies,98,2026-04-10,Home Depot,Misc Supplies,15128,[],,weak,gm-19d775f16740a511,The Home Depot,2026-04-10,16128,dismissed,PAUL,1030,104 Ashburne,https://drive.google.com/file/d/1ZZWXBGKWFAz2naMpYCN9EWej-44hzf7h/view?usp=drivesdk,https://mail.google.com/mail/u/0/#all/19d775f16740a511,0,
PROP-634,104 Ashburne,Supplies,99,2026-04-10,Home Depot,Misc Supplies,7670,[],,strong,gm-19d7842c261c0b2b,The Home Depot,2026-04-10,7670,dismissed,PAUL,1030,104 Ashburne,https://drive.google.com/file/d/19Hm8DPWDDJJ8gFmqNfDxX_eOrBukVVsL/view?usp=drivesdk,https://mail.google.com/mail/u/0/#all/19d7842c261c0b2b,1,0
PROP-635,104 Ashburne,Supplies,100,2026-04-10,Home Depot,Misc Supplies,26329,[],,strong,gm-19d78c9cf7bcc5c4,The Home Depot,2026-04-10,26329,posted,PAUL,1030,104 Ashburne,https://drive.google.com/file/d/1bOuFpm1xa9Mb-C4-jpV07mgg7LwRAJrC/view?usp=drivesdk,https://mail.google.com/mail/u/0/#all/19d78c9cf7bcc5c4,1,0
PROP-636,104 Ashburne,Supplies,101,2026-04-10,Home Depot,Plumbing parts,1287,[],,strong,gm-19d7d96bd9768097,The Home Depot,2026-04-11,18151,posted,PAUL,1030,104 Ashburne,https://drive.google.com/file/d/1t7itEZhq43AkjmJjP8csWKFd0O7ltlf-/view?usp=drivesdk,https://mail.google.com/mail/u/0/#all/19d7d96bd9768097,3,14704
PROP-637,104 Ashburne,Supplies,102,2026-04-13,Home Depot,Misc Supplies,89700,[],,strong,gm-19d86e82a24ba657,The Home Depot,2026-04-13,89700,pending,PAUL,1030,104 Ashburne,,https://mail.google.com/mail/u/0/#all/19d86e82a24ba657,1,0
PROP-638,104 Ashburne,Supplies,103,2026-04-13,Ace Hardware,Misc Supplies,6447,[],,strong,gm-19d8733a36c6906d,Keith Ace Hardware - Red Oak,2026-04-13,6447,posted,PAUL,6510,OVERHEAD,https://drive.google.com/file/d/1vVwFiKglLo03iuhdVa1srThIMJbakKhM/view?usp=drivesdk,https://mail.google.com/mail/u/0/#all/19d8733a36c6906d,1,0
PROP-639,104 Ashburne,Supplies,104,2026-04-13,Home Depot,Misc Supplies,32023,[],,strong,gm-19d887edb5a8b804,The Home Depot,2026-04-13,32023,dismissed,PAUL,1040,104 Ashburne,https://drive.google.com/file/d/1IU-fIziE4kwinPRHOMv4FJKJ8eihUvun/view?usp=drivesdk,https://mail.google.com/mail/u/0/#all/19d887edb5a8b804,1,0
PROP-640,104 Ashburne,Supplies,105,2026-04-14,Home Depot,Misc Supplies,13319,[],,strong,gm-19d8d13776d4e5c2,The Home Depot,2026-04-14,13319,posted,PAUL,1040,104 Ashburne,https://drive.google.com/file/d/1EY8BGdjjKrwxwwoT0nqOPz53PMyOJLXF/view?usp=drivesdk,https://mail.google.com/mail/u/0/#all/19d8d13776d4e5c2,1,0
PROP-641,104 Ashburne,Supplies,106,2026-04-15,Home Depot,Misc Supplies,5138,[],,weak,gm-19d9259fe2484c26,The Home Depot,2026-04-15,-49106,pending,PAUL,1030,104 Ashburne,,https://mail.google.com/mail/u/0/#all/19d9259fe2484c26,0,
PROP-642,104 Ashburne,Supplies,107,2026-05-05,Home Depot,Misc Supplies,11849,[],,strong,gm-19dfd55f48f159ef,The Home Depot,2026-05-06,11849,error,PAUL,1030,104 Ashburne,,https://mail.google.com/mail/u/0/#all/19dfd55f48f159ef,1,0
PROP-643,104 Ashburne,Supplies,108,2026-05-07,Home Depot,Misc Supplies,15720,[],,strong,gm-19e031bf21a17eeb,The Home Depot,2026-05-07,15720,dismissed,PAUL,1030,104 Ashburne,https://drive.google.com/file/d/1pGk76vGEE1JNVTouhsUmMF4MPFGHjYmd/view?usp=drivesdk,https://mail.google.com/mail/u/0/#all/19e031bf21a17eeb,1,0
PROP-644,104 Ashburne,Supplies,109,2026-05-07,Home Depot,Misc Supplies,2378,[],,strong,gm-19e03c938a0f72b2,The Home Depot,2026-05-07,2378,posted,PAUL,1030,104 Ashburne,https://drive.google.com/file/d/1Vv7kn2JEtzPJUjunVg9AbftKYJQQc8tj/view?usp=drivesdk,https://mail.google.com/mail/u/0/#all/19e03c938a0f72b2,1,0
PROP-645,104 Ashburne,Supplies,110,2026-05-07,Lowes,Misc Supplies,680,[],,strong,gm-19e0454d3ab6e5b6,"Lowe's Home Centers, LLC",2026-05-07,680,posted,PAUL,1030,104 Ashburne,https://drive.google.com/file/d/1CPYh6hXbmc6xrRBvjYsRERsk8b--ufod/view?usp=drivesdk,https://mail.google.com/mail/u/0/#all/19e0454d3ab6e5b6,1,0
PROP-646,104 Ashburne,Supplies,111,2026-05-27,Home Depot,Spackle,1026,[],,strong,gm-19e69ec679ab8f42,The Home Depot,2026-05-27,1399,dismissed,PAUL,1030,104 Ashburne,https://drive.google.com/file/d/1-OIs50ZrKPG9rof0jJp12VUkThYkvuYw/view?usp=drivesdk,https://mail.google.com/mail/u/0/#all/19e69ec679ab8f42,2,1
PROP-647,104 Ashburne,Supplies,112,2026-05-27,Home Depot,Zip Ties,372,[],,strong,gm-19e69ec679ab8f42,The Home Depot,2026-05-27,1399,dismissed,PAUL,1030,104 Ashburne,https://drive.google.com/file/d/1-OIs50ZrKPG9rof0jJp12VUkThYkvuYw/view?usp=drivesdk,https://mail.google.com/mail/u/0/#all/19e69ec679ab8f42,2,1
PROP-648,104 Ashburne,Supplies,113,2026-06-16,Home Depot,2x4,403,[],,weak,gm-19ed818d6be0fb42,The Home Depot,2026-06-16,12666,dismissed,PAUL,1030,104 Ashburne,https://drive.google.com/file/d/1THdunvjQR7KaqWX3CA4tsx_oF9rpw-mA/view?usp=drivesdk,https://mail.google.com/mail/u/0/#all/19ed818d6be0fb42,2,
PROP-649,104 Ashburne,Supplies,114,2026-06-16,Home Depot,Drill Bit,1404,[],,strong,gm-19ed8190a6945042,The Home Depot,2026-06-16,58945,pending,PAUL,1030,104 Ashburne,,https://mail.google.com/mail/u/0/#all/19ed8190a6945042,8,24169
PROP-650,104 Ashburne,Supplies,115,2026-06-16,Home Depot,Screws,4403,[],,weak,gm-19ed818d6be0fb42,The Home Depot,2026-06-16,12666,dismissed,PAUL,1030,104 Ashburne,https://drive.google.com/file/d/1THdunvjQR7KaqWX3CA4tsx_oF9rpw-mA/view?usp=drivesdk,https://mail.google.com/mail/u/0/#all/19ed818d6be0fb42,2,
PROP-651,104 Ashburne,Supplies,116,2026-06-16,Home Depot,Spray Paint,756,[],,weak,gm-19ed818d6be0fb42,The Home Depot,2026-06-16,12666,dismissed,PAUL,1030,104 Ashburne,https://drive.google.com/file/d/1THdunvjQR7KaqWX3CA4tsx_oF9rpw-mA/view?usp=drivesdk,https://mail.google.com/mail/u/0/#all/19ed818d6be0fb42,2,
PROP-652,104 Ashburne,Supplies,117,2026-06-16,Home Depot,1x4's,3320,[],,weak,gm-19ed818d6be0fb42,The Home Depot,2026-06-16,12666,dismissed,PAUL,1030,104 Ashburne,https://drive.google.com/file/d/1THdunvjQR7KaqWX3CA4tsx_oF9rpw-mA/view?usp=drivesdk,https://mail.google.com/mail/u/0/#all/19ed818d6be0fb42,2,
PROP-653,104 Ashburne,Supplies,118,2026-06-16,Home Depot,Garbage Bags,3244,[],,strong,gm-19ed8190a6945042,The Home Depot,2026-06-16,58945,pending,PAUL,1030,104 Ashburne,,https://mail.google.com/mail/u/0/#all/19ed8190a6945042,8,24169
PROP-654,104 Ashburne,Supplies,119,2026-06-16,Home Depot,Nuts and bolts,2209,[],,weak,gm-19ed818d6be0fb42,The Home Depot,2026-06-16,12666,dismissed,PAUL,1030,104 Ashburne,https://drive.google.com/file/d/1THdunvjQR7KaqWX3CA4tsx_oF9rpw-mA/view?usp=drivesdk,https://mail.google.com/mail/u/0/#all/19ed818d6be0fb42,2,
PROP-655,104 Ashburne,Supplies,120,2026-06-16,Home Depot,Roofing Nails,1404,[],,strong,gm-19ed8190a6945042,The Home Depot,2026-06-16,58945,pending,PAUL,1030,104 Ashburne,,https://mail.google.com/mail/u/0/#all/19ed8190a6945042,8,24169
PROP-656,104 Ashburne,Supplies,121,2026-06-16,Home Depot,Nuts and Bolts,289,[],,weak,gm-19ed818d6be0fb42,The Home Depot,2026-06-16,12666,dismissed,PAUL,1030,104 Ashburne,https://drive.google.com/file/d/1THdunvjQR7KaqWX3CA4tsx_oF9rpw-mA/view?usp=drivesdk,https://mail.google.com/mail/u/0/#all/19ed818d6be0fb42,2,
PROP-657,104 Ashburne,Supplies,122,2026-06-16,Home Depot,Threaded Rod,2382,[],,strong,gm-19ed818d6be0fb42,The Home Depot,2026-06-16,12666,dismissed,PAUL,1040,104 Ashburne,https://drive.google.com/file/d/1THdunvjQR7KaqWX3CA4tsx_oF9rpw-mA/view?usp=drivesdk,https://mail.google.com/mail/u/0/#all/19ed818d6be0fb42,2,7902
PROP-658,104 Ashburne,Supplies,123,2026-06-16,Home Depot,1x4,1992,[],,strong,gm-19ed8190a6945042,The Home Depot,2026-06-16,58945,pending,PAUL,1030,104 Ashburne,,https://mail.google.com/mail/u/0/#all/19ed8190a6945042,8,24169
PROP-659,104 Ashburne,Supplies,124,2026-06-18,Home Depot,Dryer Vent Tape,810,[],,strong,gm-19edabdf68ad91f0,The Home Depot,2026-06-18,4793,posted,PAUL,1030,104 Ashburne,https://drive.google.com/file/d/14Vwq9UQyvA4guQDR9a0hjNvt71QqaZKP/view?usp=drivesdk,https://mail.google.com/mail/u/0/#all/19edabdf68ad91f0,2,-1
PROP-660,104 Ashburne,Supplies,125,2026-06-18,Home Depot,1x4,3984,[],,strong,gm-19edabdf68ad91f0,The Home Depot,2026-06-18,4793,posted,PAUL,1030,104 Ashburne,https://drive.google.com/file/d/14Vwq9UQyvA4guQDR9a0hjNvt71QqaZKP/view?usp=drivesdk,https://mail.google.com/mail/u/0/#all/19edabdf68ad91f0,2,-1
PROP-661,104 Ashburne,Supplies,126,2026-06-18,Home Depot,Great Stuff,485,[],,strong,gm-19edc17308bcd897,The Home Depot,2026-06-18,9636,error,PAUL,1030,104 Ashburne,,https://mail.google.com/mail/u/0/#all/19edc17308bcd897,3,6974
PROP-662,104 Ashburne,Supplies,127,2026-06-18,Home Depot,Nuts and bolts,340,[],,strong,gm-19edc17308bcd897,The Home Depot,2026-06-18,9636,error,PAUL,1030,104 Ashburne,,https://mail.google.com/mail/u/0/#all/19edc17308bcd897,3,6974
PROP-663,104 Ashburne,Supplies,128,2026-06-19,Ace Hardware,Screws,2528,[],,strong,gm-19ee097df3be19ff,Keith Ace Hardware - Red Oak,2026-06-19,2528,posted,PAUL,1030,104 Ashburne,https://drive.google.com/file/d/1_CAo0xafGYk37Mg5psoBc-gWeketsOCR/view?usp=drivesdk,https://mail.google.com/mail/u/0/#all/19ee097df3be19ff,1,0
PROP-664,104 Ashburne,Supplies,129,2026-06-30,Home Depot,Great Stuff,485,[],,strong,gm-19f19badba627de1,The Home Depot,2026-06-30,6125,pending,PAUL,1030,104 Ashburne,,https://mail.google.com/mail/u/0/#all/19f19badba627de1,2,596
PROP-665,104 Ashburne,Supplies,130,2026-06-30,Home Depot,1x5,5044,[],,strong,gm-19f19badba627de1,The Home Depot,2026-06-30,6125,pending,PAUL,1030,104 Ashburne,,https://mail.google.com/mail/u/0/#all/19f19badba627de1,2,596
PROP-666,104 Ashburne,Supplies,131,2026-08-11,Home Depot,Batteries,1285,[],,strong,gm-19ff17e1bc0effd7,The Home Depot,2026-08-11,2094,posted,PAUL,1030,104 Ashburne,https://drive.google.com/file/d/1Sf3mLx-4yZEnb5vdBm4ovpjufF9RS30M/view?usp=drivesdk,https://mail.google.com/mail/u/0/#all/19ff17e1bc0effd7,2,0
PROP-667,1616 Granite RECONCILED,,3,2026-05-18,Salvador Campos,Roof,38000,"[true, false]",,strong,gm-19eb74ea0bc8977b,Vicktor Campos,2026-05-18,38000,posted,PAUL,1020,1616 Granite,https://drive.google.com/file/d/1KGgz1oiM2OgyQlCQPpONBphvpEulCm4Q/view?usp=drivesdk,https://mail.google.com/mail/u/0/#all/19eb74ea0bc8977b,1,0
PROP-668,1616 Granite RECONCILED,,4,2026-05-27,Home Depot,Cooktop,59654,"[true, false]",,strong,gm-19e8f7613aa25c25,The Home Depot,2026-05-27,59654,pending,PAUL,1040,104 Ashburne,,https://mail.google.com/mail/u/0/#all/19e8f7613aa25c25,1,0
PROP-669,1616 Granite RECONCILED,,5,2026-05-27,Home Depot,Paper Towels,160,"[true, false]",,strong,gm-19e8f76c3b9efa8e,The Home Depot,2026-05-27,2700,posted,PAUL,1030,1616 Granite,https://drive.google.com/file/d/1KDhFh27_UAb0rDWG8DOgO68S8emtlIBm/view?usp=drivesdk,https://mail.google.com/mail/u/0/#all/19e8f76c3b9efa8e,3,0
PROP-670,1616 Granite RECONCILED,,5,2026-05-27,City of Waxahachie,Water,10395,"[true, false]",,strong,gm-19e8f76eff8186bc,City of Waxahachie,2026-05-27,10395,posted,PAUL,1120,1616 Granite,https://drive.google.com/file/d/1KA7W8a3biUeTpwy4iqLnXFCpnCglvo3D/view?usp=drivesdk,https://mail.google.com/mail/u/0/#all/19e8f76eff8186bc,1,0
PROP-671,1616 Granite RECONCILED,,6,2026-05-27,Home Depot,Sponges,377,"[true, false]",,strong,gm-19e8f76c3b9efa8e,The Home Depot,2026-05-27,2700,posted,PAUL,1030,1616 Granite,https://drive.google.com/file/d/1KDhFh27_UAb0rDWG8DOgO68S8emtlIBm/view?usp=drivesdk,https://mail.google.com/mail/u/0/#all/19e8f76c3b9efa8e,3,0
PROP-672,1616 Granite RECONCILED,,6,2026-06-16,TXU,Electricity,16117,"[true, false]",,weak,gm-19ed79b1f9970494,TXU Energy,2026-06-17,0,dismissed,PAUL,,,,https://mail.google.com/mail/u/0/#all/19ed79b1f9970494,0,
PROP-673,1616 Granite RECONCILED,,7,2026-05-27,Home Depot,Orange Peel,2163,"[true, false]",,strong,gm-19e8f76c3b9efa8e,The Home Depot,2026-05-27,2700,posted,PAUL,1030,1616 Granite,https://drive.google.com/file/d/1KDhFh27_UAb0rDWG8DOgO68S8emtlIBm/view?usp=drivesdk,https://mail.google.com/mail/u/0/#all/19e8f76c3b9efa8e,3,0
PROP-674,1616 Granite RECONCILED,,7,2026-07-25,TXU,Electricity,26176,"[true, false]",,strong,gm-19f98359d5c7120b,TXU Energy,2026-07-25,26176,dismissed,PAUL,1120,1616 Granite,https://drive.google.com/file/d/1NkIRl3lCU_x2OnVeFqB_73AvZzv27acp/view?usp=drivesdk,https://mail.google.com/mail/u/0/#all/19f98359d5c7120b,1,0
PROP-675,1616 Granite RECONCILED,,8,2026-05-28,Home Depot,Grass Seed,34627,"[true, false]",,strong,gm-19e8f7927b019869,The Home Depot,2026-05-28,40683,posted,PAUL,1030,1616 Granite,https://drive.google.com/file/d/1-D7gy0eoO-BCQI5WatCIdE_RbkFiYJFN/view?usp=drivesdk,https://mail.google.com/mail/u/0/#all/19e8f7927b019869,3,-1
PROP-676,1616 Granite RECONCILED,,8,2026-07-29,City of Waxahachie,Water,95002,"[true, false]",,strong,gm-19fae353e2050985,City of Waxahachie - Utility Billing (Municipal Online Payments),2026-07-29,95002,pending,PAUL,1120,1616 Granite,,https://mail.google.com/mail/u/0/#all/19fae353e2050985,1,0
PROP-677,1616 Granite RECONCILED,,9,2026-05-28,Home Depot,Landscape Fabric Staples,1729,"[true, false]",,strong,gm-19e8f7927b019869,The Home Depot,2026-05-28,40683,posted,PAUL,1030,1616 Granite,https://drive.google.com/file/d/1-D7gy0eoO-BCQI5WatCIdE_RbkFiYJFN/view?usp=drivesdk,https://mail.google.com/mail/u/0/#all/19e8f7927b019869,3,-1
PROP-678,1616 Granite RECONCILED,,10,2026-05-28,Home Depot,Paint,5712,"[true, false]",,strong,gm-19e8f7902ff23d1b,The Home Depot,2026-05-28,5712,posted,PAUL,1030,1616 Granite,https://drive.google.com/file/d/1GWLZfqaMYhP-Y4kM5F9NRbBQW_n136mc/view?usp=drivesdk,https://mail.google.com/mail/u/0/#all/19e8f7902ff23d1b,1,0
PROP-679,1616 Granite RECONCILED,,11,2026-05-29,Home Depot,Batteries for door lock,473,"[true, false]",,strong,gm-19e8f7c50d0fbad4,The Home Depot,2026-05-29,2965,posted,PAUL,1030,1616 Granite,https://drive.google.com/file/d/1B1dGPUwTiBzqegKQxibYNT5iewFFY6Bu/view?usp=drivesdk,https://mail.google.com/mail/u/0/#all/19e8f7c50d0fbad4,1,2492
PROP-680,1616 Granite RECONCILED,,12,2026-05-29,Home Depot,Toilet Parts,2379,"[true, false]",,weak,gm-19e758f6dc2ba281,The Home Depot,2026-05-29,-5036,pending,PAUL,1030,1616 Granite,,https://mail.google.com/mail/u/0/#all/19e758f6dc2ba281,0,
PROP-681,1616 Granite RECONCILED,,13,2026-05-29,Home Depot,Irrigation Elbos,417,"[true, false]",,strong,gm-19e8f7c1c4dffe11,The Home Depot,2026-05-29,3598,dismissed,PAUL,1030,1616 Granite,https://drive.google.com/file/d/1mM6xKvjYrp11VBIzPIs1r8nol5mloVTV/view?usp=drivesdk,https://mail.google.com/mail/u/0/#all/19e8f7c1c4dffe11,2,2838
PROP-682,1616 Granite RECONCILED,,14,2026-05-29,Home Depot,Door Stop,343,"[true, false]",,strong,gm-19e8f7c1c4dffe11,The Home Depot,2026-05-29,3598,dismissed,PAUL,1030,1616 Granite,https://drive.google.com/file/d/1mM6xKvjYrp11VBIzPIs1r8nol5mloVTV/view?usp=drivesdk,https://mail.google.com/mail/u/0/#all/19e8f7c1c4dffe11,2,2838
PROP-683,1616 Granite RECONCILED,,15,2026-05-29,Home Depot,Black Mulch,7946,"[true, false]",,strong,gm-19e8f79b34b79d66,The Home Depot,2026-05-29,7946,dismissed,PAUL,1030,1616 Granite,https://drive.google.com/file/d/1ddFY7shCHFkEovk509ctlzLviMicNutt/view?usp=drivesdk,https://mail.google.com/mail/u/0/#all/19e8f79b34b79d66,1,0
PROP-684,1616 Granite RECONCILED,,16,2026-05-29,Home Depot,Black Spray Paint,756,"[true, false]",,strong,gm-19e8f79855b1df77,The Home Depot,2026-05-29,30327,posted,PAUL,1030,1616 Granite,,https://mail.google.com/mail/u/0/#all/19e8f79855b1df77,2,29140
PROP-685,1616 Granite RECONCILED,,17,2026-05-29,Home Depot,Door Stop,431,"[true, false]",,strong,gm-19e8f79855b1df77,The Home Depot,2026-05-29,30327,posted,PAUL,1030,1616 Granite,,https://mail.google.com/mail/u/0/#all/19e8f79855b1df77,2,29140
PROP-686,1616 Granite RECONCILED,,18,2026-05-29,Home Depot,Lawn Utility Box,6453,"[true, false]",,weak,gm-19e758f6dc2ba281,The Home Depot,2026-05-29,-5036,pending,PAUL,1030,1616 Granite,,https://mail.google.com/mail/u/0/#all/19e758f6dc2ba281,0,
PROP-687,1616 Granite RECONCILED,,19,2026-05-29,Home Depot,Toilet Seat,3245,"[true, false]",,weak,gm-19e758f6dc2ba281,The Home Depot,2026-05-29,-5036,pending,PAUL,1030,1616 Granite,,https://mail.google.com/mail/u/0/#all/19e758f6dc2ba281,0,
PROP-688,1616 Granite RECONCILED,,20,2026-05-29,Home Depot,Irrigation Couplings,371,"[true, false]",,weak,gm-19e758f6dc2ba281,The Home Depot,2026-05-29,-5036,pending,PAUL,1030,1616 Granite,,https://mail.google.com/mail/u/0/#all/19e758f6dc2ba281,0,
PROP-689,1616 Granite RECONCILED,,21,2026-05-29,Home Depot,Plastic Edging,19462,"[true, false]",,weak,gm-19e758f6dc2ba281,The Home Depot,2026-05-29,-5036,pending,PAUL,1030,1616 Granite,,https://mail.google.com/mail/u/0/#all/19e758f6dc2ba281,0,
PROP-690,1616 Granite RECONCILED,,22,2026-05-30,Lowes,Door Mat,1405,"[true, false]",,weak,gm-19e79a903622d62d,"Lowe's Home Centers, LLC",2026-05-30,2458,pending,PAUL,,,,https://mail.google.com/mail/u/0/#all/19e79a903622d62d,2,
PROP-691,1616 Granite RECONCILED,,23,2026-05-30,Lowes,Irrigation Riser,92,"[true, false]",,weak,gm-19e79a903622d62d,"Lowe's Home Centers, LLC",2026-05-30,2458,pending,PAUL,,,,https://mail.google.com/mail/u/0/#all/19e79a903622d62d,2,
PROP-692,1616 Granite RECONCILED,,24,2026-05-30,Lowes,Irrigation Sprinkler,961,"[true, false]",,weak,gm-19e79a903622d62d,"Lowe's Home Centers, LLC",2026-05-30,2458,pending,PAUL,,,,https://mail.google.com/mail/u/0/#all/19e79a903622d62d,2,
PROP-693,1616 Granite RECONCILED,,25,2026-05-30,Home Depot,Wire Nuts,485,"[true, false]",,strong,gm-19e8f7d48435a6ab,The Home Depot,2026-05-30,783,pending,PAUL,1030,1616 Granite,,https://mail.google.com/mail/u/0/#all/19e8f7d48435a6ab,1,298
PROP-694,1616 Granite RECONCILED,,26,2026-05-30,Home Depot,Ring Door Bell,4329,"[true, false]",,strong,gm-19e8f7d279f40059,The Home Depot,2026-05-30,4514,posted,PAUL,1040,1616 Granite,https://drive.google.com/file/d/1zSpPFW_mjzMdrMO7fK0A4VmO47ZMCLAI/view?usp=drivesdk,https://mail.google.com/mail/u/0/#all/19e8f7d279f40059,1,185
PROP-695,1616 Granite RECONCILED,,27,2026-05-30,Home Depot,Irrigation Bubbler,187,"[true, false]",,weak,gm-19e79a903622d62d,"Lowe's Home Centers, LLC",2026-05-30,2458,pending,PAUL,,,,https://mail.google.com/mail/u/0/#all/19e79a903622d62d,2,
PROP-696,1616 Granite RECONCILED,,28,2026-05-31,Lowes,Floor Paint,4220,"[true, false]",,strong,gm-19e8f7e31d1a4101,"Lowe's Home Centers, LLC",2026-05-31,4220,posted,PAUL,1030,1616 Granite,,https://mail.google.com/mail/u/0/#all/19e8f7e31d1a4101,1,0
PROP-697,1616 Granite RECONCILED,,29,2026-05-31,Home Depot,Roller Cover,506,"[true, false]",,strong,gm-19e8f7e6652f7e3e,The Home Depot,2026-05-31,5174,pending,PAUL,1030,1616 Granite,,https://mail.google.com/mail/u/0/#all/19e8f7e6652f7e3e,2,3751
PROP-698,1616 Granite RECONCILED,,30,2026-05-31,Home Depot,Concrete Stain,4328,"[true, false]",,strong,gm-19e8f7927b019869,The Home Depot,2026-05-28,40683,posted,PAUL,1030,1616 Granite,https://drive.google.com/file/d/1-D7gy0eoO-BCQI5WatCIdE_RbkFiYJFN/view?usp=drivesdk,https://mail.google.com/mail/u/0/#all/19e8f7927b019869,3,-1
PROP-699,1616 Granite RECONCILED,,31,2026-05-31,Home Depot,Irrigation Sprinkler,917,"[true, false]",,strong,gm-19e8f7e6652f7e3e,The Home Depot,2026-05-31,5174,pending,PAUL,1030,1616 Granite,,https://mail.google.com/mail/u/0/#all/19e8f7e6652f7e3e,2,3751
PROP-700,1616 Granite RECONCILED,,32,2026-05-29,Julio & Friend,Landscaping,60000,"[true, false]",,weak,gm-19e4a94c6d49832a,Julio (last name unknown),2026-05-21,25000,pending,DENNIS,1020,104 Ashburne,,https://mail.google.com/mail/u/0/#all/19e4a94c6d49832a,1,
PROP-701,1616 Granite RECONCILED,,33,2026-05-27,Amazon,Curtain Rods,7265,"[true, false]",,weak,gm-19e8ed8492f559bc,"Anthropic, PBC",2026-06-03,2000,pending,PAUL,6400,OVERHEAD,,https://mail.google.com/mail/u/0/#all/19e8ed8492f559bc,1,
PROP-702,1616 Granite RECONCILED,,34,2026-05-27,Amazon,Curtain Rods & Door Lock,10515,"[true, false]",,weak,gm-19e8ed8492f559bc,"Anthropic, PBC",2026-06-03,2000,pending,PAUL,6400,OVERHEAD,,https://mail.google.com/mail/u/0/#all/19e8ed8492f559bc,1,
PROP-703,1616 Granite RECONCILED,,35,2026-05-27,Amazon,Exterior Light,11142,"[true, false]",,weak,gm-19e8ed8492f559bc,"Anthropic, PBC",2026-06-03,2000,pending,PAUL,6400,OVERHEAD,,https://mail.google.com/mail/u/0/#all/19e8ed8492f559bc,1,
PROP-704,1616 Granite RECONCILED,,36,2026-05-27,Amazon,Curtain Rods,3080,"[true, false]",,weak,gm-19e8ed8492f559bc,"Anthropic, PBC",2026-06-03,2000,pending,PAUL,6400,OVERHEAD,,https://mail.google.com/mail/u/0/#all/19e8ed8492f559bc,1,
PROP-705,1616 Granite RECONCILED,,37,2026-06-01,50floor,Carpet,131900,"[true, false]",,none,,,,,,,,,,,0,
PROP-706,1616 Granite RECONCILED,,38,2026-06-01,Mariana,Mariana,50000,"[true, false]",,weak,gm-19f138efc8a67a8f,Mariana (cleaner),2026-06-29,50000,pending,PAUL,1020,136 Bowling Green,,https://mail.google.com/mail/u/0/#all/19f138efc8a67a8f,1,
PROP-707,1616 Granite RECONCILED,,39,2026-06-02,Tom Thumb,Light Bulbs,1945,"[true, false]",,strong,gm-19e8f7ef66615f5a,Tom Thumb,2026-06-02,3187,pending,PAUL,1030,1616 Granite,,https://mail.google.com/mail/u/0/#all/19e8f7ef66615f5a,1,1242
PROP-708,1616 Granite RECONCILED,,40,2026-06-02,Julio + Friend,Landscaping,60000,"[true, false]",,none,,,,,,,,,,,0,
PROP-709,1616 Granite RECONCILED,,41,2026-06-12,50floor,Carpet,131900,"[true, false]",,strong,gm-19ebc1789358c9a5,50Floor,2026-06-12,133900,pending,PAUL,1020,1616 Granite,,https://mail.google.com/mail/u/0/#all/19ebc1789358c9a5,1,2000
PROP-710,1616 Granite RECONCILED,,43,2026-06-28,Home Depot,Toilet Kits,4001,"[true, false]",,weak,gm-19eb75e58b4bc3fe,North Texas Tollway Authority (NTTA),2026-06-11,4000,posted,PAUL,6610,OVERHEAD,https://drive.google.com/file/d/1y4tt6392UFms37t0n3NDUB7ul-O4iZsb/view?usp=drivesdk,https://mail.google.com/mail/u/0/#all/19eb75e58b4bc3fe,1,
PROP-711,1616 Granite RECONCILED,,44,2026-06-26,Julio,Landscaping,20000,"[true, false]",,strong,gm-19f0452f77f79ab8,"Julio (subcontractor, full name not given)",2026-06-26,20000,pending,PAUL,1020,1616 Granite,,https://mail.google.com/mail/u/0/#all/19f0452f77f79ab8,1,0
PROP-712,1616 Granite RECONCILED,,45,2026-06-29,Lowes,Furnace Filter,3786,"[true, false]",,strong,gm-19f154ce61fa47c1,"Lowe's Home Centers, LLC",2026-06-29,3786,posted,PAUL,1030,1616 Granite,https://drive.google.com/file/d/1HpPWmv87OLa3ovLJE_5LOtJgZyoFJ-kP/view?usp=drivesdk,https://mail.google.com/mail/u/0/#all/19f154ce61fa47c1,1,0
PROP-713,1616 Granite RECONCILED,,46,2026-06-29,Lowes,Spring Hinges,4326,"[true, false]",,strong,gm-19f15bb914268174,"Lowe's Home Centers, LLC",2026-06-29,4326,posted,PAUL,1030,1616 Granite,https://drive.google.com/file/d/1F69YenaiFerPpinCYk8-9YPs9YYUNIRX/view?usp=drivesdk,https://mail.google.com/mail/u/0/#all/19f15bb914268174,1,0
PROP-714,1616 Granite RECONCILED,,47,2026-07-07,Community Archives,HOA Right to Sell,46500,"[true, false]",,strong,gm-19f3f5b5bd0654e2,Community Archives (Goodwin &amp; Company),2026-07-07,46500,pending,PAUL,1310,1616 Granite,,https://mail.google.com/mail/u/0/#all/19f3f5b5bd0654e2,1,0
PROP-715,1616 Granite RECONCILED,,48,2026-07-03,Daniel/Roofer,Roof Repair,30000,"[false, true]",,strong,gm-19f3f6f42dde4929,Daniel (Roofer),2026-07-03,30000,posted,PAUL,1020,1616 Granite,https://drive.google.com/file/d/1ZJ0zd0LF5MsGnUIJY5UzEjLMRMNLfnn-/view?usp=drivesdk,https://mail.google.com/mail/u/0/#all/19f3f6f42dde4929,1,0
PROP-716,1616 Granite RECONCILED,,49,2026-07-07,Effren - 1372,Landscaping,7000,"[true, false]",,strong,gm-19f99daa6dab8453,Falcon Creek Lawn Care,2026-07-07,53500,pending,PAUL,1130,1616 Granite,,https://mail.google.com/mail/u/0/#all/19f99daa6dab8453,5,-1500
PROP-717,1616 Granite RECONCILED,,50,2026-06-12,Julio,Landscaping,20000,"[false, true]",,weak,gm-19f0452f77f79ab8,"Julio (subcontractor, full name not given)",2026-06-26,20000,pending,PAUL,1020,1616 Granite,,https://mail.google.com/mail/u/0/#all/19f0452f77f79ab8,1,
PROP-718,1616 Granite RECONCILED,,51,2026-06-22,Julio,Landscaping,20000,"[false, true]",,weak,gm-19f0452f77f79ab8,"Julio (subcontractor, full name not given)",2026-06-26,20000,pending,PAUL,1020,1616 Granite,,https://mail.google.com/mail/u/0/#all/19f0452f77f79ab8,1,
PROP-719,1616 Granite RECONCILED,,52,2026-07-15,Effren - 1373,Landscaping,11000,"[true, false]",,weak,gm-19fb337be62617b6,Falcon Creek Lawn Care,2026-07-19,47000,posted,PAUL,1130,136 Bowling Green,https://drive.google.com/file/d/1-1m_RG1m8TfjPZ4u4e45iEVZK_BG9pNO/view?usp=drivesdk,https://mail.google.com/mail/u/0/#all/19fb337be62617b6,0,
PROP-720,1616 Granite RECONCILED,,53,2026-07-24,Effren - 1374,Landscaping,7000,"[true, false]",,strong,gm-19f99daa6dab8453,Falcon Creek Lawn Care,2026-07-07,53500,pending,PAUL,1130,1616 Granite,,https://mail.google.com/mail/u/0/#all/19f99daa6dab8453,5,-1500
PROP-721,1616 Granite RECONCILED,,54,2026-05-08,Home Depot,Weed and Feed,10706,"[false, true]",,weak,gm-19e0304909d9e7ca,The Home Depot,2026-05-07,-10695,pending,PAUL,1030,104 Ashburne,,https://mail.google.com/mail/u/0/#all/19e0304909d9e7ca,0,
PROP-722,1616 Granite RECONCILED,,55,2026-06-22,Home Depot,Mulch,26455,"[false, true]",,weak,gm-19f1526194ff1558,The Home Depot,2026-06-29,6263,pending,PAUL,1030,1616 Granite,,https://mail.google.com/mail/u/0/#all/19f1526194ff1558,0,
PROP-723,1616 Granite RECONCILED,,56,2026-06-10,Lowes,Floor Paint,3797,"[false, true]",,weak,gm-19ec7c49ce79aefb,Uber Eats,2026-06-14,3797,dismissed,PAUL,,,,https://mail.google.com/mail/u/0/#all/19ec7c49ce79aefb,0,
PROP-724,1616 Granite RECONCILED,,57,2026-05-26,Sherwin WIlliams,Sherwin WIllains,2424,"[false, true]",,none,,,,,,,,,,,0,
PROP-725,1616 Granite RECONCILED,,58,2026-05-26,Sherwin WIlliams,Sherwin WIllains,3381,"[false, true]",,none,,,,,,,,,,,0,
PROP-726,1616 Granite RECONCILED,,59,2026-08-05,Verity Plumbing,Misc plumbing,152646,"[true, false]",,strong,gm-19fd4fc19fb9a050,Verity Plumbing,2026-08-05,152646,pending,UNKNOWN,1020,1616 Granite,,https://mail.google.com/mail/u/0/#all/19fd4fc19fb9a050,1,0
PROP-727,280 Sparkling RECONCILED,,3,2026-06-20,Home Depot,Paint Supplies,4326,"[true, false]",,strong,gm-19ee5f9ddc58dccf,The Home Depot,2026-06-20,4326,error,PAUL,1030,280 Sparkling,,https://mail.google.com/mail/u/0/#all/19ee5f9ddc58dccf,1,0
PROP-728,280 Sparkling RECONCILED,,4,2026-06-21,Home Depot,Paint Roller Trays,647,"[true, false]",,strong,gm-19eea5d1a93a9656,The Home Depot,2026-06-21,1019,posted,PAUL,1030,280 Sparkling,https://drive.google.com/file/d/1TCuGcstnP2KBJcC9loCD_5AzWMKCGOC1/view?usp=drivesdk,https://mail.google.com/mail/u/0/#all/19eea5d1a93a9656,2,1
PROP-729,280 Sparkling RECONCILED,,5,2026-06-21,Home Depot,Irrigation Parts,371,"[true, false]",,strong,gm-19eea5d1a93a9656,The Home Depot,2026-06-21,1019,posted,PAUL,1030,280 Sparkling,https://drive.google.com/file/d/1TCuGcstnP2KBJcC9loCD_5AzWMKCGOC1/view?usp=drivesdk,https://mail.google.com/mail/u/0/#all/19eea5d1a93a9656,2,1
PROP-730,280 Sparkling RECONCILED,,6,2026-06-22,Home Depot,Drop Cloth,3245,"[true, false]",,strong,gm-19ef063b7f56ea6f,The Home Depot,2026-06-22,4672,posted,PAUL,1030,280 Sparkling,https://drive.google.com/file/d/1V57oFP9HHqrdCTwVOxZz18JicVofDTa_/view?usp=drivesdk,https://mail.google.com/mail/u/0/#all/19ef063b7f56ea6f,2,0
PROP-731,280 Sparkling RECONCILED,,7,2026-06-22,Home Depot,Celing Paint,1427,"[true, false]",,strong,gm-19ef063b7f56ea6f,The Home Depot,2026-06-22,4672,posted,PAUL,1030,280 Sparkling,https://drive.google.com/file/d/1V57oFP9HHqrdCTwVOxZz18JicVofDTa_/view?usp=drivesdk,https://mail.google.com/mail/u/0/#all/19ef063b7f56ea6f,2,0
PROP-732,280 Sparkling RECONCILED,,8,2026-06-22,Home Depot,Paint,1254,"[true, false]",,strong,gm-19ef1303ff9ed1ad,The Home Depot,2026-06-22,1254,dismissed,PAUL,1030,280 Sparkling,https://drive.google.com/file/d/1tGHwVjQ2cNH_-2QnzM_ib79tfKLpsw_h/view?usp=drivesdk,https://mail.google.com/mail/u/0/#all/19ef1303ff9ed1ad,1,0
PROP-733,280 Sparkling RECONCILED,,9,2026-06-23,Home Depot,Roller Covers,1080,"[true, false]",,strong,gm-19ef4d5d26caf1e4,The Home Depot,2026-06-23,3243,posted,PAUL,1030,280 Sparkling,https://drive.google.com/file/d/12Dzamd9VRE1uX-U4VIhFdN0oOy-xVPP-/view?usp=drivesdk,https://mail.google.com/mail/u/0/#all/19ef4d5d26caf1e4,2,0
PROP-734,280 Sparkling RECONCILED,,10,2026-06-23,Home Depot,Wall Texture,2163,"[true, false]",,strong,gm-19ef4d5d26caf1e4,The Home Depot,2026-06-23,3243,posted,PAUL,1030,280 Sparkling,https://drive.google.com/file/d/12Dzamd9VRE1uX-U4VIhFdN0oOy-xVPP-/view?usp=drivesdk,https://mail.google.com/mail/u/0/#all/19ef4d5d26caf1e4,2,0
PROP-735,280 Sparkling RECONCILED,,11,2026-06-23,Sherwin Williams,Paint,11897,"[true, false]",,strong,gm-19ef53c9b3142449,Sherwin-Williams,2026-06-23,11897,posted,PAUL,1030,280 Sparkling,https://drive.google.com/file/d/1w36fMBjTtsE4LKDMlSaRsNVImhDAauxR/view?usp=drivesdk,https://mail.google.com/mail/u/0/#all/19ef53c9b3142449,1,0
PROP-736,280 Sparkling RECONCILED,,12,2026-06-28,Home Depot,PVC Couplings,403,"[true, false]",,strong,gm-19f1083966df0eb6,The Home Depot,2026-06-28,747,pending,PAUL,1030,280 Sparkling,,https://mail.google.com/mail/u/0/#all/19f1083966df0eb6,1,344
PROP-737,280 Sparkling RECONCILED,,13,2026-06-28,Home Depot,PVC,279,"[true, false]",,strong,gm-19f13a69198b2b6c,The Home Depot,2026-06-29,3740,posted,PAUL,1030,280 Sparkling,https://drive.google.com/file/d/1FGi9_EegpWd4aTwTVME7KCpdXgTVVCT0/view?usp=drivesdk,https://mail.google.com/mail/u/0/#all/19f13a69198b2b6c,2,3219
PROP-738,280 Sparkling RECONCILED,,14,2026-06-28,Home Depot,PVC Couplings,242,"[true, false]",,strong,gm-19f13a69198b2b6c,The Home Depot,2026-06-29,3740,posted,PAUL,1030,280 Sparkling,https://drive.google.com/file/d/1FGi9_EegpWd4aTwTVME7KCpdXgTVVCT0/view?usp=drivesdk,https://mail.google.com/mail/u/0/#all/19f13a69198b2b6c,2,3219
PROP-739,280 Sparkling RECONCILED,,15,2026-06-28,Home Depot,Painters Towels,993,"[true, false]",,weak,gm-19eea5d1a93a9656,The Home Depot,2026-06-21,1019,posted,PAUL,1030,280 Sparkling,https://drive.google.com/file/d/1TCuGcstnP2KBJcC9loCD_5AzWMKCGOC1/view?usp=drivesdk,https://mail.google.com/mail/u/0/#all/19eea5d1a93a9656,2,
PROP-740,280 Sparkling RECONCILED,,16,2026-06-28,Home Depot,PVC Cement,1622,"[true, false]",,weak,gm-19f1083966df0eb6,The Home Depot,2026-06-28,747,pending,PAUL,1030,280 Sparkling,,https://mail.google.com/mail/u/0/#all/19f1083966df0eb6,1,
PROP-741,280 Sparkling RECONCILED,,17,2026-06-04,Julio,Landscaping,20000,"[true, false]",,weak,gm-19ea4315de57f9f1,CoreLogic Inc (Cotality),2026-06-07,20000,pending,PAUL,6300,OVERHEAD,,https://mail.google.com/mail/u/0/#all/19ea4315de57f9f1,1,
PROP-742,280 Sparkling RECONCILED,,18,2026-06-27,Home Depot,PVC Couplings,201,"[false, true]",,strong,gm-19f3f68f0a53b2e9,The Home Depot,2026-06-27,201,posted,PAUL,1030,280 Sparkling,,https://mail.google.com/mail/u/0/#all/19f3f68f0a53b2e9,1,0
PROP-743,280 Sparkling RECONCILED,,19,2026-07-07,Effren - 1372,Landscaping,5500,"[true, false]",,strong,gm-19f3f5c3cbc8f50e,Falcon Creek Lawn Care,2026-07-07,53500,pending,PAUL,1130,280 Sparkling,,https://mail.google.com/mail/u/0/#all/19f3f5c3cbc8f50e,2,42500
PROP-744,280 Sparkling RECONCILED,,20,2026-06-25,Mission Real Estate Group,MLS Listing,29900,"[false, true]",,weak,gm-19f3911357838426,"CoreLogic Solutions, LLC",2026-06-30,20000,pending,PAUL,6300,OVERHEAD,,https://mail.google.com/mail/u/0/#all/19f3911357838426,1,
PROP-745,280 Sparkling RECONCILED,,21,2026-07-19,Effren - 1373,Landscaping,11000,"[true, false]",,weak,gm-19fb337be62617b6,Falcon Creek Lawn Care,2026-07-19,47000,posted,PAUL,1130,136 Bowling Green,https://drive.google.com/file/d/1-1m_RG1m8TfjPZ4u4e45iEVZK_BG9pNO/view?usp=drivesdk,https://mail.google.com/mail/u/0/#all/19fb337be62617b6,0,
PROP-746,280 Sparkling RECONCILED,,22,2026-07-24,Community Archives,HOA release,48500,"[true, false]",,strong,gm-19f956c4d89292d8,Community Archives (Goodwin &amp; Company),2026-07-23,48500,pending,PAUL,1010,280 Sparkling,,https://mail.google.com/mail/u/0/#all/19f956c4d89292d8,1,0
PROP-747,280 Sparkling RECONCILED,,23,2026-08-03,NEXGEN SEAMLESS GUTTERS,Roof Repair,20000,"[false, true]",,strong,gm-19fc7a31eae2a240,NexGen Seamless Gutters,2026-08-03,20000,pending,UNKNOWN,1020,280 Sparkling,,https://mail.google.com/mail/u/0/#all/19fc7a31eae2a240,1,0
PROP-748,280 Sparkling RECONCILED,,24,2026-08-05,Effren - 1374,Landscaping,5500,"[true, false]",,strong,gm-19f3f5c3cbc8f50e,Falcon Creek Lawn Care,2026-07-07,53500,pending,PAUL,1130,280 Sparkling,,https://mail.google.com/mail/u/0/#all/19f3f5c3cbc8f50e,2,42500
PROP-749,280 Sparkling RECONCILED,,25,2026-06-23,Home Depot,Mulch,24815,"[false, true]",,strong,gm-19fdc01a4d613ee4,"Various (Paul's handwritten expense log - Julio, DL, City of Waxahachie, Home Depot, Walmart)",2026-08-07,106497,pending,UNKNOWN,1030,280 Sparkling,,https://mail.google.com/mail/u/0/#all/19fdc01a4d613ee4,6,60201
PROP-750,280 Sparkling RECONCILED,,26,2026-06-23,Home Depot,Laandscape Staples,6056,"[false, true]",,strong,gm-19fdc01a4d613ee4,"Various (Paul's handwritten expense log - Julio, DL, City of Waxahachie, Home Depot, Walmart)",2026-08-07,106497,pending,UNKNOWN,1030,280 Sparkling,,https://mail.google.com/mail/u/0/#all/19fdc01a4d613ee4,6,60201
PROP-751,280 Sparkling RECONCILED,,27,2026-07-01,Home Depot,PVC Couplings,133,"[false, true]",,strong,gm-19fdc01a4d613ee4,"Various (Paul's handwritten expense log - Julio, DL, City of Waxahachie, Home Depot, Walmart)",2026-08-07,106497,pending,UNKNOWN,1030,280 Sparkling,,https://mail.google.com/mail/u/0/#all/19fdc01a4d613ee4,6,60201
PROP-752,280 Sparkling RECONCILED,,28,2026-06-12,Julio,Landscaping,20000,"[false, true]",,weak,gm-19ea4315de57f9f1,CoreLogic Inc (Cotality),2026-06-07,20000,pending,PAUL,6300,OVERHEAD,,https://mail.google.com/mail/u/0/#all/19ea4315de57f9f1,1,
PROP-753,280 Sparkling RECONCILED,,29,2026-06-28,Home Depot,PVC,647,"[false, true]",,strong,gm-19fdc01a4d613ee4,"Various (Paul's handwritten expense log - Julio, DL, City of Waxahachie, Home Depot, Walmart)",2026-08-07,106497,pending,UNKNOWN,1030,280 Sparkling,,https://mail.google.com/mail/u/0/#all/19fdc01a4d613ee4,6,60201
PROP-754,280 Sparkling RECONCILED,,30,2026-06-27,Home Depot,PVC,572,"[false, true]",,strong,gm-19fdc01a4d613ee4,"Various (Paul's handwritten expense log - Julio, DL, City of Waxahachie, Home Depot, Walmart)",2026-08-07,106497,pending,UNKNOWN,1030,280 Sparkling,,https://mail.google.com/mail/u/0/#all/19fdc01a4d613ee4,6,60201
PROP-755,280 Sparkling RECONCILED,,31,2026-06-27,Walmart,Fertilizer,14073,"[false, true]",,strong,gm-19fdc01a4d613ee4,"Various (Paul's handwritten expense log - Julio, DL, City of Waxahachie, Home Depot, Walmart)",2026-08-07,106497,pending,UNKNOWN,1030,280 Sparkling,,https://mail.google.com/mail/u/0/#all/19fdc01a4d613ee4,6,60201
PROP-756,280 Sparkling RECONCILED,,32,2026-06-02,Home Depot,Door Lock Set,3401,"[false, true]",,strong,gm-19f22f9951be5a8d,The Home Depot,2026-06-02,3401,posted,PAUL,1030,280 Sparkling,https://drive.google.com/file/d/1RLMUeoNO3L3Zv1eHOXoyRmNykG_V3Bs8/view?usp=drivesdk,https://mail.google.com/mail/u/0/#all/19f22f9951be5a8d,1,0
PROP-757,280 Sparkling RECONCILED,,36,2026-06-16,TXU,Electricity,16117,"[true, false]",,strong,gm-19ed0e0fdd1f096a,TXU Energy,2026-06-16,16117,posted,PAUL,1120,280 Sparkling,,https://mail.google.com/mail/u/0/#all/19ed0e0fdd1f096a,1,0
PROP-758,280 Sparkling RECONCILED,,37,2026-06-17,Waxahachie Water,Water,20000,"[false, true]",,strong,gm-19f3f6e400041553,City of Waxahachie (water),2026-06-17,20000,posted,PAUL,1120,280 Sparkling,https://drive.google.com/file/d/1fWwlZii0HrQ8xrzhHdA7m0HCULJa6w8R/view?usp=drivesdk,https://mail.google.com/mail/u/0/#all/19f3f6e400041553,1,0
PROP-759,280 Sparkling RECONCILED,,38,2026-08-05,TXU,Electricity,22864,"[true, false]",,weak,gm-19fc94ab6c53f72a,TXU Energy,2026-08-03,16402,pending,UNKNOWN,,,,https://mail.google.com/mail/u/0/#all/19fc94ab6c53f72a,0,
PROP-760,280 Sparkling RECONCILED,,39,2026-08-05,Waxahachie Water,Water,18750,"[true, false]",,strong,gm-19fb54e6cdc547ce,City of Waxahachie - Water Billing Department,2026-07-31,18750,pending,PAUL,,,,https://mail.google.com/mail/u/0/#all/19fb54e6cdc547ce,1,0
PROP-790,Cost Recapture,280 Sparkling,3,2026-09-01,Waxahachie Water,Water,61291,"[false, false, true]",,strong,gm-1a016b2550cd44d5,City of Waxahachie - Water Billing Department,2026-08-14,61291,pending,UNKNOWN,,,,https://mail.google.com/mail/u/0/#all/1a016b2550cd44d5,1,0
PROP-791,Cost Recapture,1616 Granite,4,2026-09-01,Waxahachie Water,Water,44349,"[false, false, true]",,strong,gm-1a016b2fac76a50d,City of Waxahachie - Water Billing Department,2026-08-14,44349,pending,UNKNOWN,,,,https://mail.google.com/mail/u/0/#all/1a016b2fac76a50d,1,0
PROP-792,Cost Recapture,Sparkling & Granite,5,2026-09-01,Waxahachie Water,Card Service Fee,4000,"[false, false, true]",,weak,gm-1a082f33d602358c,Central States Water Resources,2026-09-07,4845,pending,UNKNOWN,1120,366 Mesa,,https://mail.google.com/mail/u/0/#all/1a082f33d602358c,0,
PROP-793,Cost Recapture,280 Sparkling,6,2026-08-18,TXU,Electricity,21364,"[false, false, true]",,strong,gm-1a01692ff072014f,TXU Energy,2026-08-18,21364,pending,UNKNOWN,1120,280 Sparkling,,https://mail.google.com/mail/u/0/#all/1a01692ff072014f,1,0
PROP-794,1616 Granite RECONCILED,,42,2026-06-02,Mission Reg,Listing Fee,29900,"[false, true]","C-12 2026-09-18: the old row has no date, so the inventory dropped it (independent audit finding 1); inside the header SUM and the tab's Dennis Paid $1,466.63. Paul: 'june 2'",none,,,,,,,,,,,0,
